# Static bind-pose geometry from 0 A.D. PSMD v4
# Y-up, original orientation, uniform scale 8; no skinning or attachments
o base
g base
usemtl base
v 0 20.6046238 1.32337523
v 2.27773452 19.4198074 1.44528794
v 0 19.3343525 1.99735439
v 2.81092715 21.1125278 -0.874844015
v 2.06443429 19.4566154 -2.05625916
v 2.88752556 19.8925362 -0.783118248
v 1.95795834 21.5905113 -2.28384161
v 0 19.3545284 -2.77863669
v 2.38056564 26.9427128 2.30242085
v 0 24.8591118 2.63307929
v 0 27.2321835 2.70670891
v 2.03922629 21.9927998 0.883122385
v 0 21.9244881 1.50892246
v 2.79901195 22.4405842 -0.667979658
v 2.22210002 23.212904 -2.43193769
v 0 21.7423992 -2.96578646
v 0 29.0215683 2.04235768
v 1.07306635 29.4924717 1.46882963
v 1.79250801 28.767704 1.74748158
v 2.61893201 28.8385677 0.601242959
v 2.97332811 28.2083912 1.53778565
v 0 27.9957523 -1.44178081
v 0.80701679 28.7642155 -0.137398243
v 0 28.6966076 -0.500715673
v 3.9707551 16.3930397 -0.609713495
v 3.41405129 14.357832 -2.13369989
v 4.26062012 14.4178877 -0.424442708
v 2.24684644 20.4894485 0.810870409
v 2.24684644 20.4894485 0.810870409
v 3.7027967 24.9561672 0.547868252
v 2.82213211 25.2418156 2.28786397
v 3.28871846 25.6695442 0.575303972
v 3.49411201 26.1410561 -1.49073684
v 1.56529677 14.3215199 -2.51975846
v 3.08401608 16.3165607 -2.18392801
v 1.41786802 16.0953674 -2.47118878
v 2.6983273 17.9092407 1.88199604
v 2.95182872 16.3088722 1.86472321
v 2.56387448 24.9898567 -2.6027863
v 0 24.3131046 -2.98652244
v 3.13333511 24.9730072 -1.02745843
v 2.15260482 26.7798405 -1.8206408
v 0 25.3435593 -3.27489829
v 0 29.5661831 1.74016881
v 0.837956786 30.1070881 1.04582155
v 1.47367275 29.1709766 0.498967111
v 1.83939517 28.2616959 -0.59133482
v 1.47367275 29.1709766 0.498967111
v 3.40131116 28.5111046 0.580498159
v 4.1082778 27.8134079 1.45546246
v 2.97332811 28.2083912 1.53778565
v 5.3956089 25.1645126 0.579277933
v 4.91712236 24.6173763 1.94465995
v 4.67858315 26.0354633 1.79050565
v 3.11704731 27.029768 -1.33224797
v 3.17449594 27.0241528 2.01752949
v 2.61893201 28.8385677 0.601242959
v 3.15125918 28.067112 -0.6683411
v 3.40131116 28.5111046 0.580498159
v 3.51052642 26.353384 2.03224874
v 3.17449594 27.0241528 2.01752949
v 4.24455023 26.9817123 1.83407438
v 3.49411201 26.1410561 -1.49073684
v 4.64603758 25.7708321 -0.72929281
v 4.28778744 26.7792072 -0.937945604
v 3.51052642 26.353384 2.03224874
v 5.10913372 26.5995846 0.545951366
v 4.14448881 27.6400242 -0.732177675
v 4.40655422 28.1187286 0.512625217
v 5.03999138 24.3787842 -0.844295204
v 5.57578659 24.501545 0.925642371
v 3.11704731 27.029768 -1.33224797
v 3.15125918 28.067112 -0.6683411
v 5.67248631 23.8570728 0.818525612
v 5.54315138 22.8002567 1.37991285
v 4.05816698 23.8712482 -1.04576957
v 3.78708959 23.8927441 1.86890161
v 3.28871846 25.6695442 0.575303972
v 3.28871846 25.6695442 0.575303972
v 3.5935657 23.79772 0.165348962
v 6.40353298 22.7453671 0.617274702
v 6.35931683 22.0278168 1.39220405
v 5.43322468 22.7793598 -0.47649473
v 5.26649904 22.5920639 1.35996234
v 4.17830324 22.7680073 0.201144636
v 5.0370903 22.0300713 -0.611718178
v 4.17830324 22.7680073 0.201144636
v 7.44415045 19.1953049 -0.875713587
v 7.27260065 18.8807201 -0.319858968
v 6.25019264 22.1872959 -0.56307888
v 5.22745132 21.7239037 1.09185278
v 4.37029696 21.6600552 -0.127951607
v 5.42268181 21.1779766 -0.895967185
v 4.37029696 21.6600552 -0.127951607
v 7.38490057 18.6165123 -0.43848896
v 7.03353977 19.427536 -1.41907036
v 7.55645132 18.8017445 -1.12713516
v 6.54543924 18.9293842 -0.303163052
v 6.3337841 19.2176723 -0.986370385
v 6.44535303 19.3428802 -1.57502162
v 6.3337841 19.2176723 -0.986370385
v 7.38935423 18.8794231 -1.71955121
v 7.71427441 17.1876564 -1.56002319
v 7.25649738 18.5691681 -2.29237509
v 7.26928568 17.605072 -2.42991924
v 6.55765295 18.8481846 -1.84033597
v 6.65773821 18.6670647 -0.428895921
v 6.44608498 18.8104801 -1.22346234
v 6.44608498 18.8104801 -1.22346234
v 7.71427441 17.1876564 -1.56002319
v 7.60779142 17.0166874 -0.605019033
v 6.57855844 16.3496647 -1.54155755
v 6.41249847 16.9600086 -0.47598505
v 6.866961 16.4857674 -0.54954046
v 6.36339664 16.7992725 -1.50313365
v 6.6233058 17.0865841 -0.586760461
v 5.95337582 17.3953514 -1.55454957
v 6.30434322 16.9346161 -2.44897366
v 5.8667202 17.0073929 -2.51359129
v 6.49238491 16.6483364 -2.5002687
v 6.80454493 16.8156471 -0.559007585
v 5.95337582 17.3953514 -1.55454957
v 5.8667202 17.0073929 -2.51359129
v 6.01527357 17.1688728 -2.58608246
v 6.6233058 17.0865841 -0.586760461
v 5.80022144 17.1266556 -1.42114162
v 6.96388626 17.1755676 -2.35305691
v 6.83552408 17.5264645 -2.34391189
v 7.15713453 17.0711288 -0.598131597
v 6.95369673 17.1654797 -2.43186069
v 7.26928568 17.605072 -2.42991924
v 6.83552408 17.5264645 -2.34391189
v 5.95337582 17.3953514 -1.55454957
v 6.01527357 17.1688728 -2.58608246
v 5.73693609 17.7329922 -2.63433528
v 6.55453682 18.4987431 -2.17357445
v 6.49238491 16.6483364 -2.5002687
v 5.80022144 17.1266556 -1.42114162
v 6.96973991 17.1562157 -1.50208879
v 6.96388626 17.1755676 -2.35305691
v 6.05271769 17.5508327 -2.63950801
v 5.85947514 17.778944 -2.74002171
v 6.05271769 17.5508327 -2.63950801
v 6.05271769 17.5508327 -2.63950801
v 5.91850662 17.4874077 -2.48214412
v 0 29.519968 -0.359550387
v 1.04613996 29.8828793 0.41690439
v 0.645105779 29.6792316 -0.054609295
v 0 30.0963764 -0.542378426
v 0.799726009 30.3867912 0.250192642
v 0.799726009 30.3867912 0.250192642
v 0.571592808 30.2238312 -0.231106713
v 0 30.1854076 1.25919604
v 0.681298733 30.5662155 0.892160773
v 0 30.7758083 0.0617241822
v 0.0380835533 30.8020725 0.141914323
v 0.0447039604 30.7920399 0.106028482
v 0.0447039604 30.7920399 0.106028482
v 0.0319514237 30.7829361 0.0791244507
v 0 30.6288872 1.10996556
v 1.12616718 14.3897038 2.73976159
v 0.681263447 16.1173992 2.53828073
v 3.53954887 18.16432 -0.696376801
v 3.18619204 14.430584 2.19431996
v -2.65524077 17.9034405 -2.15567851
v -1.41786802 16.0953674 -2.47118878
v 0 17.7320957 -2.52110314
v 0 20.6046238 1.32337523
v -2.27773452 19.4198074 1.44528794
v -2.24684644 20.4894485 0.810870409
v -2.81092715 21.1125278 -0.874844015
v -2.06443429 19.4566154 -2.05625916
v -1.95795834 21.5905113 -2.28384161
v -2.38056564 26.9427128 2.30242085
v 0 24.8591118 2.63307929
v -2.82213211 25.2418156 2.28786397
v -2.03922629 21.9927998 0.883122385
v -2.79901195 22.4405842 -0.667979658
v -2.22210002 23.212904 -2.43193769
v -1.07306635 29.4924717 1.46882963
v 0 29.0215683 2.04235768
v -1.79250801 28.767704 1.74748158
v -2.97332811 28.2083912 1.53778565
v -2.61893201 28.8385677 0.601242959
v -0.80701679 28.7642155 -0.137398243
v -1.83939517 28.2616959 -0.59133482
v 2.65524077 17.9034405 -2.15567851
v -3.9707551 16.3930397 -0.609713495
v -3.41405129 14.357832 -2.13369989
v -3.08401608 16.3165607 -2.18392801
v -2.24684644 20.4894485 0.810870409
v -2.88752556 19.8925362 -0.783118248
v -2.81092715 21.1125278 -0.874844015
v -2.81092715 21.1125278 -0.874844015
v -3.7027967 24.9561672 0.547868252
v -3.49411201 26.1410561 -1.49073684
v -3.28871846 25.6695442 0.575303972
v -1.56529677 14.3215199 -2.51975846
v -2.6983273 17.9092407 1.88199604
v -3.53954887 18.16432 -0.696376801
v 0 21.9244881 1.50892246
v -2.56387448 24.9898567 -2.6027863
v -3.13333511 24.9730072 -1.02745843
v -2.15260482 26.7798405 -1.8206408
v 0 26.634016 -2.48480868
v -0.837956786 30.1070881 1.04582155
v 0 29.5661831 1.74016881
v -1.47367275 29.1709766 0.498967111
v -1.47367275 29.1709766 0.498967111
v -2.61893201 28.8385677 0.601242959
v -4.1082778 27.8134079 1.45546246
v -3.40131116 28.5111046 0.580498159
v -2.97332811 28.2083912 1.53778565
v -4.91712236 24.6173763 1.94465995
v -5.3956089 25.1645126 0.579277933
v -4.67858315 26.0354633 1.79050565
v -3.15125918 28.067112 -0.6683411
v 0 27.2321835 2.70670891
v -3.51052642 26.353384 2.03224874
v -4.24455023 26.9817123 1.83407438
v -3.17449594 27.0241528 2.01752949
v -4.28778744 26.7792072 -0.937945604
v -4.64603758 25.7708321 -0.72929281
v -3.49411201 26.1410561 -1.49073684
v -3.11704731 27.029768 -1.33224797
v -3.51052642 26.353384 2.03224874
v -5.10913372 26.5995846 0.545951366
v -4.14448881 27.6400242 -0.732177675
v -4.40655422 28.1187286 0.512625217
v -5.03999138 24.3787842 -0.844295204
v -3.11704731 27.029768 -1.33224797
v -3.15125918 28.067112 -0.6683411
v -5.67248631 23.8570728 0.818525612
v -5.57578659 24.501545 0.925642371
v -4.05816698 23.8712482 -1.04576957
v -3.28871846 25.6695442 0.575303972
v -3.28871846 25.6695442 0.575303972
v -3.78708959 23.8927441 1.86890161
v -5.54315138 22.8002567 1.37991285
v -6.40353298 22.7453671 0.617274702
v -5.43322468 22.7793598 -0.47649473
v -4.17830324 22.7680073 0.201144636
v -3.5935657 23.79772 0.165348962
v -4.17830324 22.7680073 0.201144636
v -5.26649904 22.5920639 1.35996234
v -6.35931683 22.0278168 1.39220405
v -7.44415045 19.1953049 -0.875713587
v -6.25019264 22.1872959 -0.56307888
v -5.0370903 22.0300713 -0.611718178
v -5.22745132 21.7239037 1.09185278
v -4.37029696 21.6600552 -0.127951607
v -7.38490057 18.6165123 -0.43848896
v -7.27260065 18.8807201 -0.319858968
v -7.55645132 18.8017445 -1.12713516
v -7.03353977 19.427536 -1.41907036
v -5.42268181 21.1779766 -0.895967185
v -6.54543924 18.9293842 -0.303163052
v -6.3337841 19.2176723 -0.986370385
v -6.3337841 19.2176723 -0.986370385
v -4.37029696 21.6600552 -0.127951607
v -6.41249847 16.9600086 -0.47598505
v -6.57855844 16.3496647 -1.54155755
v -6.866961 16.4857674 -0.54954046
v -7.26928568 17.605072 -2.42991924
v -7.25649738 18.5691681 -2.29237509
v -7.38935423 18.8794231 -1.71955121
v -6.55765295 18.8481846 -1.84033597
v -6.44535303 19.3428802 -1.57502162
v -6.65773821 18.6670647 -0.428895921
v -6.44608498 18.8104801 -1.22346234
v -5.80022144 17.1266556 -1.42114162
v -6.49238491 16.6483364 -2.5002687
v -7.71427441 17.1876564 -1.56002319
v -6.30434322 16.9346161 -2.44897366
v -5.95337582 17.3953514 -1.55454957
v -6.36339664 16.7992725 -1.50313365
v -6.96973991 17.1562157 -1.50208879
v -6.44608498 18.8104801 -1.22346234
v -5.8667202 17.0073929 -2.51359129
v -6.49238491 16.6483364 -2.5002687
v -6.80454493 16.8156471 -0.559007585
v -5.8667202 17.0073929 -2.51359129
v -5.95337582 17.3953514 -1.55454957
v -6.01527357 17.1688728 -2.58608246
v -5.80022144 17.1266556 -1.42114162
v -6.6233058 17.0865841 -0.586760461
v -6.55453682 18.4987431 -2.17357445
v -6.83552408 17.5264645 -2.34391189
v -6.96973991 17.1562157 -1.50208879
v -6.95369673 17.1654797 -2.43186069
v -7.26928568 17.605072 -2.42991924
v -7.39943933 17.3305435 -2.44422078
v -7.15713453 17.0711288 -0.598131597
v -5.73693609 17.7329922 -2.63433528
v 7.31901836 16.6053848 -1.61345685
v 7.36390877 16.6583366 -0.611746252
v -7.71427441 17.1876564 -1.56002319
v -6.05271769 17.5508327 -2.63950801
v -5.85947514 17.778944 -2.74002171
v -6.83552408 17.5264645 -2.34391189
v -6.05271769 17.5508327 -2.63950801
v -1.04613996 29.8828793 0.41690439
v -0.645105779 29.6792316 -0.054609295
v -0.799726009 30.3867912 0.250192642
v -0.799726009 30.3867912 0.250192642
v -1.04613996 29.8828793 0.41690439
v -0.681298733 30.5662155 0.892160773
v 0 30.1854076 1.25919604
v -0.571592808 30.2238312 -0.231106713
v -0.0380835533 30.8020725 0.141914323
v -0.0447039604 30.7920399 0.106028482
v 0 30.6288872 1.10996556
v -1.12616718 14.3897038 2.73976159
v -2.95182872 16.3088722 1.86472321
v -0.681263447 16.1173992 2.53828073
v -4.26062012 14.4178877 -0.424442708
v 0 16.0962563 -2.54892802
v 6.87733698 17.2447205 -2.37367606
v 6.95369673 17.1654797 -2.43186069
v 7.39943933 17.3305435 -2.44422078
v 7.15987206 16.8834553 -2.47732472
v 7.4613409 17.3334808 -2.38778949
v 7.08507681 17.2329197 -1.50381923
v 6.96973991 17.1562157 -1.50208879
v 7.08507681 17.2329197 -1.50381923
v 7.28059101 17.0536957 -0.597484052
v 7.15987206 16.8834553 -2.47732472
v 6.87733698 17.2447205 -2.37367606
v 7.4613409 17.3334808 -2.38778949
v -6.87733698 17.2447205 -2.37367606
v -6.96388626 17.1755676 -2.35305691
v -6.95369673 17.1654797 -2.43186069
v -7.15987206 16.8834553 -2.47732472
v -7.39943933 17.3305435 -2.44422078
v -7.4613409 17.3334808 -2.38778949
v -7.08507681 17.2329197 -1.50381923
v -6.96388626 17.1755676 -2.35305691
v -7.08507681 17.2329197 -1.50381923
v -7.60779142 17.0166874 -0.605019033
v -7.28059101 17.0536957 -0.597484052
v -7.36390877 16.6583366 -0.611746252
v -7.15987206 16.8834553 -2.47732472
v -7.31901836 16.6053848 -1.61345685
v -7.4613409 17.3334808 -2.38778949
v -6.36339664 16.7992725 -1.50313365
v -6.6233058 17.0865841 -0.586760461
v 6.36339664 16.7992725 -1.50313365
v -7.28059101 17.0536957 -0.597484052
v 3.62239671 12.6482239 -1.80907202
v 4.38740301 12.7957678 -0.0344977342
v 1.44867361 12.7380562 2.85979772
v 3.35924315 12.8207283 2.38928652
v -3.62239671 12.6482239 -1.80907202
v -1.96643519 12.5864964 -2.21767926
v -1.44867361 12.7380562 2.85979772
v -3.18619204 14.430584 2.19431996
v -4.38740301 12.7957678 -0.0344977342
v 0 12.5827284 -2.67986012
v 0 14.3284636 -2.71318793
v 0 14.3900156 3.10644245
v 0 16.119648 2.65603828
v 0 14.3900156 3.10644245
v 0 16.119648 2.65603828
v 0 12.7365122 3.31871843
v 0 12.7365122 3.31871843
v 0 17.7333431 2.44064331
v 0 17.7333431 2.44064331
v 0 19.3343525 1.99735439
v 1.96643519 12.5864964 -2.21767926
v -3.5935657 23.79772 0.165348962
v 3.40131116 28.5111046 0.580498159
v 3.5935657 23.79772 0.165348962
v 7.39943933 17.3305435 -2.44422078
v 6.41249847 16.9600086 -0.47598505
v 6.95369673 17.1654797 -2.43186069
v 5.91850662 17.4874077 -2.48214412
v 5.91850662 17.4874077 -2.48214412
v 1.04613996 29.8828793 0.41690439
v 0 30.8055763 0.154089436
v -3.40131116 28.5111046 0.580498159
v -2.24684644 20.4894485 0.810870409
v -2.24684644 20.4894485 0.810870409
v -3.17449594 27.0241528 2.01752949
v -3.40131116 28.5111046 0.580498159
v -7.39943933 17.3305435 -2.44422078
v -6.01527357 17.1688728 -2.58608246
v -6.41249847 16.9600086 -0.47598505
v -6.96388626 17.1755676 -2.35305691
v -6.95369673 17.1654797 -2.43186069
v -5.91850662 17.4874077 -2.48214412
v -5.91850662 17.4874077 -2.48214412
v -6.05271769 17.5508327 -2.63950801
v -5.91850662 17.4874077 -2.48214412
v -0.0319514237 30.7829361 0.0791244507
v -0.0447039604 30.7920399 0.106028482
v 0 30.8055763 0.154089436
v 7.28059101 17.0536957 -0.597484052
v 7.15987206 16.8834553 -2.47732472
v -5.95337582 17.3953514 -1.55454957
v -3.35924315 12.8207283 2.38928652
v 4.26062012 14.4178877 -0.424442708
v 3.41405129 14.357832 -2.13369989
v 1.56529677 14.3215199 -2.51975846
v 1.12616718 14.3897038 2.73976159
v 3.18619204 14.430584 2.19431996
v -3.41405129 14.357832 -2.13369989
v -1.56529677 14.3215199 -2.51975846
v -1.12616718 14.3897038 2.73976159
v -4.26062012 14.4178877 -0.424442708
v 4.38740301 12.7957678 -0.0344977342
v 3.62239671 12.6482239 -1.80907202
v 1.44867361 12.7380562 2.85979772
v 3.35924315 12.8207283 2.38928652
v -3.62239671 12.6482239 -1.80907202
v -1.96643519 12.5864964 -2.21767926
v -1.44867361 12.7380562 2.85979772
v -3.18619204 14.430584 2.19431996
v -4.38740301 12.7957678 -0.0344977342
v 0 14.3284636 -2.71318793
v 0 12.5827284 -2.67986012
v 0 14.3900156 3.10644245
v 0 14.3900156 3.10644245
v 0 12.7365122 3.31871843
v 0 12.7365122 3.31871843
v 1.96643519 12.5864964 -2.21767926
v -3.35924315 12.8207283 2.38928652
v -3.9707551 16.3930397 -0.609713495
v -2.93253207 14.3255444 -1.76858318
v -3.08401608 16.3165607 -2.18392801
v -3.43074155 12.7704239 0.0378894806
v -2.73997211 11.0118561 -0.743707597
v -2.83788323 12.696456 -1.26485765
v -1.7371968 10.9178963 -1.01349914
v -0.665732324 12.6847763 -0.0484051667
v -1.53771758 12.6111517 -1.55137515
v -1.33753121 14.3094482 -2.09095287
v -1.41786802 16.0953674 -2.47118878
v -3.34071994 10.3048964 0.615420341
v -3.23210883 11.2342157 0.402016163
v -1.97826481 9.76434422 -0.579429626
v -0.932543993 11.0037441 0.338067532
v -1.13909125 12.7780724 1.79074955
v -2.56097031 11.2742004 1.78270316
v -2.63562393 12.8315201 1.78496957
v -0.932543993 11.0037441 0.338067532
v -0.665732324 12.6847763 -0.0484051667
v -2.95550251 8.93313599 0.0568633042
v -3.02865672 9.81243992 -0.461725205
v -2.2148447 8.58436775 0.0850195214
v -1.16885924 10.0610962 0.558922708
v -1.31952965 11.1502237 1.75264478
v -2.50725365 10.6597357 2.01846719
v -1.16885924 10.0610962 0.558922708
v -3.975348 7.48946381 1.64820158
v -3.49760556 9.40340805 1.13810074
v -1.44732475 7.08056736 1.59293365
v -1.34435284 9.02250385 1.08996558
v -1.54814315 9.68780804 2.26416564
v -1.45400882 10.506896 1.90008557
v -1.34435284 9.02250385 1.08996558
v -3.56331992 2.01659036 1.55445838
v -3.30815196 6.74230099 0.175300077
v -2.38926077 6.592803 0.272176713
v -2.19008732 1.91880882 1.46250474
v -2.97895122 7.96654177 3.22992396
v -2.64837193 9.92445564 2.36686802
v -1.68724084 7.7124896 3.11164474
v -3.38800478 2.11647201 0.690131128
v -3.03291988 2.03452229 2.35790229
v -1.44732475 7.08056736 1.59293365
v -2.32894397 1.97282076 2.26224637
v -0.964922428 14.3522243 1.82755923
v -2.95182872 16.3088722 1.86472321
v -0.642007291 16.1012154 2.46843123
v -3.63711357 14.3653765 -0.339624882
v -2.83788323 12.696456 -1.26485765
v -1.53771758 12.6111517 -1.55137515
v -1.13909125 12.7780724 1.79074955
v -2.70990801 14.3736639 1.78760004
v -3.43074155 12.7704239 0.0378894806
v -0.665732324 12.6847763 -0.0484051667
v -0.0873894393 14.3862162 -0.0648140907
v 0 15.1100636 -1.84308636
v 0 16.0962563 -2.54892802
v -0.964922428 14.3522243 1.82755923
v -0.665732324 12.6847763 -0.0484051667
v -1.13909125 12.7780724 1.79074955
v 0 16.0901527 2.56809688
v 0 15.1896877 1.67652881
v 0 15.6073685 -0.0539474487
v -2.48090172 2.07445121 0.670560777
v -2.19008732 1.91880882 1.46250474
v -2.63562393 12.8315201 1.78496957
v -0.0873894393 14.3862162 -0.0648140907
v 0 15.1896877 1.67652881
v -4.07011127 0.905431211 -1.49427438
v -2.76019669 1.26144326 -0.892302394
v -3.77627611 1.15606964 -0.606464803
v -2.29845524 0.00980901625 -2.73865509
v -2.80844712 0.00998115167 -1.90969443
v -2.06593609 0.00852011982 -1.52591836
v -2.81662011 1.03062475 -1.78586638
v -2.29788804 0.685244977 -2.73829198
v -2.18977761 1.01657045 -1.62833846
v -2.73961353 0.00945424754 -0.818155229
v -2.23626971 0.00952624809 -0.627362728
v -2.2733376 1.23362005 -0.83808881
v -2.06593609 0.00852011982 -1.52591836
v -2.23626971 0.00952624809 -0.627362728
v -3.91371846 0.00828837603 -0.603613853
v -3.49490571 1.08503842 1.45338404
v -3.91379285 0.00891351234 0.00763058383
v -3.65114808 1.48581195 0.0185828153
v -4.08818102 0.00907849614 -1.49296081
v -3.92170644 0.663222253 -2.38902402
v -2.41211677 0.0114717437 -0.0118255597
v -2.12224555 1.38976395 1.35129595
v -2.2540679 1.47027194 -0.0981020778
v -2.87728 0.0105080558 -3.00123525
v -2.87905669 0.762776315 -3.00055122
v -2.12224555 1.38976395 1.35129595
v -2.23564243 0.00892734434 2.05779362
v -2.37637281 1.42953765 2.35513687
v -2.19054556 1.91841686 1.45859122
v -2.32516789 1.97219598 2.25901127
v -2.19054556 1.91841686 1.45859122
v -3.40039277 0.0216684323 2.15798807
v -3.06745529 1.3008616 2.12834001
v -3.56320643 2.01688075 1.55746806
v -3.02858949 2.0342288 2.35821843
v -3.39238 2.1170001 0.692335129
v -2.92123842 0.0138483038 2.42494011
v -2.84553909 1.37458003 2.32832241
v -2.79328251 0.00892734434 1.38151443
v -2.53499913 0.014067648 2.31504083
v -3.80380559 0.00925492775 1.44252241
v -2.6754775 0.00988721568 -0.00832176022
v -2.3612535 0.00892734434 1.35129595
v -2.41211677 0.0114717437 -0.0118255597
v -2.55678487 1.42005444 2.39054728
v -2.66380167 1.57769358 -0.166627839
v -3.8921361 0.00840663165 -2.39017749
v 3.9707551 16.3930397 -0.609713495
v 3.08401608 16.3165607 -2.18392801
v 2.93253207 14.3255444 -1.76858318
v 3.43074155 12.7704239 0.0378894806
v 2.83788323 12.696456 -1.26485765
v 2.73997211 11.0118561 -0.743707597
v 1.7371968 10.9178963 -1.01349914
v 1.53771758 12.6111517 -1.55137515
v 0.665732324 12.6847763 -0.0484051667
v 1.41786802 16.0953674 -2.47118878
v 1.33753121 14.3094482 -2.09095287
v 3.34071994 10.3048964 0.615420341
v 3.23210883 11.2342157 0.402016163
v 1.97826481 9.76434422 -0.579429626
v 0.932543993 11.0037441 0.338067532
v 1.13909125 12.7780724 1.79074955
v 2.63562393 12.8315201 1.78496957
v 2.56097031 11.2742004 1.78270316
v 0.932543993 11.0037441 0.338067532
v 0.665732324 12.6847763 -0.0484051667
v 3.02865672 9.81243992 -0.461725205
v 2.95550251 8.93313599 0.0568633042
v 2.2148447 8.58436775 0.0850195214
v 1.16885924 10.0610962 0.558922708
v 1.31952965 11.1502237 1.75264478
v 2.50725365 10.6597357 2.01846719
v 1.16885924 10.0610962 0.558922708
v 3.975348 7.48946381 1.64820158
v 3.49760556 9.40340805 1.13810074
v 1.34435284 9.02250385 1.08996558
v 1.44732475 7.08056736 1.59293365
v 1.54814315 9.68780804 2.26416564
v 1.45400882 10.506896 1.90008557
v 1.34435284 9.02250385 1.08996558
v 3.56331992 2.01659036 1.55445838
v 3.30815196 6.74230099 0.175300077
v 2.38926077 6.592803 0.272176713
v 2.19008732 1.91880882 1.46250474
v 2.64837193 9.92445564 2.36686802
v 2.97895122 7.96654177 3.22992396
v 1.68724084 7.7124896 3.11164474
v 3.38800478 2.11647201 0.690131128
v 3.03291988 2.03452229 2.35790229
v 1.44732475 7.08056736 1.59293365
v 2.32894397 1.97282076 2.26224637
v 0.964922428 14.3522243 1.82755923
v 0.642007291 16.1012154 2.46843123
v 2.95182872 16.3088722 1.86472321
v 3.63711357 14.3653765 -0.339624882
v 2.83788323 12.696456 -1.26485765
v 1.53771758 12.6111517 -1.55137515
v 1.13909125 12.7780724 1.79074955
v 2.70990801 14.3736639 1.78760004
v 3.43074155 12.7704239 0.0378894806
v 0.0873894393 14.3862162 -0.0648140907
v 0.665732324 12.6847763 -0.0484051667
v 0 16.0962563 -2.54892802
v 0 15.1100636 -1.84308636
v 0.964922428 14.3522243 1.82755923
v 1.13909125 12.7780724 1.79074955
v 0.665732324 12.6847763 -0.0484051667
v 0 16.0901527 2.56809688
v 0 15.1896877 1.67652881
v 0 15.6073685 -0.0539474487
v 2.48090172 2.07445121 0.670560777
v 2.19008732 1.91880882 1.46250474
v 2.63562393 12.8315201 1.78496957
v 0.0873894393 14.3862162 -0.0648140907
v 0 15.1896877 1.67652881
v 2.76019669 1.26144326 -0.892302394
v 4.07011127 0.905431211 -1.49427438
v 3.77627611 1.15606964 -0.606464803
v 2.80844712 0.00998115167 -1.90969443
v 2.29845524 0.00980901625 -2.73865509
v 2.06593609 0.00852011982 -1.52591836
v 2.81662011 1.03062475 -1.78586638
v 2.29788804 0.685244977 -2.73829198
v 2.87905669 0.762776315 -3.00055122
v 2.73961353 0.00945424754 -0.818155229
v 2.23626971 0.00952624809 -0.627362728
v 2.18977761 1.01657045 -1.62833846
v 2.2733376 1.23362005 -0.83808881
v 2.06593609 0.00852011982 -1.52591836
v 3.91371846 0.00828837603 -0.603613853
v 4.08818102 0.00907849614 -1.49296081
v 3.49490571 1.08503842 1.45338404
v 3.91379285 0.00891351234 0.00763058383
v 3.80380559 0.00925492775 1.44252241
v 3.92170644 0.663222253 -2.38902402
v 3.8921361 0.00840663165 -2.39017749
v 2.12224555 1.38976395 1.35129595
v 2.41211677 0.0114717437 -0.0118255597
v 2.2540679 1.47027194 -0.0981020778
v 2.87728 0.0105080558 -3.00123525
v 2.12224555 1.38976395 1.35129595
v 2.23564243 0.00892734434 2.05779362
v 2.3612535 0.00892734434 1.35129595
v 2.19054556 1.91841686 1.45859122
v 2.37637281 1.42953765 2.35513687
v 3.40039277 0.0216684323 2.15798807
v 3.06745529 1.3008616 2.12834001
v 3.56320643 2.01688075 1.55746806
v 3.02858949 2.0342288 2.35821843
v 3.39238 2.1170001 0.692335129
v 2.92123842 0.0138483038 2.42494011
v 2.84553909 1.37458003 2.32832241
v 2.79328251 0.00892734434 1.38151443
v 2.53499913 0.014067648 2.31504083
v 2.3612535 0.00892734434 1.35129595
v 2.6754775 0.00988721568 -0.00832176022
v 2.41211677 0.0114717437 -0.0118255597
v 2.55678487 1.42005444 2.39054728
v 2.66380167 1.57769358 -0.166627839
v 2.87728 0.0105080558 -3.00123525
v 3.65114808 1.48581195 0.0185828153
v 2.32516789 1.97219598 2.25901127
v -2.87728 0.0105080558 -3.00123525
v -2.29845524 0.00980901625 -2.73865509
v -2.3612535 0.00892734434 1.35129595
v -2.29845524 0.00980901625 -2.73865509
v -2.3612535 0.00892734434 1.35129595
v 2.23626971 0.00952624809 -0.627362728
v 2.29845524 0.00980901625 -2.73865509
v 2.3612535 0.00892734434 1.35129595
v 2.29845524 0.00980901625 -2.73865509
v 2.19054556 1.91841686 1.45859122
vt 0.997747302 0.641005188
vt 0.888297915 0.690138102
vt 0.997747302 0.698476315
vt 0.745211422 0.620771796
vt 0.638074398 0.69920969
vt 0.745211422 0.679390103
vt 0.632280111 0.608482093
vt 0.499483794 0.703036189
vt 0.871199906 0.407491028
vt 0.997747302 0.484680772
vt 0.997747302 0.395450115
vt 0.893030107 0.572065502
vt 0.997747302 0.572065502
vt 0.745211422 0.572033286
vt 0.645777404 0.566628903
vt 0.499483794 0.606081694
vt 0.997747302 0.316141605
vt 0.932000101 0.288864791
vt 0.894704223 0.326518893
vt 0.852674127 0.267914593
vt 0.811020076 0.334900379
vt 0.499483794 0.349735975
vt 0.547680199 0.287164629
vt 0.499483794 0.294788897
vt 0.753219604 0.777388096
vt 0.675299227 0.826482505
vt 0.755672216 0.823315606
vt 0.881850898 0.636637598
vt 0.881850779 0.636637598
vt 0.745211422 0.478793681
vt 0.842837811 0.467320025
vt 0.745211422 0.454672396
vt 0.707970619 0.433423996
vt 0.582520127 0.8363529
vt 0.661033988 0.783838302
vt 0.57477951 0.796964899
vt 0.881735086 0.741508812
vt 0.869581223 0.782141402
vt 0.647719204 0.497139096
vt 0.499483794 0.537485003
vt 0.696465313 0.487966418
vt 0.613011718 0.414933085
vt 0.499483794 0.483481586
vt 0.997747302 0.287764907
vt 0.95091182 0.272534072
vt 0.905073881 0.257933199
vt 0.590874314 0.333121598
vt 0.583084583 0.251845121
vt 0.501307905 0.116315484
vt 0.534965813 0.0941159725
vt 0.503596604 0.076546073
vt 0.616284311 0.120785892
vt 0.624268293 0.0768669248
vt 0.584749222 0.0835313797
vt 0.677987695 0.389490128
vt 0.809747577 0.402976394
vt 0.642376304 0.269026279
vt 0.689119875 0.337833226
vt 0.716112018 0.267914593
vt 0.562264025 0.0536842942
vt 0.537999928 0.0552660227
vt 0.556189597 0.0820605755
vt 0.565023899 0.195020497
vt 0.591026485 0.164469421
vt 0.55900228 0.165184975
vt 0.799627483 0.433651686
vt 0.574194789 0.121008575
vt 0.538054824 0.153998673
vt 0.531755805 0.119891822
vt 0.636718929 0.169996023
vt 0.638374925 0.109991372
vt 0.530820787 0.189067602
vt 0.502672672 0.164689481
vt 0.661300004 0.111035585
vt 0.689798415 0.0727275014
vt 0.641775787 0.202276886
vt 0.631482124 0.0394409895
vt 0.579701006 0.251845121
vt 0.581020176 0.00392729044
vt 0.636883497 0.000570714474
vt 0.707644522 0.115324795
vt 0.72884798 0.0831382275
vt 0.693741977 0.168908417
vt 0.693716884 0.0539156795
vt 0.682240129 0.230720222
vt 0.71347332 0.197277486
vt 0.679350913 0.000570714474
vt 0.850208521 0.0970020294
vt 0.850208521 0.0574553013
vt 0.727684915 0.156231582
vt 0.725896716 0.0393033028
vt 0.719222605 0.234090328
vt 0.750677109 0.195462883
vt 0.727228701 0.000570714474
vt 0.904325426 0.046097815
vt 0.850208521 0.15430969
vt 0.904325426 0.0912973285
vt 0.850208521 0.0347511768
vt 0.850208521 0.241858125
vt 0.850208521 0.202088594
vt 0.850208521 0.000570714474
vt 0.920683205 0.150828183
vt 0.94982022 0.0997304916
vt 0.939898074 0.164421082
vt 0.957679212 0.154802382
vt 0.920683205 0.204834878
vt 0.904325426 0.0391095877
vt 0.904325306 0.247974813
vt 0.904325426 7.71284103e-05
vt 0.94982022 0.0997303724
vt 0.949699879 0.0460978746
vt 0.978788972 0.100524783
vt 0.999335706 0.0460978746
vt 0.979664803 0.0460978746
vt 0.978716373 7.71284103e-05
vt 0.999335706 0.0391095877
vt 0.999335706 7.71284103e-05
vt 0.979290485 0.204834819
vt 0.999335706 0.150828183
vt 0.979097605 0.150828183
vt 0.979710221 0.0391095877
vt 0.993217409 0.0753344297
vt 0.980537891 0.124984026
vt 0.993217409 0.124984026
vt 0.993217409 0.124984026
vt 0.980537891 0.0753344297
vt 0.951192915 0.204834819
vt 0.957246602 0.195829988
vt 0.9496032 0.0391095877
vt 0.948679209 0.200338781
vt 0.936283171 0.171276987
vt 0.935585022 0.189489186
vt 0.999335706 0.247974813
vt 0.999335706 0.204834819
vt 0.980349779 0.180566192
vt 0.939427316 0.188643813
vt 0.979097724 0.150828123
vt 0.999335706 0.100524724
vt 0.94978708 0.247974813
vt 0.951192915 0.204834878
vt 0.993862808 0.164202571
vt 0.980349779 0.167082429
vt 0.972531915 0.158673823
vt 0.935308695 0.182593822
vt 0.935846686 0.182861924
vt 0.499483794 0.279282928
vt 0.924484372 0.248705924
vt 0.53900069 0.2728405
vt 0.499483794 0.263169825
vt 0.942676902 0.248705924
vt 0.55000931 0.249833882
vt 0.529459715 0.263169825
vt 0.997747302 0.272534072
vt 0.957856417 0.262185574
vt 0.499483794 0.249833882
vt 0.997747302 0.248705924
vt 0.997747302 0.248705924
vt 0.499483794 0.249833882
vt 0.499483794 0.249833882
vt 0.997747302 0.262185574
vt 0.948043704 0.835259497
vt 0.972541273 0.794382095
vt 0.752724409 0.731469601
vt 0.861899376 0.826765701
vt 0.346592695 0.745290905
vt 0.424187988 0.796964899
vt 0.499483794 0.753801197
vt 0.00122022606 0.641005188
vt 0.110669598 0.690138102
vt 0.1171166 0.636637598
vt 0.253756106 0.620771796
vt 0.36089319 0.69920969
vt 0.366687506 0.608482093
vt 0.127767697 0.407491028
vt 0.00122022606 0.484680772
vt 0.156129703 0.467320025
vt 0.105937503 0.572065502
vt 0.253756106 0.572033286
vt 0.353190213 0.566628903
vt 0.0669675395 0.288864791
vt 0.00122022606 0.316141605
vt 0.104263298 0.326518893
vt 0.187947303 0.334900379
vt 0.146293402 0.267914593
vt 0.451287299 0.287164629
vt 0.408093303 0.333121598
vt 0.652374804 0.745290905
vt 0.245747894 0.777388096
vt 0.323668391 0.826482505
vt 0.337933511 0.783838302
vt 0.117115498 0.636637598
vt 0.253756106 0.679390103
vt 0.253756106 0.620772094
vt 0.253756106 0.620772004
vt 0.253756106 0.478793681
vt 0.290996999 0.433423996
vt 0.253756106 0.454672396
vt 0.416447401 0.8363529
vt 0.117232397 0.741508812
vt 0.246243104 0.731469601
vt 0.00122022606 0.572065502
vt 0.351248294 0.497139096
vt 0.302502304 0.487966418
vt 0.3859559 0.414933085
vt 0.499483794 0.421614587
vt 0.0480557606 0.272534072
vt 0.00122022606 0.287764907
vt 0.0938936397 0.257933199
vt 0.415883005 0.251845121
vt 0.356591314 0.269026279
vt 0.534965813 0.0941159725
vt 0.501307905 0.116315484
vt 0.503596604 0.076546073
vt 0.624268293 0.0768669248
vt 0.616284311 0.120785892
vt 0.584749222 0.0835313797
vt 0.309847713 0.337833226
vt 0.00122022606 0.395450115
vt 0.562264025 0.0536842942
vt 0.556189597 0.0820605755
vt 0.537999928 0.0552660227
vt 0.55900228 0.165184975
vt 0.591026485 0.164469421
vt 0.565023899 0.195020497
vt 0.320979804 0.389490128
vt 0.199340105 0.433651686
vt 0.574194789 0.121008575
vt 0.538054824 0.153998673
vt 0.531755805 0.119891822
vt 0.636718929 0.169996023
vt 0.530820787 0.189067602
vt 0.502672672 0.164689481
vt 0.661300004 0.111035585
vt 0.638374925 0.109991372
vt 0.641775787 0.202276886
vt 0.579701006 0.251845121
vt 0.581020176 0.00392729044
vt 0.631482124 0.0394409895
vt 0.689798415 0.0727275014
vt 0.707644522 0.115324795
vt 0.693741977 0.168908417
vt 0.682240129 0.230720222
vt 0.641506016 0.243377507
vt 0.679350913 0.000570714474
vt 0.693716884 0.0539156795
vt 0.72884798 0.0831382275
vt 0.850208521 0.0970020294
vt 0.727684915 0.156231582
vt 0.71347332 0.197277486
vt 0.725896716 0.0393033028
vt 0.719222605 0.234090328
vt 0.904325426 0.046097815
vt 0.850208521 0.0574553013
vt 0.904325426 0.0912973285
vt 0.850208521 0.15430969
vt 0.750677109 0.195462883
vt 0.850208521 0.0347511768
vt 0.850208521 0.241858125
vt 0.850208521 0.000570714474
vt 0.727228701 0.000570714474
vt 0.999335706 0.0460978746
vt 0.978788972 0.100524783
vt 0.979664803 0.0460978746
vt 0.957679212 0.154802382
vt 0.939898074 0.164421082
vt 0.920683205 0.150828183
vt 0.920683205 0.204834878
vt 0.850208521 0.202088594
vt 0.904325426 0.0391095877
vt 0.904325306 0.247974813
vt 0.999335706 0.100524724
vt 0.979097724 0.150828123
vt 0.94982022 0.0997304916
vt 0.979290485 0.204834819
vt 0.999335706 0.247974813
vt 0.978716493 0.247974813
vt 0.949787021 7.71284103e-05
vt 0.904325426 7.71284103e-05
vt 0.999335706 0.150828183
vt 0.979097605 0.150828183
vt 0.979710221 0.0391095877
vt 0.980537891 0.124984026
vt 0.993217409 0.0753344297
vt 0.993217409 0.124984026
vt 0.980537891 0.0753344297
vt 0.993217409 0.124984026
vt 0.939427316 0.188643813
vt 0.957246602 0.195829988
vt 0.94978708 0.247974813
vt 0.948679209 0.200338781
vt 0.936283171 0.171276987
vt 0.947942615 0.15789932
vt 0.9496032 0.0391095877
vt 0.980349779 0.180566192
vt 0.958242416 0.100524902
vt 0.959994018 0.0460978746
vt 0.94982022 0.0997303724
vt 0.993862808 0.164202571
vt 0.980349779 0.167082429
vt 0.935585022 0.189489186
vt 0.935308695 0.182593822
vt 0.0744830891 0.248705924
vt 0.459966809 0.2728405
vt 0.0562905595 0.248705924
vt 0.448958308 0.249833882
vt 0.433419198 0.251431882
vt 0.0411111712 0.262185574
vt 0.00122022606 0.272534072
vt 0.469507813 0.263169825
vt 0.00122022606 0.248705924
vt 0.499483794 0.249833882
vt 0.00122022606 0.262185574
vt 0.0509238802 0.835259497
vt 0.129386306 0.782141402
vt 0.0264262501 0.794382095
vt 0.243295297 0.823315606
vt 0.499483794 0.798390403
vt 0.958050311 0.203598678
vt 0.951659203 0.200879991
vt 0.947942615 0.15789932
vt 0.959425688 0.156526983
vt 0.948719501 0.152132094
vt 0.958097219 7.71284103e-05
vt 0.94978708 7.7188015e-05
vt 0.958097279 0.247974813
vt 0.960084796 0.0391095281
vt 0.958859622 0.150828183
vt 0.959245384 0.204834878
vt 0.951184511 0.150828183
vt 0.959245384 0.204834878
vt 0.948993325 0.208826721
vt 0.949906528 0.209179878
vt 0.958859682 0.150828123
vt 0.950255692 0.152655125
vt 0.949869275 0.148976922
vt 0.958097219 7.71284103e-05
vt 0.951192975 0.204834819
vt 0.958097279 0.247974813
vt 0.949699879 0.0460978746
vt 0.960084796 0.0391095281
vt 0.959994018 0.0460978746
vt 0.958859622 0.150828183
vt 0.958242416 0.100524902
vt 0.951184511 0.150828183
vt 0.978716373 7.71284103e-05
vt 0.999335706 0.0391095877
vt 0.978716493 0.247974813
vt 0.960084677 0.0391095877
vt 0.675299227 0.873795405
vt 0.755672216 0.873795405
vt 0.93116492 0.873795405
vt 0.861899376 0.873795405
vt 0.323668391 0.873795405
vt 0.400866985 0.873795405
vt 0.0678026602 0.873795405
vt 0.137068197 0.826765701
vt 0.243295297 0.873795405
vt 0.499483794 0.873795405
vt 0.499483794 0.839002505
vt 0.997747302 0.839928702
vt 0.997747302 0.798885897
vt 0.00122022606 0.839928702
vt 0.00122022606 0.798885897
vt 0.00122022606 0.873795405
vt 0.997747302 0.873795405
vt 0.997747302 0.739779294
vt 0.00122022606 0.739779294
vt 0.00122022606 0.698476315
vt 0.598100603 0.873795405
vt 0.636883497 0.000570714474
vt 0.784326971 0.266236901
vt 0.641506016 0.243377507
vt 0.95534122 0.152202427
vt 0.980537891 0.124984026
vt 0.955025792 0.202196479
vt 0.973983586 0.193655372
vt 0.993063927 0.186758518
vt 0.56554842 0.251431882
vt 0.997747302 0.248705924
vt 0.214640394 0.266236901
vt 0.117115602 0.636637598
vt 0.117116697 0.636637598
vt 0.189219907 0.402976394
vt 0.282855511 0.267914593
vt 0.95534122 0.152202427
vt 0.999335706 0.204834819
vt 0.980537891 0.124984026
vt 0.951192915 0.204834878
vt 0.955025792 0.202196479
vt 0.973983586 0.193655372
vt 0.993063927 0.186758518
vt 0.972531915 0.158673823
vt 0.935846686 0.182861924
vt 0.499483794 0.249833882
vt 0.00122022606 0.248705924
vt 0.00122022606 0.248705924
vt 0.960084677 0.0391095877
vt 0.958859682 0.150828123
vt 0.999335706 7.71284103e-05
vt 0.137068197 0.873795405
vt 0.755672216 0.823315606
vt 0.675299227 0.826482505
vt 0.582520127 0.8363529
vt 0.948043704 0.835259497
vt 0.861899376 0.826765701
vt 0.323668391 0.826482505
vt 0.416447401 0.8363529
vt 0.0509238802 0.835259497
vt 0.243295297 0.823315606
vt 0.755672216 0.873795405
vt 0.675299227 0.873795405
vt 0.93116492 0.873795405
vt 0.861899376 0.873795405
vt 0.323668391 0.873795405
vt 0.400866985 0.873795405
vt 0.0678026602 0.873795405
vt 0.137068197 0.826765701
vt 0.243295297 0.873795405
vt 0.499483794 0.839002505
vt 0.499483794 0.873795405
vt 0.997747302 0.839928702
vt 0.00122022606 0.839928702
vt 0.00122022606 0.873795405
vt 0.997747302 0.873795405
vt 0.598100603 0.873795405
vt 0.137068197 0.873795405
vt 0.245938703 0.817880899
vt 0.340697497 0.910024352
vt 0.338055015 0.819186598
vt 0 0.13541311
vt 0.0455675684 0.170443892
vt 0 0.168365598
vt 0.0415991507 0.206057072
vt 0 0.248867393
vt 0 0.206076801
vt 0.450326502 0.914483368
vt 0.424244612 0.822829694
vt 0.0696529076 0.134451926
vt 0.0471739694 0.13349992
vt 0.0730349422 0.209901571
vt 0.0421977006 0.248867393
vt 0 0.0487070084
vt 0.0504317805 0.0861948133
vt 0 0.0906620026
vt 0.0402260982 0
vt 0 0
vt 0.111101501 0.173429787
vt 0.078207247 0.171575427
vt 0.109138802 0.209974289
vt 0.0661688969 0.248867393
vt 0.0457547307 0.0448136926
vt 0.0663515329 0.0840696096
vt 0.0637363717 0
vt 0.137553394 0.124019027
vt 0.0925487205 0.128088713
vt 0.144594997 0.248867393
vt 0.0954100415 0.248867393
vt 0.0801067874 0.0415294766
vt 0.0630139112 0.0430248976
vt 0.0928090215 0
vt 0.313212812 0.130394518
vt 0.154516101 0.175677598
vt 0.157418996 0.207602918
vt 0.313212812 0.248867393
vt 0.145577997 0.0778837204
vt 0.0779162571 0.0809988976
vt 0.149362206 0.0372539759
vt 0.313212812 0.182590425
vt 0.313212812 0.07667768
vt 0.143068805 0
vt 0.313212812 0.0528767705
vt 0.0361067615 0.904248483
vt 0.129664496 0.824423105
vt 0.02678179 0.822759405
vt 0.249721795 0.909059413
vt 0.341301888 0.997291446
vt 0.427741408 0.997291446
vt 0.0361072384 0.997291446
vt 0.122134201 0.905426033
vt 0.260998607 0.997291446
vt 0.508146286 0.997291446
vt 0.508147418 0.923531838
vt 0.499484211 0.869023293
vt 0.499483794 0.819058105
vt 0.036107 0.904248483
vt 0.139026806 0.997291446
vt 0.0361064598 0.997291446
vt -0.000192313993 0.833950698
vt -0.000192313993 0.866811201
vt 0.516262591 0.889435798
vt 0.313212812 0.201789916
vt 0.313212812 0
vt 0.144850105 0.997291446
vt 0.133592606 0.911345959
vt 0.0724061131 0.866811201
vt 0.429832101 0.154195607
vt 0.407177806 0.198143005
vt 0.402144104 0.157908499
vt 0.494138807 0.0705292821
vt 0.468894809 0.0884097219
vt 0.470606387 0.0672438145
vt 0.435927898 0.198392272
vt 0.468257308 0.222720623
vt 0.4389759 0.220490396
vt 0.443241209 0.0831062198
vt 0.447073996 0.0639582872
vt 0.409694612 0.218260407
vt 0.457060307 0.230468392
vt 0.43511039 0.2386356
vt 0.420538992 0.115356028
vt 0.362098992 0.117655277
vt 0.407384902 0.111287117
vt 0.382718593 0.160513282
vt 0.449505001 0.125315726
vt 0.464902192 0.153435588
vt 0.413160503 0.246802807
vt 0.349869698 0.248867393
vt 0.376296014 0.213407695
vt 0.495368093 0.198689699
vt 0.464678109 0.198641419
vt 0.358904392 0.00145047903
vt 0.39333421 0.0511211157
vt 0.3505961 0.0522496104
vt 0.313212812 0.00145047903
vt 0.313212812 0.0528767705
vt 0.313212812 0.248867393
vt 0.385813802 0.0859559774
vt 0.354873687 0.089084506
vt 0.313212812 0.130394518
vt 0.313212812 0.0761620998
vt 0.313212812 0.182590425
vt 0.386626393 0.0787649155
vt 0.352411002 0.0758798718
vt 0.399857193 0.0711145997
vt 0.387439191 0.0715736151
vt 0.392108589 0.0993289948
vt 0.417587608 0.0778025985
vt 0.403731495 0.0570073724
vt 0.423541695 0.0606728196
vt 0.350902408 0.0608415008
vt 0.381725192 0.19832778
vt 0.495368093 0.150627673
vt 0.753869116 0.817880899
vt 0.66175282 0.819186598
vt 0.659110308 0.910024352
vt 0 0.13541311
vt 0 0.168365598
vt 0.0455675684 0.170443892
vt 0.0415991507 0.206057072
vt 0 0.206076801
vt 0 0.248867393
vt 0.575563073 0.822829694
vt 0.549481273 0.914483368
vt 0.0696529076 0.134451926
vt 0.0471739694 0.13349992
vt 0.0730349422 0.209901571
vt 0.0421977006 0.248867393
vt 0 0.0487070084
vt 0 0.0906620026
vt 0.0504317805 0.0861948133
vt 0.0402260982 0
vt 0 0
vt 0.078207247 0.171575427
vt 0.111101501 0.173429787
vt 0.109138802 0.209974289
vt 0.0661688969 0.248867393
vt 0.0457547307 0.0448136926
vt 0.0663515329 0.0840696096
vt 0.0637363717 0
vt 0.137553394 0.124019027
vt 0.0925487205 0.128088713
vt 0.0954100415 0.248867393
vt 0.144594997 0.248867393
vt 0.0801067874 0.0415294766
vt 0.0630139112 0.0430248976
vt 0.0928090215 0
vt 0.313212812 0.130394518
vt 0.154516101 0.175677598
vt 0.157418996 0.207602918
vt 0.313212812 0.248867393
vt 0.0779162571 0.0809988976
vt 0.145577997 0.0778837204
vt 0.149362206 0.0372539759
vt 0.313212812 0.182590425
vt 0.313212812 0.07667768
vt 0.143068805 0
vt 0.313212812 0.0528767705
vt 0.96370101 0.904248483
vt 0.973025918 0.822759405
vt 0.870143175 0.824423105
vt 0.75008601 0.909059413
vt 0.658505797 0.997291387
vt 0.572066307 0.997291387
vt 0.963700473 0.997291387
vt 0.877673626 0.905426033
vt 0.738809109 0.997291387
vt 0.491660297 0.923531838
vt 0.4916614 0.997291387
vt 0.500324011 0.819058105
vt 0.500323474 0.869023293
vt 0.963700771 0.904248483
vt 0.963701308 0.997291387
vt 0.860781014 0.997291387
vt 1 0.833950698
vt 1 0.866811201
vt 0.483545095 0.889435798
vt 0.313212812 0.201789916
vt 0.313212812 0
vt 0.854957581 0.997291387
vt 0.86621511 0.911345959
vt 0.927401721 0.866811201
vt 0.407177806 0.198143005
vt 0.429832101 0.154195607
vt 0.402144104 0.157908499
vt 0.468894809 0.0884097219
vt 0.494138807 0.0705292821
vt 0.470606387 0.0672438145
vt 0.435927898 0.198392272
vt 0.468257308 0.222720623
vt 0.464678109 0.198641419
vt 0.443241209 0.0831062198
vt 0.447073996 0.0639582872
vt 0.4389759 0.220490396
vt 0.409694612 0.218260407
vt 0.457060307 0.230468392
vt 0.420538992 0.115356028
vt 0.449505001 0.125315726
vt 0.362098992 0.117655277
vt 0.407384902 0.111287117
vt 0.392108589 0.0993289948
vt 0.464902192 0.153435588
vt 0.495368093 0.150627673
vt 0.349869698 0.248867393
vt 0.413160503 0.246802807
vt 0.376296014 0.213407695
vt 0.495368093 0.198689699
vt 0.358904392 0.00145047903
vt 0.39333421 0.0511211157
vt 0.402958304 0.00145047903
vt 0.313212812 0.00145047903
vt 0.3505961 0.0522496104
vt 0.385813802 0.0859559774
vt 0.354873687 0.089084506
vt 0.313212812 0.130394518
vt 0.313212812 0.0761620998
vt 0.313212812 0.182590425
vt 0.386626393 0.0787649155
vt 0.352411002 0.0758798718
vt 0.399857193 0.0711145997
vt 0.387439191 0.0715736151
vt 0.403731495 0.0570073724
vt 0.417587608 0.0778025985
vt 0.423541695 0.0606728196
vt 0.350902408 0.0608415008
vt 0.381725192 0.19832778
vt 0.494548589 0.0937132239
vt 0.382718593 0.160513282
vt 0.313212812 0.0528767705
vt 0.494548589 0.0937132239
vt 0.479010403 0.222301185
vt 0.375419587 0.248867393
vt 0.495368093 0.222720623
vt 0.402958304 0.00145047903
vt 0.43511039 0.2386356
vt 0.479010403 0.222301185
vt 0.375419587 0.248867393
vt 0.495368093 0.222720623
vt 0.313212812 0.248867393
vn 0 0.205239803 0.978711724
vn 0.580425024 0.39584139 0.711629391
vn 0 0.362296075 0.932063103
vn 0.992750585 0.0429706462 -0.112248681
vn 0.591333568 0.114750884 -0.798220992
vn 0.970724165 0.196635112 -0.13794671
vn 0.633306086 -0.0880786702 -0.768872917
vn -0.0330829583 -0.0910392404 -0.99529767
vn 0.229443595 0.197886705 0.952993512
vn 0 -0.225046694 0.974348009
vn 0 0.172583893 0.984994829
vn 0.631847918 -0.227890104 0.74083358
vn 0 -0.253091514 0.967442393
vn 0.979734421 -0.191112593 -0.0599706098
vn 0.643122077 -0.155615196 -0.749785304
vn 0 -0.0691561103 -0.99760592
vn 0 0.430805296 0.902444899
vn 0.524498999 0.639891207 0.56164062
vn 0.373011172 0.638837218 0.672866762
vn 0.33638677 0.940033495 -0.0564001612
vn 0.347770184 0.645000041 0.680463731
vn 0 0.707106829 -0.707106829
vn 0.319565088 0.566769421 -0.759375215
vn 0 0.585180819 -0.810902894
vn 0.996888101 0.0313434601 -0.0723311305
vn 0.603728533 -0.00122076191 -0.797188997
vn 0.992719591 0.110600516 -0.0477010682
vn 0.712315798 0.225597203 0.664614379
vn 0.712315798 0.225597203 0.664614379
vn 0.9841429 -0.021302158 0.176093981
vn 0.537231922 -0.241804704 0.808030009
vn -0.239851803 0.441310406 0.86470592
vn 0.496637106 0.0730321407 -0.864880323
vn 0.173716888 -0.031740237 -0.984283984
vn 0.589484692 -0.0217909198 -0.80748558
vn 0.0754422471 -0.126835793 -0.989050686
vn 0.620427012 0.247236893 0.744274318
vn 0.665011466 -0.0278333966 0.746314347
vn 0.603881538 0.0159309525 -0.796914935
vn 0 -0.148198694 -0.988957584
vn 0.897610307 -0.288592786 -0.333181798
vn 0.269976258 0.515536845 -0.813224792
vn 0 0.143929005 -0.989588082
vn 0 0.550990164 0.834511697
vn 0.676213026 0.530514657 0.51116544
vn 0.569068134 0.757831752 -0.319143265
vn 0.153147683 0.755697787 -0.636762559
vn 0.569068134 0.757831752 -0.319143265
vn 0.370102406 0.928658783 0.02484232
vn 0.517323673 0.581321597 0.628045797
vn 0.347770184 0.645000041 0.680463731
vn 0.972106874 0.233382493 -0.0232558195
vn 0.500819743 0.0376911648 0.864730597
vn 0.639250636 0.214426324 0.738498449
vn 0.312090993 0.404564708 -0.859608412
vn 0.248547897 0.290023506 0.924180925
vn 0.33638677 0.940033495 -0.0564001612
vn 0.209548771 0.7530756 -0.62367177
vn 0.370102406 0.928658783 0.02484232
vn 0.207774594 -0.0584136806 0.976431072
vn 0.248547897 0.290023506 0.924180925
vn 0.506955862 0.304704577 0.806319356
vn 0.496637106 0.0730321407 -0.864880323
vn 0.763758302 0.203475505 -0.61259371
vn 0.656258762 0.217878073 -0.722394347
vn 0.207774594 -0.0584136806 0.976431072
vn 0.954301417 0.298842907 0.001312315
vn 0.556847513 0.540458858 -0.630733728
vn 0.67978096 0.733402967 0.00424212171
vn 0.682117224 0.0628402233 -0.728537798
vn 0.956365824 0.221108198 0.190986201
vn 0.312090993 0.404564708 -0.859608412
vn 0.209548771 0.7530756 -0.62367177
vn 0.960647106 0.25581038 0.108250886
vn 0.376057386 0.0301834308 0.926104724
vn -0.451377302 -0.308548003 -0.8372913
vn -0.588322997 -0.377616912 0.715039611
vn -0.239851803 0.441310406 0.86470592
vn -0.239851803 0.441310406 0.86470592
vn -0.940089285 -0.312762886 -0.135689303
vn 0.847028911 0.527676404 0.0640291497
vn 0.511474192 0.0159310605 0.859151006
vn 0.506193876 0.260421604 -0.82216078
vn -0.194069207 -0.386978805 0.901434779
vn -0.868426621 -0.495541811 0.0165414196
vn -0.323382407 0.0368977711 -0.945548773
vn -0.868426621 -0.495541811 0.0165414196
vn 0.956896722 0.288527787 -0.0331742689
vn 0.564242661 -0.193431869 0.80262959
vn 0.514435828 0.487883896 -0.705212891
vn -0.483599991 -0.418595105 0.768706203
vn -0.926416814 -0.336568087 -0.168741807
vn -0.36986509 0.0448024794 -0.928004622
vn -0.926416814 -0.336568087 -0.168741807
vn 0.657316148 -0.0499899238 0.751955092
vn 0.505742729 0.503484309 -0.7005198
vn 0.968588591 0.247022599 -0.0285659395
vn -0.5629251 -0.562833607 0.605255127
vn -0.92094928 -0.386770606 -0.0475489981
vn -0.542836964 0.174384087 -0.821534097
vn -0.92094928 -0.386770606 -0.0475489981
vn 0.693404734 0.545842648 -0.47036773
vn 0.970080018 -0.209147304 -0.123297103
vn 0.520391941 0.491855949 -0.698047221
vn 0.360464096 0.137794897 -0.922538996
vn -0.722951114 0.315299213 -0.61475867
vn -0.603677511 -0.426907986 0.673292696
vn -0.96480161 -0.261610061 -0.026795797
vn -0.96480161 -0.261610061 -0.026795797
vn 0.970080018 -0.209147304 -0.123297103
vn 0.732945085 -0.238323107 0.637176394
vn -0.242717922 -0.969559431 -0.0322891437
vn -0.403038293 -0.464473695 0.788558424
vn -0.0504792817 -0.723893046 0.688063025
vn 0.283221006 0.958068073 -0.0434902906
vn 0.797767878 0.561092675 0.2207748
vn 0.797050118 0.582253098 -0.1602889
vn 0.2357921 0.628087401 -0.741558075
vn -0.303268313 -0.792550385 -0.529048502
vn -0.150643587 -0.626165926 -0.764998496
vn 0.191694573 0.498295933 0.845549703
vn -0.799594402 0.570275664 0.188240364
vn -0.786178589 0.594334006 -0.169382393
vn -0.763013422 0.620244026 -0.181956097
vn -0.373194188 0.833155811 0.408139199
vn -0.729808807 0.610478222 0.307726413
vn -0.583671033 0.808319509 -0.0771208331
vn -0.663544416 -0.747288704 0.0356156789
vn -0.449422807 -0.695467114 0.560664594
vn -0.622067332 -0.157141909 -0.767032385
vn 0.360464096 0.137794897 -0.922538996
vn -0.663544416 -0.747288704 0.0356156789
vn 0.797050118 0.582253098 -0.1602889
vn 0.542240202 0.190075502 -0.818441808
vn -0.998362005 -0.0556662604 0.0132146403
vn -0.868836105 0.445816755 -0.215339676
vn -0.150643587 -0.626165926 -0.764998496
vn -0.652772665 -0.75009799 0.106023282
vn -0.394707799 -0.918329716 -0.0296038296
vn -0.583671033 0.808319509 -0.0771208331
vn -0.0118108904 -0.691960514 -0.721838772
vn -0.400105089 0.168251604 -0.900892496
vn -0.0118108904 -0.691960514 -0.721838772
vn -0.0118108904 -0.691960514 -0.721838772
vn -0.542231321 -0.654754877 0.526575029
vn 0 -0.0385456011 -0.999256909
vn 0.870685518 0.403373808 -0.281418592
vn 0.614377797 0.0647307634 -0.786352277
vn 0 0.146004394 -0.989283979
vn 0.781776309 0.54543668 -0.302199692
vn 0.781776309 0.54543668 -0.302199692
vn 0.63284713 0.28889522 -0.718362153
vn 0 0.4910855 0.871111393
vn 0.582555354 0.706311762 0.402185351
vn 0 0.664445281 -0.747336984
vn 0.334575444 0.942322731 0.00933867693
vn 0.494588792 0.803928077 -0.330275208
vn 0.494588792 0.803928077 -0.330275208
vn 0.373319089 0.698844075 -0.6101228
vn 0 0.722112119 0.691776097
vn 0.279466808 0.154397994 0.947660029
vn 0.201764703 0.1147535 0.972688377
vn 0.946289778 0.301533401 -0.116676301
vn 0.641584575 0.182416022 0.745046139
vn -0.51989013 0.204049602 -0.829504788
vn -0.0754422471 -0.126835793 -0.989050686
vn -0.0271310192 -0.0203559306 -0.999424577
vn 0 0.205239803 0.978711724
vn -0.580425024 0.39584139 0.711629391
vn -0.712315798 0.225597203 0.664614379
vn -0.992750585 0.0429706462 -0.112248681
vn -0.562983334 0.0678741857 -0.823676407
vn -0.633306086 -0.0880786702 -0.768872917
vn -0.229443595 0.197886705 0.952993512
vn 0 -0.225046694 0.974348009
vn -0.537231922 -0.241804704 0.808030009
vn -0.631847918 -0.227890104 0.74083358
vn -0.979734421 -0.191112593 -0.0599706098
vn -0.643122077 -0.155615196 -0.749785304
vn -0.524498999 0.639891207 0.56164062
vn 0 0.430805296 0.902444899
vn -0.373011172 0.638837218 0.672866762
vn -0.347770184 0.645000041 0.680463731
vn -0.33638677 0.940033495 -0.0564001612
vn -0.319565088 0.566769421 -0.759375215
vn -0.153147683 0.755697787 -0.636762559
vn 0.542508543 0.185617492 -0.819286704
vn -0.996888101 0.0313434601 -0.0723311305
vn -0.603728533 -0.00122076191 -0.797188997
vn -0.589484692 -0.0217909198 -0.80748558
vn -0.712315798 0.225597203 0.664614379
vn -0.970724165 0.196635112 -0.13794671
vn -0.992750585 0.0429706462 -0.112248681
vn -0.992750585 0.0429706462 -0.112248681
vn -0.984142184 -0.0213326775 0.176093891
vn -0.496637106 0.0730321407 -0.864880323
vn 0.239851803 0.441310406 0.86470592
vn -0.173716888 -0.031740237 -0.984283984
vn -0.620427012 0.247236893 0.744274318
vn -0.946289778 0.301533401 -0.116676301
vn 0 -0.253091514 0.967442393
vn -0.603881538 0.0159309525 -0.796914935
vn -0.897610307 -0.288592786 -0.333181798
vn -0.269976258 0.515536845 -0.813224792
vn 0 0.559865952 -0.828583181
vn -0.676213026 0.530514657 0.51116544
vn 0 0.550990164 0.834511697
vn -0.569068134 0.757831752 -0.319143265
vn -0.569068134 0.757831752 -0.319143265
vn -0.33638677 0.940033495 -0.0564001612
vn -0.542047143 0.567835629 0.619473636
vn -0.370102406 0.928658783 0.02484232
vn -0.347770184 0.645000041 0.680463731
vn -0.500819743 0.0376911648 0.864730597
vn -0.972106874 0.233382493 -0.0232558195
vn -0.639250636 0.214426324 0.738498449
vn -0.209548771 0.7530756 -0.62367177
vn 0 0.172583893 0.984994829
vn -0.207774594 -0.0584136806 0.976431072
vn -0.512179077 0.312581301 0.799978495
vn -0.248547897 0.290023506 0.924180925
vn -0.656258762 0.217878073 -0.722394347
vn -0.763758302 0.203475505 -0.61259371
vn -0.496637106 0.0730321407 -0.864880323
vn -0.312090993 0.404564708 -0.859608412
vn -0.207774594 -0.0584136806 0.976431072
vn -0.953005791 0.30292809 0.00381481601
vn -0.556847513 0.540458858 -0.630733728
vn -0.684083462 0.729312539 0.0115361791
vn -0.682117224 0.0628402233 -0.728537798
vn -0.312090993 0.404564708 -0.859608412
vn -0.209548771 0.7530756 -0.62367177
vn -0.960647106 0.25581038 0.108250886
vn -0.956365824 0.221108198 0.190986201
vn 0.451377302 -0.308548003 -0.8372913
vn 0.239851803 0.441310406 0.86470592
vn 0.239851803 0.441310406 0.86470592
vn 0.588322997 -0.377616912 0.715039611
vn -0.376057386 0.0301834308 0.926104724
vn -0.847028911 0.527676404 0.0640291497
vn -0.506193876 0.260421604 -0.82216078
vn 0.868426621 -0.495541811 0.0165414196
vn 0.940089285 -0.312762886 -0.135689303
vn 0.868426621 -0.495541811 0.0165414196
vn 0.194069207 -0.386978805 0.901434779
vn -0.511474192 0.0159310605 0.859151006
vn -0.956896722 0.288527787 -0.0331742689
vn -0.514435828 0.487883896 -0.705212891
vn 0.323382407 0.0368977711 -0.945548773
vn 0.483599991 -0.418595105 0.768706203
vn 0.926416814 -0.336568087 -0.168741807
vn -0.657316148 -0.0499899238 0.751955092
vn -0.564242661 -0.193431869 0.80262959
vn -0.968588591 0.247022599 -0.0285659395
vn -0.505742729 0.503484309 -0.7005198
vn 0.36986509 0.0448024794 -0.928004622
vn 0.5629251 -0.562833607 0.605255127
vn 0.92094928 -0.386770606 -0.0475489981
vn 0.92094928 -0.386770606 -0.0475489981
vn 0.926416814 -0.336568087 -0.168741807
vn 0.403038293 -0.464473695 0.788558424
vn 0.242717922 -0.969559431 -0.0322891437
vn 0.0504792817 -0.723893046 0.688063025
vn -0.360464096 0.137794897 -0.922538996
vn -0.520414174 0.491848201 -0.698036194
vn -0.693404734 0.545842648 -0.47036773
vn 0.722951114 0.315299213 -0.61475867
vn 0.542836964 0.174384087 -0.821534097
vn 0.603677511 -0.426907986 0.673292696
vn 0.96480161 -0.261610061 -0.026795797
vn 0.652772665 -0.75009799 0.106023282
vn 0.150643587 -0.626165926 -0.764998496
vn -0.970080018 -0.209147304 -0.123297103
vn -0.235820964 0.628082812 -0.74155277
vn -0.797050118 0.582253098 -0.1602889
vn -0.283221006 0.958068073 -0.0434902906
vn 0.394707799 -0.918329716 -0.0296038296
vn 0.96480161 -0.261610061 -0.026795797
vn 0.303268313 -0.792550385 -0.529048502
vn 0.150643587 -0.626165926 -0.764998496
vn -0.191694573 0.498295933 0.845549703
vn 0.786178589 0.594334006 -0.169382393
vn 0.799594402 0.570275664 0.188240364
vn 0.763013422 0.620244026 -0.181956097
vn 0.729808807 0.610478222 0.307726413
vn 0.373194188 0.833155811 0.408139199
vn 0.868836105 0.445816755 -0.215339676
vn 0.663544416 -0.747288704 0.0356156789
vn 0.394707799 -0.918329716 -0.0296038296
vn 0.622067332 -0.157141909 -0.767032385
vn -0.360464096 0.137794897 -0.922538996
vn -0.431599885 0.0262157898 -0.901684225
vn 0.449422807 -0.695467114 0.560664594
vn 0.998362005 -0.0556662604 0.0132146403
vn 0.595680594 -0.785237491 -0.1690173
vn 0.506998956 -0.603045464 0.61586386
vn -0.970080018 -0.209147304 -0.123297103
vn 0.0118108904 -0.691960514 -0.721838772
vn 0.400105089 0.168251604 -0.900892496
vn 0.663544416 -0.747288704 0.0356156789
vn 0.0118108904 -0.691960514 -0.721838772
vn -0.870685518 0.403373808 -0.281418592
vn -0.614377797 0.0647307634 -0.786352277
vn -0.781776309 0.54543668 -0.302199692
vn -0.781776309 0.54543668 -0.302199692
vn -0.870685518 0.403373808 -0.281418592
vn -0.582555354 0.706311762 0.402185351
vn 0 0.4910855 0.871111393
vn -0.63284713 0.28889522 -0.718362153
vn -0.334575444 0.942322731 0.00933867693
vn -0.494588792 0.803928077 -0.330275208
vn 0 0.722112119 0.691776097
vn -0.279466808 0.154397994 0.947660029
vn -0.665011466 -0.0278333966 0.746314347
vn -0.201764703 0.1147535 0.972688377
vn -0.992719591 0.110600516 -0.0477010682
vn 0 -0.294326007 -0.955705106
vn -0.00158697309 0.878808439 -0.477172136
vn -0.622067332 -0.157141909 -0.767032385
vn 0.431599885 0.0262157898 -0.901684225
vn 0.39015469 -0.437916905 -0.809943318
vn 0.838968813 -0.0619231388 -0.540645003
vn 0.637518227 0.3201783 0.700754285
vn -0.394707799 -0.918329716 -0.0296038296
vn 0.637518227 0.3201783 0.700754285
vn -0.0707443208 0.402003646 0.912900984
vn 0.39015469 -0.437916905 -0.809943318
vn -0.00158697309 0.878808439 -0.477172136
vn 0.838968813 -0.0619231388 -0.540645003
vn 0.00158697309 0.878808439 -0.477172136
vn 0.583672464 0.808321476 -0.0770905092
vn 0.622067332 -0.157141909 -0.767032385
vn -0.39015469 -0.437916905 -0.809943318
vn -0.431599885 0.0262157898 -0.901684225
vn -0.838968813 -0.0619231388 -0.540645003
vn -0.637504518 0.320171386 0.700769782
vn 0.583672464 0.808321476 -0.0770905092
vn -0.637504518 0.320171386 0.700769782
vn -0.732945085 -0.238323107 0.637176394
vn 0.0707423687 0.40199244 0.91290617
vn -0.507021606 -0.603036225 0.615854323
vn -0.39015469 -0.437916905 -0.809943318
vn -0.595680594 -0.785237491 -0.1690173
vn -0.838968813 -0.0619231388 -0.540645003
vn -0.283221006 0.958068073 -0.0434902906
vn -0.797767878 0.561092675 0.2207748
vn 0.283221006 0.958068073 -0.0434902906
vn 0.0707423687 0.40199244 0.91290617
vn 0.668329179 -0.0755643174 -0.740017712
vn 0.995854259 0.0829802006 0.0372632667
vn 0.268841207 0.127843693 0.954662502
vn 0.634990633 0.159770012 0.755817771
vn -0.668329179 -0.0755643174 -0.740017712
vn -0.224898577 -0.127724379 -0.965974689
vn -0.268841207 0.127843693 0.954662502
vn -0.641584575 0.182416022 0.745046139
vn -0.995854259 0.0829802006 0.0372632667
vn 0 -0.0718412846 -0.997416079
vn 0 0.0211802684 -0.999775708
vn 0 0.16770409 0.9858374
vn 0 0.132301584 0.991209507
vn 0 0.16770409 0.9858374
vn 0 0.132301584 0.991209507
vn 0 0.130928203 0.991391897
vn 0 0.130928203 0.991391897
vn 0 0.209847897 0.977734089
vn 0 0.209847897 0.977734089
vn 0 0.362296075 0.932063103
vn 0.224898577 -0.127724379 -0.965974689
vn 0.940089285 -0.312762886 -0.135689303
vn 0.370102406 0.928658783 0.02484232
vn -0.940089285 -0.312762886 -0.135689303
vn 0.431599885 0.0262157898 -0.901684225
vn -0.329544961 0.869946301 0.366869867
vn -0.622067332 -0.157141909 -0.767032385
vn -0.542231321 -0.654754877 0.526575029
vn -0.542231321 -0.654754877 0.526575029
vn 0.870685518 0.403373808 -0.281418592
vn 0 0.983346701 0.181739494
vn -0.370102406 0.928658783 0.02484232
vn -0.712315798 0.225597203 0.664614379
vn -0.712315798 0.225597203 0.664614379
vn -0.248547897 0.290023506 0.924180925
vn -0.370102406 0.928658783 0.02484232
vn -0.431599885 0.0262157898 -0.901684225
vn -0.542240202 0.190075502 -0.818441808
vn 0.329572231 0.869937539 0.366866231
vn 0.583672464 0.808321476 -0.0770905092
vn 0.622067332 -0.157141909 -0.767032385
vn 0.542231321 -0.654754877 0.526575029
vn 0.542231321 -0.654754877 0.526575029
vn 0.0118108904 -0.691960514 -0.721838772
vn 0.542231321 -0.654754877 0.526575029
vn -0.373345375 0.698836148 -0.610115826
vn -0.494588792 0.803928077 -0.330275208
vn 0 0.983346701 0.181739494
vn -0.0707443208 0.402003646 0.912900984
vn 0.39015469 -0.437916905 -0.809943318
vn -0.797050118 0.582253098 -0.1602889
vn -0.634990633 0.159770012 0.755817771
vn -0.992719591 -0.110600516 0.0477010682
vn -0.603728533 0.00122076191 0.797188997
vn -0.173716888 0.031740237 0.984283984
vn -0.279466808 -0.154397994 -0.947660029
vn -0.641584575 -0.182416022 -0.745046139
vn 0.603728533 0.00122076191 0.797188997
vn 0.173716888 0.031740237 0.984283984
vn 0.279466808 -0.154397994 -0.947660029
vn 0.992719591 -0.110600516 0.0477010682
vn -0.995854259 -0.0829802006 -0.0372632667
vn -0.668329179 0.0755643174 0.740017712
vn -0.268841207 -0.127843693 -0.954662502
vn -0.634990633 -0.159770012 -0.755817771
vn 0.668329179 0.0755643174 0.740017712
vn 0.224898577 0.127724379 0.965974689
vn 0.268841207 -0.127843693 -0.954662502
vn 0.641584575 -0.182416022 -0.745046139
vn 0.995854259 -0.0829802006 -0.0372632667
vn 0 -0.0211802684 0.999775708
vn 0 0.0718412846 0.997416079
vn 0 -0.16770409 -0.9858374
vn 0 -0.16770409 -0.9858374
vn 0 -0.130928203 -0.991391897
vn 0 -0.130928203 -0.991391897
vn -0.224898577 0.127724379 0.965974689
vn 0.634990633 -0.159770012 -0.755817771
vn -0.996888101 0.0313434601 -0.0723311305
vn -0.587640107 -0.240793496 -0.77246213
vn -0.589484692 -0.0217909198 -0.80748558
vn -0.992420733 -0.122320607 0.0117803812
vn -0.634342194 -0.193461403 -0.748453617
vn -0.621921837 -0.264205366 -0.73716265
vn 0.361808181 -0.359397173 -0.860190988
vn 0.963669121 -0.233745307 -0.129248098
vn 0.383566797 -0.325183302 -0.8643682
vn 0.308672011 -0.365743101 -0.878039718
vn -0.0754422471 -0.126835793 -0.989050686
vn -0.992259026 0.124058999 0.00561541319
vn -0.999544561 -0.00973540638 0.0285653416
vn 0.364367723 -0.429953218 -0.826060832
vn 0.966577113 -0.229230493 -0.114813603
vn 0.603666604 -0.0755651519 0.793647707
vn -0.539421976 0.122930206 0.833013952
vn -0.539362073 -0.0235606395 0.841744304
vn 0.966577113 -0.229230493 -0.114813603
vn 0.963669121 -0.233745307 -0.129248098
vn -0.607788444 -0.193186074 -0.770241678
vn -0.658143818 -0.237774074 -0.714360058
vn 0.438803703 -0.289534807 -0.850659192
vn 0.950972617 -0.265271306 -0.159004003
vn 0.662178099 -0.0235913899 0.748975098
vn -0.406025201 0.36210829 0.839059711
vn 0.950972617 -0.265271306 -0.159004003
vn -0.993394434 0.085300684 0.0767553449
vn -0.976038873 0.216595694 0.0208446905
vn 0.979276001 -0.115729503 -0.166208595
vn 0.970456779 -0.166453004 -0.174662694
vn 0.701535583 0.229379207 0.674709618
vn 0.6933617 0.117528699 0.710940599
vn 0.970456779 -0.166453004 -0.174662694
vn -0.982087314 -0.0499604307 0.181682602
vn -0.526302218 -0.0524928495 -0.848675728
vn 0.503202021 -0.119818687 -0.855821908
vn 0.987809837 -0.108983509 -0.111150309
vn -0.423787922 0.17551522 0.888593435
vn -0.401547492 0.440002292 0.803217113
vn 0.639474452 0.0368064567 0.767930806
vn -0.672798812 -0.0582308695 -0.73753041
vn -0.429802388 -0.133338496 0.893023372
vn 0.979276001 -0.115729503 -0.166208595
vn 0.700993001 -0.185342401 0.688663304
vn 0.414575487 -0.322528988 0.850942016
vn -0.665011466 -0.0278333966 0.746314347
vn -0.056155432 -0.483974546 0.873278379
vn -0.987938404 -0.151985794 -0.0296341702
vn -0.621921837 -0.264205366 -0.73716265
vn 0.383566797 -0.325183302 -0.8643682
vn 0.603666604 -0.0755651519 0.793647707
vn -0.545499444 -0.0650362968 0.835584044
vn -0.992420733 -0.122320607 0.0117803812
vn 0.963669121 -0.233745307 -0.129248098
vn 0.795689404 -0.51750946 -0.314741671
vn 0 -0.866857588 -0.498555988
vn 0 -0.294326007 -0.955705106
vn 0.414575487 -0.322528988 0.850942016
vn 0.963669121 -0.233745307 -0.129248098
vn 0.603666604 -0.0755651519 0.793647707
vn 0 -0.703588426 0.710607827
vn 0 -0.689918816 0.723886847
vn 0 -0.757394433 -0.652957737
vn 0.68781656 0.381035149 -0.617835462
vn 0.987809837 -0.108983509 -0.111150309
vn -0.539362073 -0.0235606395 0.841744304
vn 0.795689404 -0.51750946 -0.314741671
vn 0 -0.689918816 0.723886847
vn -0.785599113 0.610478997 -0.100744396
vn -0.0457481109 0.948991179 -0.311966091
vn -0.733588994 0.673222125 -0.092839241
vn 0.617741525 -0.617100656 -0.487424046
vn -0.000213635954 -0.999999881 -0.000366232911
vn 0.770727992 -0.637146115 0.00482195569
vn -0.0296341665 0.966819167 -0.253736973
vn 0.68711102 0.475001991 -0.54977423
vn 0.712716579 0.67758888 -0.181406602
vn 0.000122073994 -1 0.000152592998
vn 0.720010281 -0.671576202 0.174844801
vn 0.745001256 0.649568141 -0.151771381
vn 0.770727992 -0.637146115 0.00482195569
vn 0.720010281 -0.671576202 0.174844801
vn -0.711294293 -0.697468817 0.0871645212
vn -0.947493672 0.133306995 0.290663213
vn -0.771546721 -0.633296371 0.060427241
vn -0.759042501 0.614320576 -0.215556905
vn -0.750314891 -0.661076725 0.0022889371
vn -0.703276455 0.47630772 -0.527762532
vn 0.644353271 -0.763927817 0.0349750482
vn 0.998383224 0.056123551 0.00900292303
vn 0.842357516 0.472191513 -0.259748012
vn -0.0421779677 -0.616280556 -0.786396384
vn -0.0359821282 0.573517025 -0.818403125
vn 0.998383224 0.056123551 0.00900292303
vn 0.71133101 -0.647302628 0.273875207
vn 0.66105485 0.0419339463 0.749164939
vn 0.993865013 0.107580997 -0.0256668292
vn 0.728747129 0.0568579994 0.682418406
vn 0.993865013 0.107580997 -0.0256668292
vn -0.599581242 -0.563721061 0.568085313
vn -0.756913126 -0.00173956098 0.653513193
vn -0.974312186 -0.0961341262 0.203651816
vn -0.489128917 -0.0570706129 0.870342433
vn -0.761310518 0.56613791 -0.316060603
vn -0.118354298 -0.591222107 0.797777414
vn -0.402946413 -0.0733073279 0.912283003
vn -0.00192266703 -0.999993205 0.00314342906
vn 0.317859411 -0.670266807 0.67060262
vn -0.79430902 -0.560527205 0.2342702
vn 0.00259411265 -0.999996603 0.000305192953
vn 0.623508096 -0.778973103 -0.0666235015
vn 0.644353271 -0.763927817 0.0349750482
vn 0.0286877695 0.0136114303 0.999495804
vn 0.0594814382 0.880533695 -0.47023651
vn -0.619903326 -0.641877115 -0.451346487
vn 0.996888101 0.0313434601 -0.0723311305
vn 0.589484692 -0.0217909198 -0.80748558
vn 0.587640107 -0.240793496 -0.77246213
vn 0.992420733 -0.122320607 0.0117803812
vn 0.621921837 -0.264205366 -0.73716265
vn 0.634342194 -0.193461403 -0.748453617
vn -0.361808181 -0.359397173 -0.860190988
vn -0.383566797 -0.325183302 -0.8643682
vn -0.963669121 -0.233745307 -0.129248098
vn 0.0754422471 -0.126835793 -0.989050686
vn -0.308672011 -0.365743101 -0.878039718
vn 0.992259026 0.124058999 0.00561541319
vn 0.999544561 -0.00973540638 0.0285653416
vn -0.364367723 -0.429953218 -0.826060832
vn -0.966577113 -0.229230493 -0.114813603
vn -0.603666604 -0.0755651519 0.793647707
vn 0.539362073 -0.0235606395 0.841744304
vn 0.539421976 0.122930206 0.833013952
vn -0.966577113 -0.229230493 -0.114813603
vn -0.963669121 -0.233745307 -0.129248098
vn 0.658143818 -0.237774074 -0.714360058
vn 0.607788444 -0.193186074 -0.770241678
vn -0.438803703 -0.289534807 -0.850659192
vn -0.950972617 -0.265271306 -0.159004003
vn -0.662178099 -0.0235913899 0.748975098
vn 0.406025201 0.36210829 0.839059711
vn -0.950972617 -0.265271306 -0.159004003
vn 0.993394434 0.085300684 0.0767553449
vn 0.976038873 0.216595694 0.0208446905
vn -0.970456779 -0.166453004 -0.174662694
vn -0.979276001 -0.115729503 -0.166208595
vn -0.701535583 0.229379207 0.674709618
vn -0.6933617 0.117528699 0.710940599
vn -0.970456779 -0.166453004 -0.174662694
vn 0.982087314 -0.0499604307 0.181682602
vn 0.526302218 -0.0524928495 -0.848675728
vn -0.503202021 -0.119818687 -0.855821908
vn -0.987809837 -0.108983509 -0.111150309
vn 0.401547492 0.440002292 0.803217113
vn 0.423787922 0.17551522 0.888593435
vn -0.639474452 0.0368064567 0.767930806
vn 0.672798812 -0.0582308695 -0.73753041
vn 0.429802388 -0.133338496 0.893023372
vn -0.979276001 -0.115729503 -0.166208595
vn -0.700993001 -0.185342401 0.688663304
vn -0.414575487 -0.322528988 0.850942016
vn 0.056155432 -0.483974546 0.873278379
vn 0.665011466 -0.0278333966 0.746314347
vn 0.987938404 -0.151985794 -0.0296341702
vn 0.621921837 -0.264205366 -0.73716265
vn -0.383566797 -0.325183302 -0.8643682
vn -0.603666604 -0.0755651519 0.793647707
vn 0.545499444 -0.0650362968 0.835584044
vn 0.992420733 -0.122320607 0.0117803812
vn -0.795689404 -0.51750946 -0.314741671
vn -0.963669121 -0.233745307 -0.129248098
vn 0 -0.294326007 -0.955705106
vn 0 -0.866857588 -0.498555988
vn -0.414575487 -0.322528988 0.850942016
vn -0.603666604 -0.0755651519 0.793647707
vn -0.963669121 -0.233745307 -0.129248098
vn 0 -0.703588426 0.710607827
vn 0 -0.689918816 0.723886847
vn 0 -0.757394433 -0.652957737
vn -0.68781656 0.381035149 -0.617835462
vn -0.987809837 -0.108983509 -0.111150309
vn 0.539362073 -0.0235606395 0.841744304
vn -0.795689404 -0.51750946 -0.314741671
vn 0 -0.689918816 0.723886847
vn 0.0457481109 0.948991179 -0.311966091
vn 0.785599113 0.610478997 -0.100744396
vn 0.733588994 0.673222125 -0.092839241
vn 0.000213635954 -0.999999881 -0.000366232911
vn -0.617741525 -0.617100656 -0.487424046
vn -0.770727992 -0.637146115 0.00482195569
vn 0.0296341665 0.966819167 -0.253736973
vn -0.68711102 0.475001991 -0.54977423
vn 0.0359821282 0.573517025 -0.818403125
vn -0.000122073994 -1 0.000152592998
vn -0.720010281 -0.671576202 0.174844801
vn -0.712716579 0.67758888 -0.181406602
vn -0.745001256 0.649568141 -0.151771381
vn -0.770727992 -0.637146115 0.00482195569
vn 0.711294293 -0.697468817 0.0871645212
vn 0.750314891 -0.661076725 0.0022889371
vn 0.947493672 0.133306995 0.290663213
vn 0.771546721 -0.633296371 0.060427241
vn 0.79430902 -0.560527205 0.2342702
vn 0.703276455 0.47630772 -0.527762532
vn 0.619903326 -0.641877115 -0.451346487
vn -0.998383224 0.056123551 0.00900292303
vn -0.644353271 -0.763927817 0.0349750482
vn -0.842357516 0.472191513 -0.259748012
vn 0.0421779677 -0.616280556 -0.786396384
vn -0.998383224 0.056123551 0.00900292303
vn -0.71133101 -0.647302628 0.273875207
vn -0.623508096 -0.778973103 -0.0666235015
vn -0.993865013 0.107580997 -0.0256668292
vn -0.66105485 0.0419339463 0.749164939
vn 0.599581242 -0.563721061 0.568085313
vn 0.756913126 -0.00173956098 0.653513193
vn 0.974312186 -0.0961341262 0.203651816
vn 0.489128917 -0.0570706129 0.870342433
vn 0.761310518 0.56613791 -0.316060603
vn 0.118354298 -0.591222107 0.797777414
vn 0.402946413 -0.0733073279 0.912283003
vn 0.00192266703 -0.999993205 0.00314342906
vn -0.317859411 -0.670266807 0.67060262
vn -0.623508096 -0.778973103 -0.0666235015
vn -0.00259411265 -0.999996603 0.000305192953
vn -0.644353271 -0.763927817 0.0349750482
vn -0.0286877695 0.0136114303 0.999495804
vn -0.0594814382 0.880533695 -0.47023651
vn 0.0421779677 -0.616280556 -0.786396384
vn 0.759042501 0.614320576 -0.215556905
vn -0.728747129 0.0568579994 0.682418406
vn -0.0421779677 -0.616280556 -0.786396384
vn 0.617741525 -0.617100656 -0.487424046
vn 0.623508096 -0.778973103 -0.0666235015
vn 0.617741525 -0.617100656 -0.487424046
vn 0.623508096 -0.778973103 -0.0666235015
vn -0.720010281 -0.671576202 0.174844801
vn -0.617741525 -0.617100656 -0.487424046
vn -0.623508096 -0.778973103 -0.0666235015
vn -0.617741525 -0.617100656 -0.487424046
vn -0.993865013 0.107580997 -0.0256668292
f 1/1/1 2/2/2 3/3/3
f 4/4/4 5/5/5 6/6/6
f 7/7/7 8/8/8 5/5/5
f 9/9/9 10/10/10 11/11/11
f 10/10/10 12/12/12 13/13/13
f 14/14/14 7/7/7 4/4/4
f 15/15/15 16/16/16 7/7/7
f 17/17/17 18/18/18 19/19/19
f 20/20/20 21/21/21 19/19/19
f 22/22/22 23/23/23 24/24/24
f 25/25/25 26/26/26 27/27/27
f 28/28/28 6/6/6 2/2/2
f 12/12/12 4/4/4 29/29/29
f 30/30/30 12/12/12 31/31/31
f 30/30/30 32/32/32 33/33/33
f 34/34/34 35/35/35 36/36/36
f 37/37/37 25/25/25 38/38/38
f 12/12/12 1/1/1 13/13/13
f 39/39/39 40/40/40 15/15/15
f 41/41/41 15/15/15 14/14/14
f 42/42/42 43/43/43 39/39/39
f 44/44/44 45/45/45 18/18/18
f 19/19/19 46/46/46 20/20/20
f 47/47/47 48/48/48 23/23/23
f 49/49/49 50/50/50 51/51/51
f 52/52/52 53/53/53 54/54/54
f 31/31/31 32/32/32 30/30/30
f 42/42/42 33/33/33 55/55/55
f 9/9/9 21/21/21 56/56/56
f 57/57/57 58/58/58 59/59/59
f 19/19/19 11/11/11 17/17/17
f 22/22/22 42/42/42 47/47/47
f 60/60/60 61/61/61 62/62/62
f 63/63/63 64/64/64 65/65/65
f 42/42/42 55/55/55 58/58/58
f 9/9/9 66/66/66 31/31/31
f 67/67/67 64/64/64 52/52/52
f 67/67/67 54/54/54 62/62/62
f 68/68/68 65/65/65 67/67/67
f 50/50/50 69/69/69 67/67/67
f 52/52/52 70/70/70 71/71/71
f 72/72/72 65/65/65 68/68/68
f 61/61/61 50/50/50 62/62/62
f 73/73/73 69/69/69 49/49/49
f 53/53/53 74/74/74 75/75/75
f 70/70/70 74/74/74 71/71/71
f 63/63/63 76/76/76 70/70/70
f 60/60/60 53/53/53 77/77/77
f 78/78/78 76/76/76 63/63/63
f 79/79/79 77/77/77 80/80/80
f 75/75/75 81/81/81 82/82/82
f 83/83/83 81/81/81 74/74/74
f 76/76/76 83/83/83 70/70/70
f 77/77/77 75/75/75 84/84/84
f 76/76/76 85/85/85 86/86/86
f 77/77/77 84/84/84 87/87/87
f 82/82/82 88/88/88 89/89/89
f 90/90/90 88/88/88 81/81/81
f 86/86/86 90/90/90 83/83/83
f 75/75/75 91/91/91 84/84/84
f 86/86/86 92/92/92 93/93/93
f 87/87/87 91/91/91 94/94/94
f 88/88/88 95/95/95 89/89/89
f 96/96/96 97/97/97 88/88/88
f 93/93/93 96/96/96 90/90/90
f 82/82/82 98/98/98 91/91/91
f 93/93/93 99/99/99 100/100/100
f 91/91/91 101/101/101 94/94/94
f 102/102/102 103/103/103 97/97/97
f 102/102/102 104/104/104 105/105/105
f 96/96/96 106/106/106 102/102/102
f 89/89/89 107/107/107 98/98/98
f 100/100/100 108/108/108 106/106/106
f 101/101/101 107/107/107 109/109/109
f 95/95/95 110/110/110 111/111/111
f 112/112/112 113/113/113 114/114/114
f 115/115/115 116/116/116 117/117/117
f 118/118/118 119/119/119 120/120/120
f 121/121/121 113/113/113 116/116/116
f 122/122/122 123/123/123 124/124/124
f 125/125/125 126/126/126 122/122/122
f 127/127/127 128/128/128 106/106/106
f 95/95/95 129/129/129 107/107/107
f 130/130/130 131/131/131 132/132/132
f 118/118/118 133/133/133 134/134/134
f 128/128/128 135/135/135 136/136/136
f 137/137/137 138/138/138 112/112/112
f 106/106/106 139/139/139 140/140/140
f 106/106/106 104/104/104 102/102/102
f 135/135/135 141/141/141 142/142/142
f 105/105/105 142/142/142 143/143/143
f 132/132/132 144/144/144 145/145/145
f 136/136/136 142/142/142 104/104/104
f 23/23/23 146/146/146 24/24/24
f 18/18/18 147/147/147 46/46/46
f 48/48/48 148/148/148 23/23/23
f 148/148/148 149/149/149 146/146/146
f 45/45/45 150/150/150 147/147/147
f 148/148/148 151/151/151 152/152/152
f 153/153/153 154/154/154 45/45/45
f 152/152/152 155/155/155 149/149/149
f 150/150/150 156/156/156 157/157/157
f 152/152/152 158/158/158 159/159/159
f 160/160/160 156/156/156 154/154/154
f 38/38/38 161/161/161 162/162/162
f 163/163/163 35/35/35 25/25/25
f 38/38/38 27/27/27 164/164/164
f 165/165/165 166/166/166 167/167/167
f 168/168/168 169/169/169 170/170/170
f 171/171/171 172/172/172 173/173/173
f 173/173/173 8/8/8 16/16/16
f 174/174/174 175/175/175 176/176/176
f 175/175/175 177/177/177 176/176/176
f 178/178/178 173/173/173 179/179/179
f 179/179/179 16/16/16 40/40/40
f 180/180/180 181/181/181 182/182/182
f 183/183/183 184/184/184 182/182/182
f 22/22/22 185/185/185 186/186/186
f 8/8/8 167/167/167 187/187/187
f 188/188/188 189/189/189 190/190/190
f 191/191/191 192/192/192 193/193/193
f 177/177/177 194/194/194 178/178/178
f 177/177/177 195/195/195 176/176/176
f 196/196/196 197/197/197 195/195/195
f 172/172/172 167/167/167 8/8/8
f 190/190/190 198/198/198 166/166/166
f 199/199/199 188/188/188 200/200/200
f 168/168/168 177/177/177 201/201/201
f 202/202/202 40/40/40 43/43/43
f 179/179/179 203/203/203 178/178/178
f 204/204/204 43/43/43 205/205/205
f 206/206/206 207/207/207 180/180/180
f 208/208/208 182/182/182 184/184/184
f 186/186/186 209/209/209 210/210/210
f 211/211/211 212/212/212 213/213/213
f 214/214/214 215/215/215 216/216/216
f 197/197/197 176/176/176 195/195/195
f 204/204/204 196/196/196 202/202/202
f 174/174/174 183/183/183 182/182/182
f 210/210/210 217/217/217 186/186/186
f 182/182/182 218/218/218 174/174/174
f 204/204/204 22/22/22 186/186/186
f 219/219/219 220/220/220 221/221/221
f 222/222/222 223/223/223 224/224/224
f 217/217/217 225/225/225 204/204/204
f 226/226/226 174/174/174 176/176/176
f 227/227/227 223/223/223 222/222/222
f 216/216/216 215/215/215 227/227/227
f 227/227/227 222/222/222 228/228/228
f 220/220/220 229/229/229 211/211/211
f 215/215/215 230/230/230 223/223/223
f 228/228/228 222/222/222 231/231/231
f 221/221/221 211/211/211 213/213/213
f 229/229/229 232/232/232 212/212/212
f 214/214/214 233/233/233 234/234/234
f 233/233/233 230/230/230 234/234/234
f 230/230/230 235/235/235 224/224/224
f 219/219/219 214/214/214 216/216/216
f 235/235/235 236/236/236 224/224/224
f 237/237/237 238/238/238 219/219/219
f 239/239/239 240/240/240 233/233/233
f 240/240/240 241/241/241 233/233/233
f 241/241/241 235/235/235 230/230/230
f 238/238/238 239/239/239 214/214/214
f 235/235/235 242/242/242 243/243/243
f 244/244/244 245/245/245 238/238/238
f 246/246/246 247/247/247 240/240/240
f 247/247/247 248/248/248 240/240/240
f 248/248/248 249/249/249 241/241/241
f 250/250/250 239/239/239 245/245/245
f 249/249/249 251/251/251 242/242/242
f 244/244/244 250/250/250 245/245/245
f 252/252/252 247/247/247 253/253/253
f 254/254/254 255/255/255 247/247/247
f 255/255/255 256/256/256 248/248/248
f 257/257/257 246/246/246 250/250/250
f 256/256/256 258/258/258 251/251/251
f 259/259/259 250/250/250 260/260/260
f 261/261/261 262/262/262 263/263/263
f 264/264/264 265/265/265 266/266/266
f 255/255/255 267/267/267 268/268/268
f 269/269/269 253/253/253 257/257/257
f 268/268/268 270/270/270 258/258/258
f 259/259/259 269/269/269 257/257/257
f 271/271/271 272/272/272 262/262/262
f 273/273/273 266/266/266 254/254/254
f 274/274/274 275/275/275 276/276/276
f 277/277/277 269/269/269 278/278/278
f 279/279/279 274/274/274 280/280/280
f 281/281/281 261/261/261 263/263/263
f 282/282/282 283/283/283 284/284/284
f 285/285/285 286/286/286 283/283/283
f 287/287/287 288/288/288 267/267/267
f 267/267/267 289/289/289 270/270/270
f 290/290/290 291/291/291 292/292/292
f 293/293/293 252/252/252 269/269/269
f 294/294/294 288/288/288 287/287/287
f 295/295/295 114/114/114 296/296/296
f 252/252/252 297/297/297 254/254/254
f 265/265/265 267/267/267 266/266/266
f 298/298/298 294/294/294 299/299/299
f 264/264/264 299/299/299 265/265/265
f 300/300/300 301/301/301 291/291/291
f 299/299/299 287/287/287 265/265/265
f 146/146/146 185/185/185 24/24/24
f 302/302/302 180/180/180 208/208/208
f 303/303/303 209/209/209 185/185/185
f 149/149/149 303/303/303 146/146/146
f 304/304/304 206/206/206 302/302/302
f 303/303/303 305/305/305 306/306/306
f 307/307/307 308/308/308 206/206/206
f 155/155/155 309/309/309 149/149/149
f 304/304/304 310/310/310 307/307/307
f 309/309/309 311/311/311 305/305/305
f 310/310/310 312/312/312 307/307/307
f 313/313/313 314/314/314 315/315/315
f 200/200/200 190/190/190 165/165/165
f 314/314/314 316/316/316 188/188/188
f 187/187/187 36/36/36 35/35/35
f 2/2/2 163/163/163 37/37/37
f 5/5/5 163/163/163 6/6/6
f 169/169/169 200/200/200 192/192/192
f 200/200/200 172/172/172 192/192/192
f 317/317/317 167/167/167 166/166/166
f 317/317/317 36/36/36 167/167/167
f 140/140/140 318/318/318 319/319/319
f 320/320/320 321/321/321 322/322/322
f 129/129/129 323/323/323 324/324/324
f 325/325/325 140/140/140 139/139/139
f 326/326/326 111/111/111 296/296/296
f 327/327/327 130/130/130 328/328/328
f 295/295/295 111/111/111 110/110/110
f 329/329/329 295/295/295 103/103/103
f 107/107/107 324/324/324 109/109/109
f 330/330/330 331/331/331 332/332/332
f 333/333/333 334/334/334 335/335/335
f 336/336/336 293/293/293 277/277/277
f 337/337/337 338/338/338 289/289/289
f 339/339/339 340/340/340 341/341/341
f 290/290/290 342/342/342 330/330/330
f 339/339/339 343/343/343 297/297/297
f 343/343/343 344/344/344 273/273/273
f 345/345/345 346/346/346 281/281/281
f 323/323/323 121/121/121 115/115/115
f 328/328/328 120/120/120 327/327/327
f 296/296/296 121/121/121 326/326/326
f 328/328/328 347/347/347 118/118/118
f 295/295/295 137/137/137 112/112/112
f 263/263/263 343/343/343 341/341/341
f 343/343/343 272/272/272 333/333/333
f 330/330/330 276/276/276 338/338/338
f 280/280/280 330/330/330 342/342/342
f 281/281/281 341/341/341 340/340/340
f 336/336/336 281/281/281 348/348/348
f 27/27/27 349/349/349 350/350/350
f 164/164/164 351/351/351 161/161/161
f 164/164/164 350/350/350 352/352/352
f 316/316/316 353/353/353 189/189/189
f 189/189/189 354/354/354 198/198/198
f 355/355/355 356/356/356 313/313/313
f 356/356/356 357/357/357 316/316/316
f 198/198/198 358/358/358 359/359/359
f 359/359/359 166/166/166 198/198/198
f 162/162/162 360/360/360 361/361/361
f 362/362/362 315/315/315 363/363/363
f 364/364/364 313/313/313 362/362/362
f 161/161/161 365/365/365 360/360/360
f 37/37/37 162/162/162 366/366/366
f 315/315/315 199/199/199 367/367/367
f 2/2/2 366/366/366 3/3/3
f 367/367/367 169/169/169 368/368/368
f 315/315/315 367/367/367 363/363/363
f 361/361/361 366/366/366 162/162/162
f 26/26/26 369/369/369 349/349/349
f 358/358/358 34/34/34 359/359/359
f 359/359/359 36/36/36 317/317/317
f 39/39/39 41/41/41 33/33/33
f 30/30/30 41/41/41 14/14/14
f 195/195/195 178/178/178 203/203/203
f 202/202/202 196/196/196 203/203/203
f 203/203/203 196/196/196 195/195/195
f 41/41/41 30/30/30 33/33/33
f 54/54/54 60/60/60 62/62/62
f 62/62/62 50/50/50 67/67/67
f 69/69/69 68/68/68 67/67/67
f 72/72/72 63/63/63 65/65/65
f 64/64/64 63/63/63 70/70/70
f 223/223/223 230/230/230 224/224/224
f 370/370/370 244/244/244 238/238/238
f 80/80/80 77/77/77 87/87/87
f 231/231/231 222/222/222 224/224/224
f 232/232/232 228/228/228 231/231/231
f 229/229/229 227/227/227 228/228/228
f 220/220/220 216/216/216 227/227/227
f 186/186/186 217/217/217 204/204/204
f 47/47/47 42/42/42 58/58/58
f 73/73/73 72/72/72 68/68/68
f 5/5/5 8/8/8 187/187/187
f 1/1/1 28/28/28 2/2/2
f 4/4/4 7/7/7 5/5/5
f 7/7/7 16/16/16 8/8/8
f 9/9/9 31/31/31 10/10/10
f 10/10/10 31/31/31 12/12/12
f 14/14/14 15/15/15 7/7/7
f 15/15/15 40/40/40 16/16/16
f 17/17/17 44/44/44 18/18/18
f 20/20/20 371/371/371 21/21/21
f 22/22/22 47/47/47 23/23/23
f 25/25/25 35/35/35 26/26/26
f 28/28/28 4/4/4 6/6/6
f 12/12/12 14/14/14 4/4/4
f 30/30/30 14/14/14 12/12/12
f 34/34/34 26/26/26 35/35/35
f 37/37/37 163/163/163 25/25/25
f 12/12/12 29/29/29 1/1/1
f 39/39/39 43/43/43 40/40/40
f 41/41/41 39/39/39 15/15/15
f 42/42/42 205/205/205 43/43/43
f 44/44/44 153/153/153 45/45/45
f 19/19/19 18/18/18 46/46/46
f 47/47/47 57/57/57 48/48/48
f 49/49/49 69/69/69 50/50/50
f 52/52/52 71/71/71 53/53/53
f 31/31/31 66/66/66 32/32/32
f 42/42/42 39/39/39 33/33/33
f 9/9/9 19/19/19 21/21/21
f 57/57/57 47/47/47 58/58/58
f 19/19/19 9/9/9 11/11/11
f 22/22/22 205/205/205 42/42/42
f 9/9/9 56/56/56 66/66/66
f 67/67/67 65/65/65 64/64/64
f 67/67/67 52/52/52 54/54/54
f 52/52/52 64/64/64 70/70/70
f 61/61/61 51/51/51 50/50/50
f 73/73/73 68/68/68 69/69/69
f 53/53/53 71/71/71 74/74/74
f 70/70/70 83/83/83 74/74/74
f 60/60/60 54/54/54 53/53/53
f 78/78/78 372/372/372 76/76/76
f 79/79/79 60/60/60 77/77/77
f 75/75/75 74/74/74 81/81/81
f 83/83/83 90/90/90 81/81/81
f 76/76/76 86/86/86 83/83/83
f 77/77/77 53/53/53 75/75/75
f 76/76/76 372/372/372 85/85/85
f 82/82/82 81/81/81 88/88/88
f 90/90/90 96/96/96 88/88/88
f 86/86/86 93/93/93 90/90/90
f 75/75/75 82/82/82 91/91/91
f 86/86/86 85/85/85 92/92/92
f 87/87/87 84/84/84 91/91/91
f 88/88/88 97/97/97 95/95/95
f 96/96/96 102/102/102 97/97/97
f 93/93/93 100/100/100 96/96/96
f 82/82/82 89/89/89 98/98/98
f 93/93/93 92/92/92 99/99/99
f 91/91/91 98/98/98 101/101/101
f 102/102/102 329/329/329 103/103/103
f 105/105/105 373/373/373 329/329/329
f 329/329/329 102/102/102 105/105/105
f 96/96/96 100/100/100 106/106/106
f 89/89/89 95/95/95 107/107/107
f 100/100/100 99/99/99 108/108/108
f 101/101/101 98/98/98 107/107/107
f 95/95/95 97/97/97 110/110/110
f 112/112/112 138/138/138 113/113/113
f 115/115/115 121/121/121 116/116/116
f 118/118/118 134/134/134 119/119/119
f 121/121/121 114/114/114 113/113/113
f 122/122/122 126/126/126 123/123/123
f 125/125/125 374/374/374 126/126/126
f 136/136/136 106/106/106 128/128/128
f 127/127/127 375/375/375 128/128/128
f 95/95/95 111/111/111 129/129/129
f 130/130/130 320/320/320 131/131/131
f 118/118/118 347/347/347 133/133/133
f 128/128/128 376/376/376 135/135/135
f 137/137/137 119/119/119 138/138/138
f 106/106/106 108/108/108 139/139/139
f 106/106/106 136/136/136 104/104/104
f 135/135/135 377/377/377 141/141/141
f 105/105/105 104/104/104 142/142/142
f 132/132/132 131/131/131 144/144/144
f 136/136/136 135/135/135 142/142/142
f 23/23/23 148/148/148 146/146/146
f 18/18/18 45/45/45 147/147/147
f 48/48/48 378/378/378 148/148/148
f 148/148/148 152/152/152 149/149/149
f 45/45/45 154/154/154 150/150/150
f 148/148/148 378/378/378 151/151/151
f 153/153/153 160/160/160 154/154/154
f 152/152/152 159/159/159 155/155/155
f 150/150/150 154/154/154 156/156/156
f 152/152/152 151/151/151 158/158/158
f 160/160/160 379/379/379 156/156/156
f 38/38/38 164/164/164 161/161/161
f 163/163/163 187/187/187 35/35/35
f 38/38/38 25/25/25 27/27/27
f 165/165/165 190/190/190 166/166/166
f 168/168/168 368/368/368 169/169/169
f 171/171/171 192/192/192 172/172/172
f 173/173/173 172/172/172 8/8/8
f 174/174/174 218/218/218 175/175/175
f 175/175/175 201/201/201 177/177/177
f 178/178/178 171/171/171 173/173/173
f 179/179/179 173/173/173 16/16/16
f 180/180/180 207/207/207 181/181/181
f 183/183/183 380/380/380 184/184/184
f 22/22/22 24/24/24 185/185/185
f 188/188/188 316/316/316 189/189/189
f 191/191/191 169/169/169 192/192/192
f 177/177/177 381/381/381 194/194/194
f 177/177/177 178/178/178 195/195/195
f 172/172/172 165/165/165 167/167/167
f 190/190/190 189/189/189 198/198/198
f 199/199/199 314/314/314 188/188/188
f 168/168/168 382/382/382 177/177/177
f 202/202/202 179/179/179 40/40/40
f 179/179/179 202/202/202 203/203/203
f 204/204/204 202/202/202 43/43/43
f 206/206/206 308/308/308 207/207/207
f 208/208/208 180/180/180 182/182/182
f 186/186/186 185/185/185 209/209/209
f 211/211/211 229/229/229 212/212/212
f 214/214/214 234/234/234 215/215/215
f 197/197/197 226/226/226 176/176/176
f 204/204/204 225/225/225 196/196/196
f 174/174/174 383/383/383 183/183/183
f 210/210/210 384/384/384 217/217/217
f 182/182/182 181/181/181 218/218/218
f 204/204/204 205/205/205 22/22/22
f 219/219/219 216/216/216 220/220/220
f 226/226/226 383/383/383 174/174/174
f 227/227/227 215/215/215 223/223/223
f 220/220/220 227/227/227 229/229/229
f 215/215/215 234/234/234 230/230/230
f 221/221/221 220/220/220 211/211/211
f 229/229/229 228/228/228 232/232/232
f 214/214/214 239/239/239 233/233/233
f 233/233/233 241/241/241 230/230/230
f 219/219/219 238/238/238 214/214/214
f 235/235/235 243/243/243 236/236/236
f 237/237/237 370/370/370 238/238/238
f 239/239/239 246/246/246 240/240/240
f 240/240/240 248/248/248 241/241/241
f 241/241/241 249/249/249 235/235/235
f 238/238/238 245/245/245 239/239/239
f 235/235/235 249/249/249 242/242/242
f 246/246/246 253/253/253 247/247/247
f 247/247/247 255/255/255 248/248/248
f 248/248/248 256/256/256 249/249/249
f 250/250/250 246/246/246 239/239/239
f 249/249/249 256/256/256 251/251/251
f 244/244/244 260/260/260 250/250/250
f 252/252/252 254/254/254 247/247/247
f 254/254/254 266/266/266 255/255/255
f 255/255/255 268/268/268 256/256/256
f 257/257/257 253/253/253 246/246/246
f 256/256/256 268/268/268 258/258/258
f 259/259/259 257/257/257 250/250/250
f 261/261/261 271/271/271 262/262/262
f 266/266/266 344/344/344 264/264/264
f 385/385/385 264/264/264 344/344/344
f 255/255/255 266/266/266 267/267/267
f 269/269/269 252/252/252 253/253/253
f 268/268/268 267/267/267 270/270/270
f 259/259/259 278/278/278 269/269/269
f 271/271/271 279/279/279 272/272/272
f 273/273/273 344/344/344 266/266/266
f 274/274/274 386/386/386 275/275/275
f 277/277/277 293/293/293 269/269/269
f 279/279/279 386/386/386 274/274/274
f 281/281/281 346/346/346 261/261/261
f 282/282/282 285/285/285 283/283/283
f 285/285/285 387/387/387 286/286/286
f 388/388/388 267/267/267 288/288/288
f 288/288/288 389/389/389 388/388/388
f 267/267/267 337/337/337 289/289/289
f 290/290/290 300/300/300 291/291/291
f 293/293/293 339/339/339 252/252/252
f 294/294/294 390/390/390 288/288/288
f 295/295/295 112/112/112 114/114/114
f 252/252/252 339/339/339 297/297/297
f 265/265/265 287/287/287 267/267/267
f 298/298/298 391/391/391 294/294/294
f 264/264/264 392/392/392 299/299/299
f 300/300/300 393/393/393 301/301/301
f 299/299/299 294/294/294 287/287/287
f 146/146/146 303/303/303 185/185/185
f 302/302/302 206/206/206 180/180/180
f 303/303/303 306/306/306 209/209/209
f 149/149/149 309/309/309 303/303/303
f 304/304/304 307/307/307 206/206/206
f 303/303/303 309/309/309 305/305/305
f 307/307/307 312/312/312 308/308/308
f 155/155/155 394/394/394 309/309/309
f 304/304/304 395/395/395 310/310/310
f 309/309/309 394/394/394 311/311/311
f 310/310/310 396/396/396 312/312/312
f 313/313/313 356/356/356 314/314/314
f 200/200/200 188/188/188 190/190/190
f 314/314/314 356/356/356 316/316/316
f 187/187/187 167/167/167 36/36/36
f 2/2/2 6/6/6 163/163/163
f 5/5/5 187/187/187 163/163/163
f 169/169/169 199/199/199 200/200/200
f 200/200/200 165/165/165 172/172/172
f 129/129/129 397/397/397 323/323/323
f 325/325/325 328/328/328 140/140/140
f 326/326/326 129/129/129 111/111/111
f 327/327/327 320/320/320 130/130/130
f 295/295/295 296/296/296 111/111/111
f 329/329/329 398/398/398 295/295/295
f 107/107/107 129/129/129 324/324/324
f 336/336/336 348/348/348 293/293/293
f 337/337/337 330/330/330 338/338/338
f 339/339/339 293/293/293 340/340/340
f 290/290/290 292/292/292 342/342/342
f 339/339/339 341/341/341 343/343/343
f 343/343/343 333/333/333 344/344/344
f 345/345/345 399/399/399 346/346/346
f 323/323/323 397/397/397 121/121/121
f 328/328/328 118/118/118 120/120/120
f 296/296/296 114/114/114 121/121/121
f 328/328/328 325/325/325 347/347/347
f 295/295/295 398/398/398 137/137/137
f 263/263/263 262/262/262 343/343/343
f 343/343/343 262/262/262 272/272/272
f 330/330/330 274/274/274 276/276/276
f 280/280/280 274/274/274 330/330/330
f 281/281/281 263/263/263 341/341/341
f 336/336/336 345/345/345 281/281/281
f 27/27/27 26/26/26 349/349/349
f 164/164/164 352/352/352 351/351/351
f 164/164/164 27/27/27 350/350/350
f 316/316/316 357/357/357 353/353/353
f 189/189/189 353/353/353 354/354/354
f 355/355/355 400/400/400 356/356/356
f 356/356/356 400/400/400 357/357/357
f 198/198/198 354/354/354 358/358/358
f 359/359/359 317/317/317 166/166/166
f 162/162/162 161/161/161 360/360/360
f 362/362/362 313/313/313 315/315/315
f 364/364/364 355/355/355 313/313/313
f 161/161/161 351/351/351 365/365/365
f 37/37/37 38/38/38 162/162/162
f 315/315/315 314/314/314 199/199/199
f 2/2/2 37/37/37 366/366/366
f 367/367/367 199/199/199 169/169/169
f 26/26/26 34/34/34 369/369/369
f 358/358/358 369/369/369 34/34/34
f 359/359/359 34/34/34 36/36/36
f 25/25/25 401/401/401 402/402/402
f 403/403/403 36/36/36 35/35/35
f 38/38/38 162/162/162 404/404/404
f 38/38/38 405/405/405 401/401/401
f 188/188/188 190/190/190 406/406/406
f 190/190/190 166/166/166 407/407/407
f 408/408/408 315/315/315 314/314/314
f 314/314/314 188/188/188 409/409/409
f 401/401/401 410/410/410 411/411/411
f 405/405/405 404/404/404 412/412/412
f 405/405/405 413/413/413 410/410/410
f 409/409/409 406/406/406 414/414/414
f 406/406/406 407/407/407 415/415/415
f 416/416/416 408/408/408 417/417/417
f 417/417/417 409/409/409 418/418/418
f 407/407/407 419/419/419 420/420/420
f 419/419/419 407/407/407 166/166/166
f 162/162/162 361/361/361 421/421/421
f 422/422/422 363/363/363 315/315/315
f 423/423/423 422/422/422 408/408/408
f 404/404/404 421/421/421 424/424/424
f 402/402/402 411/411/411 425/425/425
f 420/420/420 419/419/419 403/403/403
f 419/419/419 317/317/317 36/36/36
f 25/25/25 402/402/402 35/35/35
f 403/403/403 35/35/35 402/402/402
f 38/38/38 404/404/404 405/405/405
f 38/38/38 401/401/401 25/25/25
f 188/188/188 406/406/406 409/409/409
f 190/190/190 407/407/407 406/406/406
f 408/408/408 314/314/314 417/417/417
f 314/314/314 409/409/409 417/417/417
f 401/401/401 411/411/411 402/402/402
f 405/405/405 412/412/412 413/413/413
f 405/405/405 410/410/410 401/401/401
f 409/409/409 414/414/414 418/418/418
f 406/406/406 415/415/415 414/414/414
f 416/416/416 417/417/417 426/426/426
f 417/417/417 418/418/418 426/426/426
f 407/407/407 420/420/420 415/415/415
f 419/419/419 166/166/166 317/317/317
f 162/162/162 421/421/421 404/404/404
f 422/422/422 315/315/315 408/408/408
f 423/423/423 408/408/408 416/416/416
f 404/404/404 424/424/424 412/412/412
f 402/402/402 425/425/425 403/403/403
f 420/420/420 403/403/403 425/425/425
f 419/419/419 36/36/36 403/403/403
f 427/427/427 428/428/428 429/429/429
f 430/430/430 431/431/431 432/432/432
f 433/433/433 434/434/434 435/435/435
f 429/429/429 436/436/436 437/437/437
f 438/438/438 431/431/431 439/439/439
f 440/440/440 441/441/441 433/433/433
f 432/432/432 433/433/433 435/435/435
f 442/442/442 443/443/443 444/444/444
f 445/445/445 442/442/442 446/446/446
f 444/444/444 439/439/439 430/430/430
f 438/438/438 447/447/447 448/448/448
f 449/449/449 450/450/450 440/440/440
f 431/431/431 440/440/440 433/433/433
f 451/451/451 452/452/452 443/443/443
f 453/453/453 451/451/451 445/445/445
f 443/443/443 438/438/438 439/439/439
f 454/454/454 447/447/447 455/455/455
f 449/449/449 456/456/456 457/457/457
f 447/447/447 440/440/440 448/448/448
f 458/458/458 452/452/452 459/459/459
f 460/460/460 459/459/459 453/453/453
f 452/452/452 455/455/455 438/438/438
f 461/461/461 462/462/462 454/454/454
f 463/463/463 464/464/464 456/456/456
f 462/462/462 449/449/449 447/447/447
f 458/458/458 465/465/465 466/466/466
f 460/460/460 467/467/467 458/458/458
f 465/465/465 455/455/455 466/466/466
f 468/468/468 463/463/463 462/462/462
f 467/467/467 469/469/469 465/465/465
f 470/470/470 471/471/471 467/467/467
f 469/469/469 454/454/454 465/465/465
f 472/472/472 473/473/473 474/474/474
f 473/473/473 475/475/475 427/427/427
f 475/475/475 476/476/476 428/428/428
f 428/428/428 477/477/477 436/436/436
f 478/478/478 479/479/479 472/472/472
f 479/479/479 480/480/480 475/475/475
f 436/436/436 481/481/481 482/482/482
f 437/437/437 483/483/483 484/484/484
f 437/437/437 436/436/436 483/483/483
f 485/485/485 486/486/486 487/487/487
f 488/488/488 489/489/489 474/474/474
f 472/472/472 474/474/474 489/489/489
f 490/490/490 483/483/483 436/436/436
f 482/482/482 490/490/490 436/436/436
f 427/427/427 475/475/475 428/428/428
f 430/430/430 439/439/439 431/431/431
f 433/433/433 441/441/441 434/434/434
f 429/429/429 428/428/428 436/436/436
f 438/438/438 448/448/448 431/431/431
f 440/440/440 450/450/450 441/441/441
f 432/432/432 431/431/431 433/433/433
f 442/442/442 451/451/451 443/443/443
f 445/445/445 451/451/451 442/442/442
f 444/444/444 443/443/443 439/439/439
f 438/438/438 455/455/455 447/447/447
f 449/449/449 457/457/457 450/450/450
f 431/431/431 448/448/448 440/440/440
f 451/451/451 459/459/459 452/452/452
f 453/453/453 459/459/459 451/451/451
f 443/443/443 452/452/452 438/438/438
f 454/454/454 462/462/462 447/447/447
f 449/449/449 463/463/463 456/456/456
f 447/447/447 449/449/449 440/440/440
f 458/458/458 466/466/466 452/452/452
f 460/460/460 458/458/458 459/459/459
f 452/452/452 466/466/466 455/455/455
f 461/461/461 468/468/468 462/462/462
f 463/463/463 491/491/491 464/464/464
f 462/462/462 463/463/463 449/449/449
f 458/458/458 467/467/467 465/465/465
f 460/460/460 470/470/470 467/467/467
f 465/465/465 454/454/454 455/455/455
f 468/468/468 491/491/491 463/463/463
f 467/467/467 471/471/471 469/469/469
f 470/470/470 492/492/492 471/471/471
f 469/469/469 461/461/461 454/454/454
f 472/472/472 479/479/479 473/473/473
f 473/473/473 479/479/479 475/475/475
f 475/475/475 480/480/480 476/476/476
f 428/428/428 476/476/476 477/477/477
f 478/478/478 493/493/493 479/479/479
f 479/479/479 493/493/493 480/480/480
f 436/436/436 477/477/477 481/481/481
f 485/485/485 494/494/494 486/486/486
f 494/494/494 485/485/485 495/495/495
f 496/496/496 497/497/497 498/498/498
f 499/499/499 500/500/500 501/501/501
f 502/502/502 503/503/503 504/504/504
f 501/501/501 505/505/505 506/506/506
f 497/497/497 504/504/504 507/507/507
f 507/507/507 508/508/508 509/509/509
f 510/510/510 496/496/496 498/498/498
f 511/511/511 512/512/512 513/513/513
f 514/514/514 515/515/515 496/496/496
f 503/503/503 508/508/508 504/504/504
f 516/516/516 517/517/517 518/518/518
f 519/519/519 503/503/503 520/520/520
f 521/521/521 522/522/522 523/523/523
f 524/524/524 523/523/523 525/525/525
f 491/491/491 517/517/517 526/526/526
f 527/527/527 511/511/511 528/528/528
f 528/528/528 529/529/529 530/530/530
f 511/511/511 531/531/531 529/529/529
f 532/532/532 528/528/528 533/533/533
f 522/522/522 534/534/534 535/535/535
f 534/534/534 536/536/536 527/527/527
f 537/537/537 538/538/538 539/539/539
f 537/537/537 510/510/510 512/512/512
f 523/523/523 535/535/535 540/540/540
f 535/535/535 533/533/533 540/540/540
f 540/540/540 530/530/530 525/525/525
f 530/530/530 533/533/533 528/528/528
f 512/512/512 534/534/534 537/537/537
f 491/491/491 541/541/541 518/518/518
f 500/500/500 542/542/542 514/514/514
f 498/498/498 541/541/541 513/513/513
f 512/512/512 498/498/498 513/513/513
f 507/507/507 516/516/516 518/518/518
f 541/541/541 507/507/507 518/518/518
f 506/506/506 537/537/537 539/539/539
f 519/519/519 515/515/515 542/542/542
f 525/525/525 523/523/523 540/540/540
f 514/514/514 505/505/505 500/500/500
f 531/531/531 541/541/541 491/491/491
f 515/515/515 502/502/502 496/496/496
f 543/543/543 544/544/544 545/545/545
f 546/546/546 547/547/547 548/548/548
f 549/549/549 550/550/550 551/551/551
f 544/544/544 552/552/552 553/553/553
f 554/554/554 555/555/555 548/548/548
f 556/556/556 549/549/549 557/557/557
f 547/547/547 550/550/550 549/549/549
f 558/558/558 559/559/559 560/560/560
f 561/561/561 562/562/562 558/558/558
f 559/559/559 546/546/546 555/555/555
f 554/554/554 563/563/563 564/564/564
f 565/565/565 556/556/556 566/566/566
f 548/548/548 549/549/549 556/556/556
f 567/567/567 560/560/560 568/568/568
f 569/569/569 561/561/561 567/567/567
f 560/560/560 555/555/555 554/554/554
f 570/570/570 571/571/571 564/564/564
f 565/565/565 572/572/572 573/573/573
f 564/564/564 563/563/563 556/556/556
f 574/574/574 575/575/575 568/568/568
f 576/576/576 569/569/569 575/575/575
f 568/568/568 554/554/554 571/571/571
f 577/577/577 570/570/570 578/578/578
f 579/579/579 573/573/573 580/580/580
f 578/578/578 564/564/564 565/565/565
f 574/574/574 581/581/581 582/582/582
f 576/576/576 574/574/574 583/583/583
f 582/582/582 581/581/581 571/571/571
f 584/584/584 578/578/578 579/579/579
f 583/583/583 582/582/582 585/585/585
f 586/586/586 583/583/583 587/587/587
f 585/585/585 582/582/582 570/570/570
f 588/588/588 589/589/589 590/590/590
f 590/590/590 543/543/543 591/591/591
f 591/591/591 545/545/545 592/592/592
f 545/545/545 553/553/553 593/593/593
f 594/594/594 588/588/588 595/595/595
f 595/595/595 591/591/591 596/596/596
f 553/553/553 597/597/597 598/598/598
f 552/552/552 599/599/599 600/600/600
f 552/552/552 600/600/600 553/553/553
f 601/601/601 602/602/602 603/603/603
f 604/604/604 589/589/589 605/605/605
f 588/588/588 605/605/605 589/589/589
f 606/606/606 553/553/553 600/600/600
f 597/597/597 553/553/553 606/606/606
f 543/543/543 545/545/545 591/591/591
f 546/546/546 548/548/548 555/555/555
f 549/549/549 551/551/551 557/557/557
f 544/544/544 553/553/553 545/545/545
f 554/554/554 548/548/548 563/563/563
f 556/556/556 557/557/557 566/566/566
f 547/547/547 549/549/549 548/548/548
f 558/558/558 560/560/560 567/567/567
f 561/561/561 558/558/558 567/567/567
f 559/559/559 555/555/555 560/560/560
f 554/554/554 564/564/564 571/571/571
f 565/565/565 566/566/566 572/572/572
f 548/548/548 556/556/556 563/563/563
f 567/567/567 568/568/568 575/575/575
f 569/569/569 567/567/567 575/575/575
f 560/560/560 554/554/554 568/568/568
f 570/570/570 564/564/564 578/578/578
f 565/565/565 573/573/573 579/579/579
f 564/564/564 556/556/556 565/565/565
f 574/574/574 568/568/568 581/581/581
f 576/576/576 575/575/575 574/574/574
f 568/568/568 571/571/571 581/581/581
f 577/577/577 578/578/578 584/584/584
f 579/579/579 580/580/580 607/607/607
f 578/578/578 565/565/565 579/579/579
f 574/574/574 582/582/582 583/583/583
f 576/576/576 583/583/583 586/586/586
f 582/582/582 571/571/571 570/570/570
f 584/584/584 579/579/579 607/607/607
f 583/583/583 585/585/585 587/587/587
f 586/586/586 587/587/587 608/608/608
f 585/585/585 570/570/570 577/577/577
f 588/588/588 590/590/590 595/595/595
f 590/590/590 591/591/591 595/595/595
f 591/591/591 592/592/592 596/596/596
f 545/545/545 593/593/593 592/592/592
f 594/594/594 595/595/595 609/609/609
f 595/595/595 596/596/596 609/609/609
f 553/553/553 598/598/598 593/593/593
f 601/601/601 603/603/603 610/610/610
f 610/610/610 611/611/611 601/601/601
f 612/612/612 613/613/613 614/614/614
f 615/615/615 616/616/616 617/617/617
f 618/618/618 619/619/619 620/620/620
f 621/621/621 617/617/617 622/622/622
f 612/612/612 623/623/623 618/618/618
f 624/624/624 625/625/625 623/623/623
f 626/626/626 613/613/613 627/627/627
f 628/628/628 629/629/629 630/630/630
f 627/627/627 631/631/631 632/632/632
f 625/625/625 619/619/619 623/623/623
f 633/633/633 634/634/634 635/635/635
f 619/619/619 636/636/636 620/620/620
f 637/637/637 638/638/638 639/639/639
f 640/640/640 641/641/641 637/637/637
f 607/607/607 633/633/633 635/635/635
f 628/628/628 642/642/642 643/643/643
f 644/644/644 643/643/643 645/645/645
f 646/646/646 628/628/628 644/644/644
f 643/643/643 647/647/647 648/648/648
f 649/649/649 638/638/638 650/650/650
f 642/642/642 630/630/630 649/649/649
f 651/651/651 652/652/652 653/653/653
f 652/652/652 626/626/626 621/621/621
f 641/641/641 650/650/650 638/638/638
f 648/648/648 650/650/650 654/654/654
f 654/654/654 645/645/645 648/648/648
f 645/645/645 643/643/643 648/648/648
f 649/649/649 629/629/629 652/652/652
f 607/607/607 635/635/635 655/655/655
f 615/615/615 632/632/632 656/656/656
f 655/655/655 614/614/614 657/657/657
f 629/629/629 614/614/614 626/626/626
f 634/634/634 624/624/624 635/635/635
f 655/655/655 624/624/624 612/612/612
f 652/652/652 622/622/622 653/653/653
f 631/631/631 636/636/636 632/632/632
f 658/658/658 654/654/654 641/641/641
f 627/627/627 621/621/621 626/626/626
f 646/646/646 655/655/655 657/657/657
f 631/631/631 618/618/618 620/620/620
f 494/494/494 610/610/610 606/606/606
f 496/496/496 502/502/502 497/497/497
f 499/499/499 659/659/659 500/500/500
f 502/502/502 520/520/520 503/503/503
f 501/501/501 500/500/500 505/505/505
f 497/497/497 502/502/502 504/504/504
f 507/507/507 504/504/504 508/508/508
f 510/510/510 514/514/514 496/496/496
f 511/511/511 536/536/536 512/512/512
f 514/514/514 542/542/542 515/515/515
f 503/503/503 660/660/660 508/508/508
f 516/516/516 661/661/661 517/517/517
f 519/519/519 662/662/662 503/503/503
f 521/521/521 663/663/663 522/522/522
f 524/524/524 521/521/521 523/523/523
f 491/491/491 518/518/518 517/517/517
f 527/527/527 536/536/536 511/511/511
f 528/528/528 511/511/511 529/529/529
f 511/511/511 513/513/513 531/531/531
f 532/532/532 527/527/527 528/528/528
f 522/522/522 538/538/538 534/534/534
f 527/527/527 532/532/532 534/534/534
f 532/532/532 535/535/535 534/534/534
f 537/537/537 534/534/534 538/538/538
f 537/537/537 505/505/505 510/510/510
f 523/523/523 522/522/522 535/535/535
f 535/535/535 532/532/532 533/533/533
f 540/540/540 533/533/533 530/530/530
f 512/512/512 536/536/536 534/534/534
f 500/500/500 659/659/659 542/542/542
f 498/498/498 497/497/497 541/541/541
f 512/512/512 510/510/510 498/498/498
f 507/507/507 509/509/509 516/516/516
f 541/541/541 497/497/497 507/507/507
f 506/506/506 505/505/505 537/537/537
f 519/519/519 520/520/520 515/515/515
f 514/514/514 510/510/510 505/505/505
f 531/531/531 513/513/513 541/541/541
f 515/515/515 520/520/520 502/502/502
f 612/612/612 618/618/618 613/613/613
f 615/615/615 656/656/656 616/616/616
f 618/618/618 623/623/623 619/619/619
f 621/621/621 615/615/615 617/617/617
f 612/612/612 624/624/624 623/623/623
f 624/624/624 664/664/664 625/625/625
f 626/626/626 614/614/614 613/613/613
f 628/628/628 657/657/657 629/629/629
f 627/627/627 613/613/613 631/631/631
f 625/625/625 665/665/665 619/619/619
f 633/633/633 666/666/666 634/634/634
f 619/619/619 667/667/667 636/636/636
f 637/637/637 641/641/641 638/638/638
f 640/640/640 658/658/658 641/641/641
f 607/607/607 668/668/668 633/633/633
f 628/628/628 630/630/630 642/642/642
f 644/644/644 628/628/628 643/643/643
f 646/646/646 657/657/657 628/628/628
f 643/643/643 642/642/642 647/647/647
f 649/649/649 651/651/651 638/638/638
f 650/650/650 647/647/647 649/649/649
f 647/647/647 642/642/642 649/649/649
f 651/651/651 649/649/649 652/652/652
f 652/652/652 629/629/629 626/626/626
f 641/641/641 654/654/654 650/650/650
f 648/648/648 647/647/647 650/650/650
f 654/654/654 658/658/658 645/645/645
f 649/649/649 630/630/630 629/629/629
f 615/615/615 627/627/627 632/632/632
f 655/655/655 612/612/612 614/614/614
f 629/629/629 657/657/657 614/614/614
f 634/634/634 664/664/664 624/624/624
f 655/655/655 635/635/635 624/624/624
f 652/652/652 621/621/621 622/622/622
f 631/631/631 620/620/620 636/636/636
f 627/627/627 615/615/615 621/621/621
f 646/646/646 607/607/607 655/655/655
f 631/631/631 613/613/613 618/618/618
f 494/494/494 495/495/495 610/610/610
