# Static bind-pose geometry from 0 A.D. PSMD v4
# Y-up, original orientation, uniform scale 8; no skinning or attachments
o base
g base
usemtl base
v -10.707056 2.30954409 -22.9674797
v -10.707056 -1.54346395 -22.9674797
v -21.3478565 -1.54346395 -22.9674797
v -4.55105591 2.30954409 -39.2612152
v -4.55105591 -1.54346395 -39.2612152
v -4.55105591 -1.54346395 -12.8612156
v -6.02384806 2.30790401 -30.1128712
v -9.26930428 2.30790401 -30.1128712
v -9.26930428 12.6519279 -25.3292809
v -10.7062244 21.0788803 -27.5599689
v -10.7062244 21.0788803 -24.3145199
v -19.430088 2.30790401 -24.3145199
v -19.430088 2.30790401 -24.3145199
v -19.430088 2.30790401 -27.5599766
v -10.7062244 21.0788803 -27.5599689
v -6.02384806 2.30790401 -14.4195356
v -6.02384806 21.0788803 -22.9675121
v -6.02384806 12.6519279 -22.9675121
v 21.3478565 2.30954409 -29.0094166
v 10.707056 2.30954409 -29.0094166
v 10.707056 -1.54346395 -29.0094166
v 10.707056 2.30954409 -22.9674873
v 21.3478565 2.30954409 -22.9674873
v 21.3478565 -1.54346395 -22.9674873
v 10.707056 -1.54346395 -22.9674873
v 4.55105591 2.30954409 -39.2612152
v 4.55105591 2.30954409 -12.8612156
v 4.55105591 -1.54346395 -12.8612156
v 6.02384806 2.30790401 -30.1128712
v 6.02384806 12.6519279 -25.3292809
v 9.26930428 12.6519279 -25.3292809
v 4.52767181 49.1851196 -31.1602077
v 6.16219997 49.1851196 -31.1602077
v 6.16219997 47.4225273 -24.5821114
v 12.9868956 48.9170876 -30.1598568
v 14.6115923 48.9170876 -30.1598568
v 14.6115923 26.4294167 -36.1854172
v 11.7355518 22.9106007 -37.2198792
v 10.1621284 22.4952393 -35.6697121
v 10.4206161 37.152935 -30.7815762
v 12.6683598 37.7463112 -32.9961052
v 7.31124783 37.3600731 -31.5545921
v 7.98556805 22.6402321 -36.2108231
v 7.38244009 23.2005844 -38.3020973
v 6.44963217 38.1605759 -34.5421295
v 8.95586395 23.6159439 -39.852272
v 8.69737625 38.753952 -36.7566566
v 11.1324158 23.4709511 -39.311161
v 11.8067436 38.5468254 -35.9836388
v 7.98557615 53.1065292 -28.0473919
v 11.1324244 53.9372559 -31.147728
v -8.48073578 23.5732803 -39.6930733
v -7.26085615 23.0847359 -37.8697777
v -6.29884815 37.995079 -33.9245377
v -8.04152775 38.6930161 -36.5292473
v -8.28563976 22.5670242 -35.9376717
v -7.76282406 37.2555122 -31.1644001
v -10.530304 22.5378723 -35.8288803
v -11.7501841 23.026432 -37.6521759
v -12.7121763 37.9118004 -33.6136818
v -10.9694881 37.2138557 -31.0089684
v -7.26083994 53.5510406 -29.7063599
v -8.48071194 54.0395927 -31.5296631
v -8.28562355 53.033329 -27.7742634
v -11.7501678 53.4927368 -29.48876
v -10.7253761 54.0104408 -31.4208641
v -11.2482004 38.6513672 -36.3738251
v -16.2329445 48.7267838 -22.6806316
v -16.2329445 52.7848167 -37.8254089
v -14.5302801 49.1147842 -24.1286716
v -16.2329445 48.7267838 -22.6806316
v -14.5302801 49.1147842 -24.1286716
v 16.2768879 48.7267838 -22.6806316
v -2.7697041 52.360424 -36.2415771
v -2.7697041 50.6126709 -36.7098885
v -2.7697041 47.3670235 -24.5969849
v -2.7697041 49.1147842 -24.1286793
v -4.44454384 49.1147842 -24.1286793
v -4.44454384 52.360424 -36.2415771
v 4.52767181 52.360424 -36.2415771
v 4.52767181 50.6126709 -36.7098885
v 4.52767181 47.3670235 -24.5969849
v 4.52767181 49.1147842 -24.1286793
v 2.85203195 49.1147842 -24.1286793
v 2.85203195 52.360424 -36.2415771
v -2.86319208 18.6159515 33.1618576
v -4.87104797 36.6134491 -34.0056877
v -2.8605361 36.6134491 -34.0056877
v -4.59344816 18.2018394 34.7073364
v -4.59344816 9.73583221 32.4388733
v -4.87104797 28.1449833 -36.2747993
v -9.68366432 50.8042717 -23.6750965
v -9.68366432 47.3474083 -24.6013603
v -14.57868 48.8458481 -30.1935844
v -9.68366432 54.0398483 -35.7504234
v -9.68366432 50.5829926 -36.6766968
v -4.44615221 49.1134491 -31.1923046
v -14.57868 54.0398483 -35.7504234
v -14.57868 50.5829926 -36.6766891
v 14.662632 48.8458481 -30.1935844
v 9.7676239 47.3474083 -24.6013603
v 9.7676239 50.8042717 -23.6750965
v 14.662632 52.3027039 -29.2673206
v 14.662632 50.5829849 -36.6766891
v 4.53010416 52.5703201 -30.2660408
v 9.7676239 54.0398483 -35.7504234
v 14.662632 54.0398483 -35.7504234
v -11.7759361 17.7784557 27.2507038
v -11.7759361 28.4758396 30.1170559
v -10.4194317 28.2731438 30.8735523
v -10.4194317 28.6785431 29.3605671
v -10.4194317 17.9811592 26.4942074
v -10.4194317 17.5757523 28.0072002
v -10.4194317 6.01736021 36.8369675
v -10.4194317 13.8483915 29.0059357
v -10.4194317 12.7408075 27.8983593
v -10.4194317 2.10625601 22.2405434
v -10.4194317 12.803648 25.1068954
v -11.7759361 12.6009436 25.8633919
v -10.4194317 24.3620396 16.2771282
v -10.4194317 16.5310078 24.10816
v -10.4194317 17.6385918 25.215744
v 11.1447439 16.6398487 28.9431038
v 12.501256 15.8833599 29.1458073
v 12.501256 18.749712 39.8431931
v 11.1447439 13.8483915 29.0059357
v 12.501256 13.2945995 28.4521523
v 12.501256 5.46356821 36.2831841
v 11.1447439 12.3982401 26.6198883
v 12.501256 12.6009436 25.8633919
v 12.501256 1.90356004 22.9970398
v 11.1447439 1.70085597 23.7535362
v 11.1447439 15.2525358 23.7655926
v 11.1447439 13.7395515 24.1709995
v 11.1447439 10.8732004 13.473608
v 11.1447439 12.3861837 13.0682077
v 12.501256 14.496048 23.9682961
v 12.501256 11.6296883 13.2709036
v 11.1447439 17.6385918 25.215744
v 11.1447439 16.5310078 24.10816
v 11.1447439 24.3620396 16.2771282
v -8.31060791 38.2960167 -32.2893982
v -8.38712025 36.481575 -32.8887024
v -18.0509605 34.9490891 -26.5394802
v -17.9863758 36.480648 -26.0336075
v -9.32763195 39.3639107 -33.5069504
v -18.8448486 37.3820648 -27.0613441
v -9.45143223 36.4281044 -34.4766579
v -10.0327044 38.2094803 -34.8587532
v -19.4399929 36.407608 -28.2023926
v -18.9493523 34.9039421 -27.8798637
v -25.5720882 34.3889351 -20.8321991
v -27.0233765 33.5632973 -17.9573689
v -25.2064323 33.5716553 -20.7335434
v -24.4887676 34.4942398 -19.8629036
v -24.5369034 33.6367455 -20.1344872
v -25.1285439 34.9591293 -20.2941208
v 8.78268814 38.2960167 -32.2893982
v 18.4584637 36.480648 -26.0336075
v 18.5230484 34.9490814 -26.5394802
v 8.85920811 36.4815674 -32.8887024
v 9.79971218 39.3639107 -33.5069504
v 19.3169365 37.3820648 -27.0613441
v 9.92352009 36.4281044 -34.4766579
v 19.4214325 34.9039421 -27.8798637
v 19.9120808 36.407608 -28.2023926
v 10.5047836 38.2094803 -34.8587532
v 25.0089912 33.6367455 -20.1344795
v 24.9608555 34.4942398 -19.8629036
v 27.4954643 33.5632896 -17.9573689
v 25.6785202 33.5716553 -20.7335434
v 26.0441761 34.3889275 -20.8321991
v 2.74260807 32.7400246 -19.0694485
v 4.93163204 32.7397766 -19.0690632
v 4.79375982 23.587944 15.0855923
v -2.74818397 32.7400246 -19.0694561
v -2.70112801 31.1484318 -19.48736
v -2.70248008 21.8736076 14.6350555
v -2.70248008 21.8736076 14.6350555
v -2.74914408 23.5879192 15.0851364
v -2.74818397 32.7400246 -19.0694561
v -4.9240799 32.7397766 -19.0690632
v -4.78620005 23.5879517 15.0855923
v -4.83297586 21.8734474 14.6356478
v -4.83297586 21.8734474 14.6356478
v -4.97096014 31.1482716 -19.4867687
v -4.9240799 32.7397766 -19.0690632
v -25.2661591 34.3773422 -20.2828884
v -25.2661591 34.1000328 -19.6453114
v -25.2661591 33.4624557 -19.9226246
v -25.2661591 33.739769 -20.5601997
v 0.147155762 34.1000328 -19.6453114
v 25.5604725 34.1000328 -19.6453114
v 25.5604725 33.4624557 -19.9226246
v 0.147155762 33.4624557 -19.9226246
v 25.5604725 34.3773422 -20.2828884
v 25.5604725 33.739769 -20.5601997
v 0.147155762 34.3773422 -20.2828884
v 0.147155762 33.739769 -20.5601997
v -21.3478565 -1.54346395 -22.9674797
v -21.3478565 -1.54346395 -29.0094166
v -21.3478565 2.30954409 -29.0094166
v -21.3478565 2.30954409 -22.9674797
v -10.707056 -1.54346395 -29.0094166
v -10.707056 2.30954409 -29.0094166
v -21.3478565 2.30954409 -29.0094166
v -21.3478565 -1.54346395 -29.0094166
v -10.707056 2.30954409 -29.0094166
v -10.707056 2.30954409 -22.9674797
v -21.3478565 2.30954409 -22.9674797
v -21.3478565 2.30954409 -29.0094166
v -21.3478565 2.30954409 -22.9674797
v -10.707056 -1.54346395 -12.8612156
v -10.707056 2.30954409 -12.8612156
v -4.55105591 2.30954409 -12.8612156
v -4.55105591 -1.54346395 -12.8612156
v -10.707056 -1.54346395 -39.2612152
v -4.55105591 -1.54346395 -39.2612152
v -4.55105591 2.30954409 -39.2612152
v -10.707056 2.30954409 -39.2612152
v -4.55105591 2.30954409 -12.8612156
v -4.55105591 2.30954409 -12.8612156
v -10.707056 2.30954409 -12.8612156
v -10.707056 2.30954409 -39.2612152
v -4.55105591 2.30954409 -39.2612152
v -10.707056 2.30954409 -12.8612156
v -10.707056 -1.54346395 -12.8612156
v -10.707056 -1.54346395 -39.2612152
v -10.707056 2.30954409 -39.2612152
v -6.02384806 21.0788803 -25.3292809
v -9.26930428 21.0788803 -25.3292809
v -9.26930428 2.30790401 -34.0424232
v -6.02384806 2.30790401 -34.0424232
v -6.02384806 12.6519279 -25.3292809
v -6.02384806 21.0788803 -25.3292809
v -6.02384806 2.30790401 -34.0424232
v -6.02384806 2.30790401 -30.1128712
v -6.02384806 12.6519279 -25.3292809
v -9.26930428 2.30790401 -34.0424232
v -9.26930428 21.0788803 -25.3292809
v -9.26930428 12.6519279 -25.3292809
v -9.26930428 2.30790401 -30.1128712
v -10.7062244 12.6519279 -27.5599689
v -10.7062244 21.0788803 -27.5599689
v -19.430088 2.30790401 -27.5599766
v -19.430088 2.30790401 -27.5599766
v -15.500536 2.30790401 -27.5599689
v -10.7062244 12.6519279 -27.5599689
v -10.7062244 12.6519279 -24.3145199
v -10.7062244 12.6519279 -27.5599689
v -15.500536 2.30790401 -27.5599689
v -15.500536 2.30790401 -24.3145199
v -19.430088 2.30790401 -24.3145199
v -10.7062244 21.0788803 -24.3145199
v -10.7062244 12.6519279 -24.3145199
v -15.500536 2.30790401 -24.3145199
v -9.26930428 21.0788803 -22.9675121
v -6.02384806 21.0788803 -22.9675121
v -6.02384806 2.30790401 -14.4195356
v -9.26930428 2.30790401 -14.4195356
v -9.26930428 12.6519279 -22.9675121
v -9.26930428 21.0788803 -22.9675121
v -9.26930428 2.30790401 -14.4195356
v -9.26930428 2.30790401 -18.3490887
v -6.02384806 12.6519279 -22.9675121
v -9.26930428 12.6519279 -22.9675121
v -9.26930428 2.30790401 -18.3490887
v -6.02384806 2.30790401 -18.3490887
v -6.02384806 2.30790401 -18.3490887
v -10.7284241 25.2981358 -29.0116482
v -4.52460003 25.2981358 -29.0116482
v -4.52460003 25.2981358 -22.9616318
v -10.7284241 25.2981358 -22.9616318
v -10.7284241 2.30954409 -29.0116482
v -4.52460003 2.30954409 -29.0116482
v -4.52460003 25.2981358 -29.0116482
v -10.7284241 25.2981358 -29.0116482
v -4.52460003 2.30954409 -29.0116482
v -4.52460003 2.30954409 -22.9616318
v -4.52460003 25.2981358 -22.9616318
v -4.52460003 25.2981358 -29.0116482
v -4.52460003 2.30954409 -22.9616318
v -10.7284241 2.30954409 -22.9616318
v -10.7284241 25.2981358 -22.9616318
v -4.52460003 25.2981358 -22.9616318
v -10.7284241 2.30954409 -22.9616318
v -10.7284241 2.30954409 -29.0116482
v -10.7284241 25.2981358 -29.0116482
v -10.7284241 25.2981358 -22.9616318
v 21.3478565 -1.54346395 -22.9674873
v 21.3478565 2.30954409 -22.9674873
v 21.3478565 2.30954409 -29.0094166
v 21.3478565 -1.54346395 -29.0094166
v 21.3478565 -1.54346395 -29.0094166
v 10.707056 2.30954409 -29.0094166
v 21.3478565 2.30954409 -29.0094166
v 21.3478565 2.30954409 -22.9674873
v 10.707056 2.30954409 -22.9674873
v 10.707056 -1.54346395 -12.8612156
v 4.55105591 -1.54346395 -12.8612156
v 4.55105591 2.30954409 -12.8612156
v 10.707056 2.30954409 -12.8612156
v 10.707056 -1.54346395 -39.2612152
v 10.707056 2.30954409 -39.2612152
v 4.55105591 2.30954409 -39.2612152
v 4.55105591 -1.54346395 -39.2612152
v 4.55105591 -1.54346395 -39.2612152
v 4.55105591 2.30954409 -12.8612156
v 4.55105591 2.30954409 -39.2612152
v 10.707056 2.30954409 -39.2612152
v 10.707056 2.30954409 -12.8612156
v 10.707056 2.30954409 -12.8612156
v 10.707056 2.30954409 -39.2612152
v 10.707056 -1.54346395 -39.2612152
v 10.707056 -1.54346395 -12.8612156
v 6.02384806 21.0788803 -25.3292809
v 6.02384806 2.30790401 -34.0424232
v 9.26930428 2.30790401 -34.0424232
v 9.26930428 21.0788803 -25.3292809
v 6.02384806 12.6519279 -25.3292809
v 6.02384806 2.30790401 -30.1128712
v 6.02384806 2.30790401 -34.0424232
v 6.02384806 21.0788803 -25.3292809
v 9.26930428 2.30790401 -30.1128712
v 9.26930428 2.30790401 -34.0424232
v 9.26930428 2.30790401 -30.1128712
v 9.26930428 12.6519279 -25.3292809
v 9.26930428 21.0788803 -25.3292809
v 10.7062244 21.0788803 -27.5599689
v 19.430088 2.30790401 -27.5599766
v 19.430088 2.30790401 -24.3145199
v 19.430088 2.30790401 -24.3145199
v 10.7062244 21.0788803 -24.3145199
v 10.7062244 21.0788803 -27.5599689
v 10.7062244 12.6519279 -27.5599689
v 15.500536 2.30790401 -27.5599689
v 19.430088 2.30790401 -27.5599766
v 19.430088 2.30790401 -27.5599766
v 10.7062244 21.0788803 -27.5599689
v 10.7062244 12.6519279 -27.5599689
v 10.7062244 12.6519279 -24.3145199
v 15.500536 2.30790401 -24.3145199
v 15.500536 2.30790401 -27.5599689
v 10.7062244 12.6519279 -27.5599689
v 19.430088 2.30790401 -24.3145199
v 15.500536 2.30790401 -24.3145199
v 10.7062244 12.6519279 -24.3145199
v 10.7062244 21.0788803 -24.3145199
v 9.26930428 21.0788803 -22.9675121
v 9.26930428 2.30790401 -14.4195356
v 6.02384806 2.30790401 -14.4195356
v 6.02384806 21.0788803 -22.9675121
v 9.26930428 12.6519279 -22.9675121
v 9.26930428 2.30790401 -18.3490887
v 9.26930428 2.30790401 -14.4195356
v 9.26930428 21.0788803 -22.9675121
v 6.02384806 12.6519279 -22.9675121
v 6.02384806 2.30790401 -18.3490887
v 9.26930428 2.30790401 -18.3490887
v 9.26930428 12.6519279 -22.9675121
v 6.02384806 2.30790401 -14.4195356
v 6.02384806 2.30790401 -18.3490887
v 6.02384806 12.6519279 -22.9675121
v 6.02384806 21.0788803 -22.9675121
v 10.7284241 25.2981358 -29.0116482
v 10.7284241 25.2981358 -22.9616394
v 4.52460003 25.2981358 -22.9616394
v 4.52460003 25.2981358 -29.0116482
v 10.7284241 2.30954409 -29.0116482
v 10.7284241 25.2981358 -29.0116482
v 4.52460003 25.2981358 -29.0116482
v 4.52460003 2.30954409 -29.0116482
v 4.52460003 2.30954409 -29.0116482
v 4.52460003 25.2981358 -29.0116482
v 4.52460003 25.2981358 -22.9616394
v 4.52460003 2.30954409 -22.9616394
v 4.52460003 2.30954409 -22.9616394
v 4.52460003 25.2981358 -22.9616394
v 10.7284241 25.2981358 -22.9616394
v 10.7284241 2.30954409 -22.9616394
v 10.7284241 2.30954409 -22.9616394
v 10.7284241 25.2981358 -22.9616394
v 10.7284241 25.2981358 -29.0116482
v 10.7284241 2.30954409 -29.0116482
v -8.8090477 28.3122406 -26.0244236
v -8.8090477 27.1433678 -27.6332397
v 9.43095207 27.1433678 -27.6332397
v 9.43095207 28.3122406 -26.0244236
v -8.8090477 25.2520962 -27.0187283
v 9.43095207 25.2520962 -27.0187283
v -8.8090477 25.2520962 -25.0301285
v -8.8090477 27.1433678 -24.4156151
v 9.43095207 27.1433678 -24.4156151
v 9.43095207 25.2520962 -25.0301285
v -8.8090477 25.2520962 -27.0187283
v -8.8090477 27.1433678 -27.6332397
v -8.8090477 28.3122406 -26.0244236
v -8.8090477 25.2520962 -25.0301285
v -8.8090477 27.1433678 -24.4156151
v 9.43095207 25.2520962 -27.0187283
v 9.43095207 25.2520962 -25.0301285
v 9.43095207 27.1433678 -24.4156151
v 9.43095207 27.1433678 -27.6332397
v 9.43095207 28.3122406 -26.0244236
v -16.2329445 28.6912804 -44.2812462
v 16.2768879 28.6912804 -44.2812462
v 16.2768879 24.6332569 -29.1364727
v -16.2329445 24.6332569 -29.1364727
v -16.2329445 26.373064 -44.9024162
v 16.2768879 26.373064 -44.9024162
v 16.2768879 28.6912804 -44.2812462
v 16.2768879 28.6912804 -44.2812462
v -16.2329445 28.6912804 -44.2812462
v -16.2329445 26.373064 -44.9024162
v 16.2768879 26.373064 -44.9024162
v 16.2768879 22.3150406 -29.7576408
v 16.2768879 24.6332569 -29.1364727
v 16.2768879 28.6912804 -44.2812462
v 16.2768879 22.3150406 -29.7576408
v -16.2329445 22.3150406 -29.7576408
v -16.2329445 24.6332569 -29.1364727
v 16.2768879 24.6332569 -29.1364727
v -16.2329445 22.3150406 -29.7576408
v -16.2329445 26.373064 -44.9024162
v -16.2329445 28.6912804 -44.2812462
v -16.2329445 24.6332569 -29.1364727
v 4.52767181 47.4225273 -24.5821114
v 4.52767181 26.6974487 -37.1857605
v 6.16219997 26.6974487 -37.1857605
v 6.16219997 49.1851196 -31.1602077
v 4.52767181 49.1851196 -31.1602077
v 6.16219997 26.6974487 -37.1857605
v 6.16219997 24.9348564 -30.6076641
v 6.16219997 47.4225273 -24.5821114
v 6.16219997 49.1851196 -31.1602077
v 6.16219997 24.9348564 -30.6076641
v 4.52767181 24.9348564 -30.6076641
v 4.52767181 47.4225273 -24.5821114
v 6.16219997 47.4225273 -24.5821114
v 4.52767181 24.9348564 -30.6076641
v 4.52767181 26.6974487 -37.1857605
v 4.52767181 49.1851196 -31.1602077
v 4.52767181 47.4225273 -24.5821114
v 12.9868956 50.6681671 -36.6950073
v 14.6115923 50.6681671 -36.6950073
v 14.6115923 48.9170876 -30.1598568
v 12.9868956 48.9170876 -30.1598568
v 12.9868956 28.1804962 -42.7205696
v 14.6115923 28.1804962 -42.7205696
v 14.6115923 50.6681671 -36.6950073
v 12.9868956 50.6681671 -36.6950073
v 14.6115923 28.1804962 -42.7205696
v 14.6115923 26.4294167 -36.1854172
v 14.6115923 48.9170876 -30.1598568
v 14.6115923 50.6681671 -36.6950073
v 12.9868956 26.4294167 -36.1854172
v 12.9868956 26.4294167 -36.1854172
v 12.9868956 28.1804962 -42.7205696
v 12.9868956 50.6681671 -36.6950073
v 12.9868956 48.9170876 -30.1598568
v 7.98556805 22.6402321 -36.2108231
v 7.31124783 37.3600731 -31.5545921
v 11.1324158 23.4709511 -39.311161
v 11.8067436 38.5468254 -35.9836388
v 10.1621361 52.9615364 -27.5062809
v 11.7355518 53.3768959 -29.056448
v 7.3824482 53.6668892 -30.1386642
v 7.98557615 53.1065292 -28.0473919
v 8.95586395 54.0822563 -31.6888313
v 11.1324244 53.9372559 -31.147728
v 10.1621361 52.9615364 -27.5062809
v 7.98557615 53.1065292 -28.0473919
v 7.3824482 53.6668892 -30.1386642
v 7.3824482 53.6668892 -30.1386642
v 8.95586395 54.0822563 -31.6888313
v 11.1324244 53.9372559 -31.147728
v 10.1621361 52.9615364 -27.5062809
v 7.3824482 53.6668892 -30.1386642
v 11.1324244 53.9372559 -31.147728
v 11.7355518 53.3768959 -29.056448
v 10.1621361 52.9615364 -27.5062809
v 11.1324244 53.9372559 -31.147728
v -4.44454384 49.1851196 -31.1602077
v -4.44454384 47.4225273 -24.5821114
v -6.07827997 47.4225273 -24.5821114
v -6.07827997 49.1851196 -31.1602077
v -4.44454384 26.6974487 -37.1857605
v -4.44454384 49.1851196 -31.1602077
v -6.07827997 49.1851196 -31.1602077
v -6.07827997 26.6974487 -37.1857605
v -6.07827997 26.6974487 -37.1857605
v -6.07827997 49.1851196 -31.1602077
v -6.07827997 47.4225273 -24.5821114
v -6.07827997 24.9348564 -30.6076641
v -6.07827997 24.9348564 -30.6076641
v -6.07827997 47.4225273 -24.5821114
v -4.44454384 47.4225273 -24.5821114
v -4.44454384 24.9348564 -30.6076641
v -4.44454384 24.9348564 -30.6076641
v -4.44454384 47.4225273 -24.5821114
v -4.44454384 49.1851196 -31.1602077
v -4.44454384 26.6974487 -37.1857605
v -12.902976 50.6681671 -36.6950073
v -12.902976 48.9170876 -30.1598568
v -14.5276718 48.9170876 -30.1598568
v -14.5276718 50.6681671 -36.6950073
v -12.902976 28.1804962 -42.7205696
v -12.902976 50.6681671 -36.6950073
v -14.5276718 50.6681671 -36.6950073
v -14.5276718 28.1804962 -42.7205696
v -14.5276718 28.1804962 -42.7205696
v -14.5276718 50.6681671 -36.6950073
v -14.5276718 48.9170876 -30.1598568
v -14.5276718 26.4294167 -36.1854172
v -14.5276718 26.4294167 -36.1854172
v -14.5276718 48.9170876 -30.1598568
v -12.902976 48.9170876 -30.1598568
v -12.902976 26.4294167 -36.1854172
v -12.902976 26.4294167 -36.1854172
v -12.902976 48.9170876 -30.1598568
v -12.902976 50.6681671 -36.6950073
v -12.902976 28.1804962 -42.7205696
v -8.28563976 22.5670242 -35.9376717
v -7.76282406 37.2555122 -31.1644001
v -10.7254 23.544136 -39.5842705
v -11.2482004 38.6513672 -36.3738251
v -10.7254 23.544136 -39.5842705
v -10.5302877 53.0041847 -27.6654644
v -8.28562355 53.033329 -27.7742634
v -10.7253761 54.0104408 -31.4208641
v -7.26083994 53.5510406 -29.7063599
v -8.28562355 53.033329 -27.7742634
v -10.5302877 53.0041847 -27.6654644
v -10.5302877 53.0041847 -27.6654644
v -11.7501678 53.4927368 -29.48876
v -10.7253761 54.0104408 -31.4208641
v -7.26083994 53.5510406 -29.7063599
v -10.5302877 53.0041847 -27.6654644
v -10.7253761 54.0104408 -31.4208641
v -8.48071194 54.0395927 -31.5296631
v -7.26083994 53.5510406 -29.7063599
v -10.7253761 54.0104408 -31.4208641
v 14.6355762 47.3670235 -24.5969849
v 14.6355839 50.6126709 -36.7098885
v 14.6355839 52.360424 -36.2415771
v 14.6355839 52.360424 -36.2415771
v 14.6355839 49.1147842 -24.1286716
v 14.6355762 47.3670235 -24.5969849
v 16.2768879 52.7848167 -37.8254089
v 16.2768879 51.037056 -38.2937202
v 16.2768879 46.9790154 -23.1489449
v 16.2768879 48.7267838 -22.6806316
v -14.5302801 47.3670235 -24.5969849
v -14.5302801 49.1147842 -24.1286716
v -14.5302877 52.360424 -36.2415771
v -14.5302877 52.360424 -36.2415771
v -14.5302801 50.6126709 -36.7098885
v -14.5302801 47.3670235 -24.5969849
v -16.2329445 48.7267838 -22.6806316
v -16.2329445 46.9790306 -23.1489449
v -16.2329445 51.037056 -38.2937202
v -16.2329445 52.7848167 -37.8254089
v -16.2329445 46.9790306 -23.1489449
v -16.2329445 48.7267838 -22.6806316
v 16.2768879 48.7267838 -22.6806316
v 16.2768879 48.7267838 -22.6806316
v 16.2768879 46.9790154 -23.1489449
v -16.2329445 46.9790306 -23.1489449
v 14.6355839 52.7848167 -37.8254089
v 14.6355839 52.360424 -36.2415771
v -14.5302877 52.360424 -36.2415771
v -16.2329445 52.7848167 -37.8254089
v 14.6355839 52.7848167 -37.8254089
v -14.5302877 52.360424 -36.2415771
v -16.2329445 52.7848167 -37.8254089
v -14.5302877 52.360424 -36.2415771
v -14.5302801 49.1147842 -24.1286716
v 14.6355839 52.360424 -36.2415771
v 14.6355839 52.7848167 -37.8254089
v 16.2768879 52.7848167 -37.8254089
v 14.6355839 49.1147842 -24.1286716
v 14.6355839 52.360424 -36.2415771
v 16.2768879 52.7848167 -37.8254089
v 14.6355839 49.1147842 -24.1286716
v 16.2768879 52.7848167 -37.8254089
v 16.2768879 48.7267838 -22.6806316
v -14.5302801 49.1147842 -24.1286716
v 14.6355839 49.1147842 -24.1286716
v 16.2768879 48.7267838 -22.6806316
v -14.5302801 49.1147842 -24.1286716
v -14.5302801 47.3670235 -24.5969849
v 14.6355762 47.3670235 -24.5969849
v 14.6355839 49.1147842 -24.1286716
v 16.2768879 51.037056 -38.2937202
v 16.2768879 52.7848167 -37.8254089
v 14.6355839 52.7848167 -37.8254089
v -16.2329445 51.037056 -38.2937202
v -16.2329445 52.7848167 -37.8254089
v -16.2329445 51.037056 -38.2937202
v 14.6355839 52.7848167 -37.8254089
v -14.5302801 50.6126709 -36.7098885
v -14.5302877 52.360424 -36.2415771
v 14.6355839 52.360424 -36.2415771
v 14.6355839 52.360424 -36.2415771
v 14.6355839 50.6126709 -36.7098885
v -14.5302801 50.6126709 -36.7098885
v -2.7697041 49.1147842 -24.1286793
v -2.7697041 52.360424 -36.2415771
v -4.44454384 49.1147842 -24.1286793
v -4.44454384 47.3670235 -24.5969849
v -4.44454384 50.6126709 -36.7098885
v -4.44454384 52.360424 -36.2415771
v 4.52767181 49.1147842 -24.1286793
v 4.52767181 52.360424 -36.2415771
v 2.85203195 49.1147842 -24.1286793
v 2.85203195 47.3670235 -24.5969849
v 2.85203195 50.6126709 -36.7098885
v 2.85203195 52.360424 -36.2415771
v -4.44455194 16.6330242 32.5930786
v -2.7697041 16.6330242 32.5930786
v -2.7697041 46.9959106 -23.2119598
v -2.7697041 46.9959106 -23.2119598
v -4.44454384 46.9959106 -23.2119598
v -4.44455194 16.6330242 32.5930786
v -2.7697041 16.6330242 32.5930786
v -2.7697041 18.3807831 33.0613937
v -2.7697041 48.7436638 -22.7436485
v -2.7697041 46.9959106 -23.2119598
v -2.7697041 18.3807831 33.0613937
v -4.44455194 18.3807831 33.0613937
v -4.44454384 48.7436638 -22.7436485
v -4.44454384 48.7436638 -22.7436485
v -2.7697041 48.7436638 -22.7436485
v -2.7697041 18.3807831 33.0613937
v -4.44455194 18.3807831 33.0613937
v -4.44455194 16.6330242 32.5930786
v -4.44454384 46.9959106 -23.2119598
v -4.44454384 48.7436638 -22.7436485
v 2.85203195 16.6330242 32.5930786
v 4.52766418 16.6330242 32.5930786
v 4.52767181 46.9959106 -23.2119598
v 4.52767181 46.9959106 -23.2119598
v 2.85203195 46.9959106 -23.2119598
v 2.85203195 16.6330242 32.5930786
v 4.52766418 16.6330242 32.5930786
v 4.52766418 18.3807831 33.0613937
v 4.52767181 48.7436638 -22.7436485
v 4.52767181 46.9959106 -23.2119598
v 4.52766418 18.3807831 33.0613937
v 2.85203195 18.3807831 33.0613937
v 2.85203195 48.7436638 -22.7436485
v 2.85203195 48.7436638 -22.7436485
v 4.52767181 48.7436638 -22.7436485
v 4.52766418 18.3807831 33.0613937
v 2.85203195 18.3807831 33.0613937
v 2.85203195 16.6330242 32.5930786
v 2.85203195 46.9959106 -23.2119598
v 2.85203195 48.7436638 -22.7436485
v -4.59344816 9.73583221 32.4388733
v -4.59344816 18.2018394 34.7073364
v 4.60100794 18.2018394 34.7073364
v 4.60100794 9.73583221 32.4388733
v 2.85479212 36.6134491 -34.0056877
v 2.85479212 28.1449833 -36.2747993
v 4.87860012 28.1449833 -36.2747993
v 4.87860012 36.6134491 -34.0056877
v -2.86054397 28.1449833 -36.2747993
v -2.8605361 36.6134491 -34.0056877
v -4.87104797 36.6134491 -34.0056877
v -4.87104797 28.1449833 -36.2747993
v 2.85820794 18.6159515 33.1618462
v 2.85820794 10.1499443 30.8933926
v 2.85479212 28.1449833 -36.2747993
v 2.85479212 36.6134491 -34.0056877
v 4.60100794 9.73583221 32.4388733
v 4.60100794 18.2018394 34.7073364
v 4.87860012 36.6134491 -34.0056877
v 4.87860012 28.1449833 -36.2747993
v -2.86319208 10.1499443 30.8933926
v 2.85820794 10.1499443 30.8933926
v 2.85820794 18.6159515 33.1618462
v -2.86319208 18.6159515 33.1618576
v -2.8605361 36.6134491 -34.0056877
v -2.86054397 28.1449833 -36.2747993
v 2.85820794 18.6159515 33.1618462
v 2.85479212 36.6134491 -34.0056877
v 4.87860012 36.6134491 -34.0056877
v 4.60100794 18.2018394 34.7073364
v -2.86319208 18.6159515 33.1618576
v 2.85820794 18.6159515 33.1618462
v 4.60100794 18.2018394 34.7073364
v -2.86319208 18.6159515 33.1618576
v 4.60100794 18.2018394 34.7073364
v -4.59344816 18.2018394 34.7073364
v -2.86319208 18.6159515 33.1618576
v -4.59344816 18.2018394 34.7073364
v -4.87104797 36.6134491 -34.0056877
v -4.87104797 36.6134491 -34.0056877
v -0.0127358399 31.313488 -19.7176323
v 2.85394406 32.5890732 -19.3758564
v 2.85394406 28.4990883 -20.4717522
v -2.86019206 32.5890732 -19.3758564
v -0.0127358399 31.313488 -19.7176323
v 2.85394406 28.4990883 -20.4717522
v -2.86019206 28.4990883 -20.4717522
v -2.86019206 32.5890732 -19.3758564
v 2.85394406 28.4990883 -20.4717522
v 2.85394406 44.3525124 -79.6377792
v 2.85394406 48.4425583 -78.541832
v -0.0127119999 47.1715927 -78.8823929
v -2.86019206 44.3525124 -79.6377792
v 2.85394406 44.3525124 -79.6377792
v -0.0127119999 47.1715927 -78.8823929
v -2.86019206 44.3525124 -79.6377792
v -0.0127119999 47.1715927 -78.8823929
v -2.86019206 48.4425697 -78.541832
v 2.85394406 28.4990883 -20.4717522
v 2.85394406 32.5890732 -19.3758564
v 2.85394406 48.4425583 -78.541832
v 2.85394406 44.3525124 -79.6377792
v -0.0127358399 31.313488 -19.7176323
v -0.0127119999 47.1715927 -78.8823929
v 2.85394406 48.4425583 -78.541832
v 2.85394406 32.5890732 -19.3758564
v -2.86019206 32.5890732 -19.3758564
v -2.86019206 28.4990883 -20.4717522
v -2.86019206 44.3525124 -79.6377792
v -2.86019206 48.4425697 -78.541832
v -2.86019206 32.5890732 -19.3758564
v -2.86019206 48.4425697 -78.541832
v -14.57868 52.3027039 -29.2673206
v -4.44615221 50.8042717 -23.6750965
v -4.44615221 47.3474083 -24.6013603
v -4.44615221 47.3474083 -24.6013603
v -4.44615221 50.8042717 -23.6750965
v -4.44615221 52.5703201 -30.2660408
v -14.57868 54.0398483 -35.7504234
v -9.68366432 54.0398483 -35.7504234
v -4.44615221 52.5703201 -30.2660408
v -4.44615221 52.5703201 -30.2660408
v -4.44615221 50.8042717 -23.6750965
v -9.68366432 50.8042717 -23.6750965
v -14.57868 54.0398483 -35.7504234
v -4.44615221 52.5703201 -30.2660408
v -9.68366432 50.8042717 -23.6750965
v -14.57868 52.3027039 -29.2673206
v -14.57868 54.0398483 -35.7504234
v -9.68366432 50.8042717 -23.6750965
v 4.53010416 47.3474083 -24.6013603
v 4.53010416 50.8042717 -23.6750965
v 4.53010416 47.3474083 -24.6013603
v 4.53010416 49.1134491 -31.1923046
v 4.53010416 52.5703201 -30.2660408
v 4.53010416 50.8042717 -23.6750965
v 9.7676239 50.5829849 -36.6766968
v 9.7676239 54.0398483 -35.7504234
v 14.662632 54.0398483 -35.7504234
v 9.7676239 50.8042717 -23.6750965
v 4.53010416 50.8042717 -23.6750965
v 4.53010416 52.5703201 -30.2660408
v 9.7676239 50.8042717 -23.6750965
v 4.53010416 52.5703201 -30.2660408
v 14.662632 54.0398483 -35.7504234
v 14.662632 52.3027039 -29.2673206
v 9.7676239 50.8042717 -23.6750965
v 14.662632 54.0398483 -35.7504234
v -13.3960161 14.1767836 30.2531834
v -13.3960161 17.8722248 29.2629929
v 13.9639835 17.8722248 29.2629929
v 13.9639835 14.1767836 30.2531834
v -13.3960161 18.8624153 25.5675449
v 13.9639835 18.8624153 25.5675449
v -13.3960161 18.8624153 25.5675449
v -13.3960161 16.1571674 22.8622952
v 13.9639835 16.1571598 22.8622952
v 13.9639835 18.8624153 25.5675449
v -13.3960161 12.4617281 23.8524799
v 13.9639835 12.4617205 23.8524876
v -13.3960161 11.4715357 27.5479279
v 13.9639835 11.4715357 27.5479279
v -13.3960161 12.4617281 23.8524799
v -13.3960161 16.1571674 22.8622952
v -13.3960161 18.8624153 25.5675449
v -13.3960161 17.8722248 29.2629929
v -13.3960161 14.1767836 30.2531834
v -13.3960161 11.4715357 27.5479279
v 13.9639835 17.8722248 29.2629929
v 13.9639835 18.8624153 25.5675449
v 13.9639835 16.1571598 22.8622952
v 13.9639835 12.4617205 23.8524876
v 13.9639835 11.4715357 27.5479279
v 13.9639835 14.1767836 30.2531834
v -10.4194317 17.5757523 28.0072002
v -10.4194317 28.2731438 30.8735523
v -11.7759361 28.4758396 30.1170559
v -10.4194317 28.6785431 29.3605671
v -10.4194317 28.2731438 30.8735523
v -11.7759361 15.8833599 29.1458073
v -11.7759361 18.749712 39.8431931
v -10.4194317 17.9932156 40.045887
v -10.4194317 15.1268644 29.3485031
v -10.4194317 15.1268644 29.3485031
v -10.4194317 17.9932156 40.045887
v -10.4194317 19.5062084 39.6404877
v -10.4194317 16.6398487 28.9431038
v -11.7759361 18.749712 39.8431931
v -10.4194317 19.5062084 39.6404877
v -10.4194317 17.9932156 40.045887
v -11.7759361 13.2945995 28.4521523
v -11.7759361 5.46356821 36.2831841
v -10.4194317 4.90977621 35.7293854
v -10.4194317 12.7408075 27.8983593
v -10.4194317 4.90977621 35.7293854
v -11.7759361 5.46356821 36.2831841
v -10.4194317 6.01736021 36.8369675
v -10.4194317 4.90977621 35.7293854
v -11.7759361 1.90356004 22.9970322
v -10.4194317 12.803648 25.1068954
v -10.4194317 2.10625601 22.2405434
v -10.4194317 1.70085597 23.7535362
v -10.4194317 12.3982401 26.6198883
v -11.7759361 1.90356004 22.9970322
v -10.4194317 1.70085597 23.7535362
v -10.4194317 2.10625601 22.2405434
v -11.7759361 14.496048 23.9682961
v -11.7759361 11.6296883 13.2709036
v -10.4194317 12.3861837 13.0682001
v -10.4194317 15.2525358 23.7655926
v -10.4194317 15.2525358 23.7655926
v -10.4194317 12.3861837 13.0682001
v -10.4194317 10.8732004 13.473608
v -10.4194317 13.7395515 24.1709919
v -11.7759361 11.6296883 13.2709036
v -10.4194317 10.8732004 13.473608
v -10.4194317 12.3861837 13.0682001
v -11.7759361 17.0848007 24.6619511
v -11.7759361 24.9158325 16.8309116
v -10.4194317 25.4696236 17.3847046
v -10.4194317 17.6385918 25.215744
v -10.4194317 25.4696236 17.3847046
v -11.7759361 24.9158325 16.8309116
v -10.4194317 24.3620396 16.2771282
v -10.4194317 25.4696236 17.3847046
v 12.501256 17.7784557 27.2507038
v 11.1447439 17.5757523 28.0072002
v 11.1447439 28.2731438 30.8735523
v 12.501256 28.4758396 30.1170635
v 11.1447439 17.5757523 28.0072002
v 11.1447439 17.9811592 26.4942074
v 11.1447439 28.6785431 29.3605671
v 11.1447439 28.2731438 30.8735523
v 12.501256 28.4758396 30.1170635
v 11.1447439 28.2731438 30.8735523
v 11.1447439 28.6785431 29.3605671
v 11.1447439 15.1268644 29.3485031
v 11.1447439 17.9932156 40.045887
v 11.1447439 15.1268644 29.3485031
v 11.1447439 19.5062084 39.6404877
v 11.1447439 17.9932156 40.045887
v 12.501256 18.749712 39.8431931
v 11.1447439 17.9932156 40.045887
v 11.1447439 19.5062084 39.6404877
v 11.1447439 12.7408075 27.8983593
v 11.1447515 4.90977621 35.729393
v 11.1447439 12.7408075 27.8983593
v 11.1447515 6.01736021 36.8369675
v 11.1447515 4.90977621 35.729393
v 12.501256 5.46356821 36.2831841
v 11.1447515 4.90977621 35.729393
v 11.1447515 6.01736021 36.8369675
v 11.1447439 12.803648 25.1068954
v 11.1447439 2.10625601 22.2405434
v 11.1447439 12.803648 25.1068954
v 11.1447439 2.10625601 22.2405434
v 12.501256 1.90356004 22.9970398
v 11.1447439 2.10625601 22.2405434
v 11.1447439 1.70085597 23.7535362
v 11.1447439 15.2525358 23.7655926
v 11.1447439 12.3861837 13.0682077
v 12.501256 11.6296883 13.2709036
v 11.1447439 12.3861837 13.0682077
v 11.1447439 10.8732004 13.473608
v 12.501256 17.0848007 24.6619511
v 11.1447439 17.6385918 25.215744
v 11.1447439 25.4696236 17.3847046
v 12.501256 24.9158325 16.8309116
v 11.1447439 25.4696236 17.3847046
v 12.501256 24.9158325 16.8309116
v 11.1447439 25.4696236 17.3847046
v 11.1447439 24.3620396 16.2771282
v -9.32763195 39.3639107 -33.5069504
v -18.8448486 37.3820648 -27.0613441
v -27.0233765 33.5632973 -17.9573689
v -25.1285439 34.9591293 -20.2941208
v 19.3169365 37.3820648 -27.0613441
v 9.79971218 39.3639107 -33.5069504
v 25.6006317 34.9591293 -20.2941208
v 25.6006317 34.9591293 -20.2941208
v 27.4954643 33.5632896 -17.9573689
v 4.79375982 23.587944 15.0855923
v 2.7439599 23.5879192 15.085144
v 2.74260807 32.7400246 -19.0694485
v 4.93163204 32.7397766 -19.0690632
v 4.97851992 31.1482716 -19.4867687
v 4.84053612 21.8734474 14.6356478
v 4.84053612 21.8734474 14.6356478
v 4.79375982 23.587944 15.0855923
v 4.93163204 32.7397766 -19.0690632
v -4.9240799 32.7397766 -19.0690632
v -2.74818397 32.7400246 -19.0694561
v -2.74914408 23.5879192 15.0851364
v -2.74914408 23.5879192 15.0851364
v -4.78620005 23.5879517 15.0855923
v -4.9240799 32.7397766 -19.0690632
v 2.74260807 32.7400246 -19.0694485
v 2.7439599 23.5879192 15.085144
v 2.69728804 21.8736076 14.6350555
v 2.69728804 21.8736076 14.6350555
v 2.69555211 31.1484318 -19.48736
v 2.74260807 32.7400246 -19.0694485
v 2.75557208 34.8088493 -20.3235111
v -2.84597278 34.8088493 -20.3235111
v -2.84597278 31.6343117 -20.8979683
v -2.84597278 33.6877289 -16.3237114
v 2.75557208 33.6877289 -16.3237114
v 2.75557208 30.5131912 -16.8981686
v -2.84597278 30.5131912 -16.8981686
v 2.75557208 30.5131912 -16.8981686
v 2.75557208 33.6877289 -16.3237114
v 2.75557208 34.8088493 -20.3235111
v 2.75557208 31.6343117 -20.8979683
v 2.75557208 31.6343117 -20.8979683
v -2.84597278 34.8088493 -20.3235111
v 2.75557208 34.8088493 -20.3235111
v 2.75557208 33.6877289 -16.3237114
v -2.84597278 33.6877289 -16.3237114
v -2.84597278 34.8088493 -20.3235111
v -2.84597278 33.6877289 -16.3237114
v -2.84597278 30.5131912 -16.8981686
v -2.84597278 31.6343117 -20.8979683
v -0.692331731 16.8356876 27.78088
v 0.910522401 16.8356876 27.78088
v 0.910522401 31.9091511 -17.6299286
v -0.692324162 31.9091511 -17.6299286
v 0.910522401 16.8356876 27.78088
v 0.910522401 17.613512 27.8221207
v 0.910522401 32.6869774 -17.5886879
v 0.910522401 31.9091511 -17.6299286
v 0.910522401 17.613512 27.8221207
v -0.692331731 17.613512 27.8221207
v -0.692324162 32.6869774 -17.5886879
v 0.910522401 32.6869774 -17.5886879
v -0.692331731 17.613512 27.8221207
v -0.692331731 16.8356876 27.78088
v -0.692324162 31.9091511 -17.6299286
v -0.692324162 32.6869774 -17.5886879
v -1.98421836 13.9333363 31.1617603
v -1.98421836 18.537344 29.9281197
v 2.55218792 18.537344 29.9281197
v 2.55218792 13.9333363 31.1617603
v -1.98421836 19.7709923 25.3240871
v 2.55218792 19.7709923 25.3240871
v -1.98421836 19.7709923 25.3240871
v -1.98421836 16.4006157 21.9537201
v 2.55218792 16.4006081 21.9537201
v 2.55218792 19.7709923 25.3240871
v -1.98421836 11.7966003 23.1873512
v 2.55218792 11.7965918 23.1873608
v -1.98421836 10.5629597 27.7913837
v 2.55218792 10.5629597 27.7913837
v -1.98421836 11.7966003 23.1873512
v -1.98421836 16.4006157 21.9537201
v -1.98421836 19.7709923 25.3240871
v -1.98421836 18.537344 29.9281197
v -1.98421836 13.9333363 31.1617603
v -1.98421836 10.5629597 27.7913837
v 2.55218792 18.537344 29.9281197
v 2.55218792 19.7709923 25.3240871
v 2.55218792 16.4006081 21.9537201
v 2.55218792 11.7965918 23.1873608
v 2.55218792 10.5629597 27.7913837
v 2.55218792 13.9333363 31.1617603
vt 0.223620996 0.000494003296
vt 0.223620996 0.0969750285
vt 0.497417986 0.0969750285
vt 0.227169007 0.000436007977
vt 0.227169007 0.0969740152
vt 0.909209013 0.0969740152
vt 0.252678007 0.216054976
vt 0.252678007 0.303664982
vt 0.518957973 0.303664982
vt 0.995462 0.511447012
vt 0.995462 0.424126029
vt 0.535826981 0.424126029
vt 0.535826981 0.424126029
vt 0.535826981 0.511447012
vt 0.995462 0.511447012
vt 0.890273988 0.109003007
vt 0.591495991 0.108227015
vt 0.70123899 0.193868995
vt 0.223665997 0.000436007977
vt 0.498569012 0.000436007977
vt 0.498569012 0.096973002
vt 0.498342991 0.000461995602
vt 0.224545002 0.000461995602
vt 0.224545002 0.0969679952
vt 0.498342991 0.0969679952
vt 0.223665997 0.000437021255
vt 0.905705988 0.000437021255
vt 0.905705988 0.096973002
vt 0.252274007 0.304024994
vt 0.518553972 0.304024994
vt 0.518553972 0.216414988
vt 0.390192002 0.300140977
vt 0.390192002 0.211516023
vt 0.251262009 0.211516023
vt 0.71648097 0.300198972
vt 0.71648097 0.211601019
vt 0.251203001 0.211601019
vt 0.825653017 0.994362057
vt 0.911594987 0.994362057
vt 0.911594987 0.762781993
vt 0.825653017 0.762781993
vt 0.997537971 0.762781993
vt 0.740756989 0.994362057
vt 0.826699972 0.994362057
vt 0.826699972 0.762781993
vt 0.912642002 0.994362057
vt 0.912642002 0.762781993
vt 0.998584986 0.994362057
vt 0.998584986 0.762781993
vt 0.997537971 0.531201005
vt 0.998584986 0.531201005
vt 0.826317012 0.994476021
vt 0.912258983 0.994476021
vt 0.912258983 0.762896106
vt 0.826317012 0.762896106
vt 0.998202026 0.994476021
vt 0.998202026 0.762896106
vt 0.827364028 0.994476021
vt 0.913305998 0.994476021
vt 0.913305998 0.762896106
vt 0.827364028 0.762896106
vt 0.912258983 0.531314999
vt 0.826317012 0.531314999
vt 0.998202026 0.531314999
vt 0.913305998 0.531314999
vt 0.999248981 0.531314999
vt 0.740374029 0.762896106
vt 0.996762991 0.514254004
vt 0.996762991 0.326747
vt 0.958893001 0.496325016
vt 0.996762991 0.514254004
vt 0.958893001 0.496325016
vt 0.273689002 0.514254004
vt 0.31080699 0.331465006
vt 0.310732991 0.373791993
vt 0.522588015 0.374499977
vt 0.282429993 0.334773004
vt 0.282429993 0.376721978
vt 0.575057983 0.376721978
vt 0.00953400135 0.455080986
vt 0.00928795338 0.500400007
vt 0.312234014 0.50216499
vt 0.139438003 0.474911988
vt 0.139438003 0.516880989
vt 0.432065994 0.516880989
vt 0.125644997 0.485940993
vt 0.991792977 0.527785987
vt 0.991792977 0.485885024
vt 0.000345000008 0.108662009
vt 0.00420498801 0.199321985
vt 0.966747999 0.198620021
vt 0.102944002 0.355170012
vt 0.651858985 0.355170012
vt 0.651858985 0.388366997
vt 0.102944002 0.454760015
vt 0.651858985 0.454760015
vt 0.651858985 0.487957001
vt 0.102944002 0.421563029
vt 0.651858985 0.421563983
vt 0.651858985 0.388366997
vt 0.651858985 0.355170012
vt 0.102944002 0.355170012
vt 0.102944002 0.388366997
vt 0.651858985 0.421563983
vt 0.896054983 0.508717
vt 0.973450005 0.462908983
vt 0.973450005 0.371291995
vt 0.651858985 0.388366997
vt 0.102944002 0.388366997
vt 0.102944002 0.321973026
vt 0.102944002 0.454760015
vt 0.651858985 0.454760015
vt 0.651858985 0.521153986
vt 0.102944002 0.454760015
vt 0.651858985 0.454760015
vt 0.651858985 0.521153986
vt 0.102944002 0.321973026
vt 0.651858985 0.321973026
vt 0.651858985 0.388366997
vt 0.102944002 0.454760015
vt 0.651858985 0.454760015
vt 0.651858985 0.521153986
vt 0.651858985 0.454760015
vt 0.651858985 0.388366997
vt 0.102944002 0.388366997
vt 0.651858985 0.454760015
vt 0.651858985 0.388366997
vt 0.102944002 0.388366997
vt 0.651858985 0.454760015
vt 0.651858985 0.388366997
vt 0.102944002 0.388366997
vt 0.102944002 0.454760015
vt 0.651858985 0.521153986
vt 0.651858985 0.454760015
vt 0.102944002 0.454760015
vt 0.102944002 0.521153986
vt 0.651858985 0.388366997
vt 0.102944002 0.388366997
vt 0.651858985 0.521153986
vt 0.651858985 0.454760015
vt 0.102944002 0.454760015
vt 0.731437027 0.750330999
vt 0.731437027 0.787779003
vt 0.465602994 0.787779003
vt 0.465602994 0.750330999
vt 0.731437027 0.712884009
vt 0.465602994 0.712884009
vt 0.731361985 0.712476999
vt 0.731361985 0.749924004
vt 0.465528011 0.749924004
vt 0.465528011 0.712476999
vt 0.265350997 0.755566105
vt 0.195482999 0.768647999
vt 0.265350997 0.73327601
vt 0.26542601 0.755808994
vt 0.26542601 0.778099105
vt 0.26542601 0.733518004
vt 0.731437027 0.750330999
vt 0.465602994 0.750330999
vt 0.465602994 0.787779003
vt 0.731437027 0.787779003
vt 0.731437027 0.712884009
vt 0.465602994 0.712884009
vt 0.731361985 0.712476999
vt 0.465528011 0.712476999
vt 0.465528011 0.749924004
vt 0.731361985 0.749924004
vt 0.26542601 0.778099105
vt 0.26542601 0.755808994
vt 0.195557997 0.769054994
vt 0.265350997 0.73327601
vt 0.265350997 0.755566105
vt 0.732648015 0.820663005
vt 0.732647002 0.843730003
vt 0.00164997496 0.843617007
vt 0.732529998 0.843705997
vt 0.732496977 0.873748094
vt 0.001509964 0.873750001
vt 0.001509964 0.873750001
vt 0.00154298497 0.843620107
vt 0.732529998 0.843705997
vt 0.732483029 0.843718007
vt 0.00149899698 0.843692094
vt 0.00147497596 0.873757094
vt 0.00147497596 0.873757094
vt 0.732459009 0.873749003
vt 0.732483029 0.843718007
vt 0.782676876 0.568567604
vt 0.785798311 0.565836191
vt 0.78576088 0.557108015
vt 0.77392751 0.562810898
vt 0.846826315 0.647403002
vt 0.892735004 0.711953908
vt 0.901484489 0.717710286
vt 0.852095127 0.644215792
vt 0.889613688 0.714685291
vt 0.88965112 0.723413497
vt 0.841670215 0.651236385
vt 0.836401403 0.654423594
vt 0.380066007 0.096973002
vt 0.223973006 0.096973002
vt 0.223973006 0.00043797493
vt 0.380066007 0.00043797493
vt 0.223938003 0.0969719887
vt 0.223938003 0.000433981419
vt 0.498840988 0.000433981419
vt 0.498840988 0.0969719887
vt 0.996060014 0.321512997
vt 0.996060014 0.512549013
vt 0.823727012 0.512549013
vt 0.823727012 0.321512997
vt 0.497417986 0.000494003296
vt 0.382910013 0.096973002
vt 0.382910013 0.000482976437
vt 0.224510998 0.000482976437
vt 0.224510998 0.096973002
vt 0.380953014 0.096973002
vt 0.221913904 0.096973002
vt 0.221913904 0.00043797493
vt 0.380953014 0.00043797493
vt 0.909209013 0.000436007977
vt 0.996035993 0.321412981
vt 0.996035993 0.512407988
vt 0.613273025 0.512407988
vt 0.613273025 0.321412981
vt 0.909209013 0.000437021255
vt 0.909209013 0.096973002
vt 0.227169007 0.096973002
vt 0.227169007 0.000437021255
vt 0.538839996 0.423493981
vt 0.538839996 0.510814011
vt 0.998475015 0.510814011
vt 0.998475015 0.423493981
vt 0.701296985 0.194016993
vt 0.591511011 0.108385026
vt 0.890411973 0.108711004
vt 0.890411973 0.193880975
vt 0.518957973 0.216054976
vt 0.890240014 0.108470023
vt 0.59148097 0.108197987
vt 0.701220989 0.193795979
vt 0.890358984 0.193817019
vt 0.701294005 0.194031
vt 0.591508985 0.108393013
vt 0.890403986 0.108747005
vt 0.890403986 0.108747005
vt 0.890411019 0.193889022
vt 0.701294005 0.194031
vt 0.255807996 0.214201987
vt 0.255807996 0.301811993
vt 0.522087991 0.301811993
vt 0.522087991 0.214201987
vt 0.890214026 0.108581007
vt 0.59147501 0.108219981
vt 0.701211989 0.19383198
vt 0.890353024 0.193840027
vt 0.994306982 0.509629011
vt 0.994306982 0.422308981
vt 0.534672976 0.422308981
vt 0.534672976 0.509629995
vt 0.701274991 0.193853021
vt 0.591498017 0.10828501
vt 0.890296996 0.108318985
vt 0.890388012 0.193798006
vt 0.252665013 0.216255009
vt 0.252665013 0.303865016
vt 0.518944979 0.303865016
vt 0.518944979 0.216255009
vt 0.890361011 0.193925977
vt 0.231655002 0.876019098
vt 0.231655002 0.995737017
vt 0.402267992 0.995737017
vt 0.402267992 0.876019098
vt 0.355444014 0.0928710103
vt 0.355444014 0.000330984592
vt 0.0441190004 0.000330984592
vt 0.0441190004 0.0928710103
vt 0.35551101 0.0928859711
vt 0.35551101 0.000347971916
vt 0.0441639982 0.000347971916
vt 0.0441639982 0.0928859711
vt 0.35551101 0.000347971916
vt 0.355475008 0.09286201
vt 0.0441389605 0.09286201
vt 0.0441639982 0.000347971916
vt 0.357066989 0.107568979
vt 0.357066989 0.200106978
vt 0.0457329713 0.200106978
vt 0.0457329713 0.107568979
vt 0.380302995 0.0969719887
vt 0.380302995 0.000434994698
vt 0.224209994 0.000434994698
vt 0.224209994 0.0969719887
vt 0.223665997 0.096973002
vt 0.824359 0.321435988
vt 0.996101975 0.321435988
vt 0.996101975 0.512427002
vt 0.824359 0.512427002
vt 0.223416999 0.0969679952
vt 0.381817013 0.0969679952
vt 0.381817013 0.000460028648
vt 0.223416999 0.000460028648
vt 0.223938003 0.096973002
vt 0.223938003 0.00043797493
vt 0.382977009 0.00043797493
vt 0.382977009 0.096973002
vt 0.223665997 0.096973002
vt 0.996168017 0.51245901
vt 0.613470018 0.51245901
vt 0.613470018 0.321444988
vt 0.996168017 0.321444988
vt 0.907458007 0.000434994698
vt 0.225417003 0.000434994698
vt 0.225417003 0.0969719887
vt 0.907458007 0.0969719887
vt 0.537238002 0.510327011
vt 0.996872008 0.510327011
vt 0.996872008 0.423005998
vt 0.537238002 0.423005998
vt 0.701255977 0.193812013
vt 0.890383005 0.193829
vt 0.890353978 0.108525991
vt 0.591500998 0.108208001
vt 0.252274007 0.216414988
vt 0.890515983 0.108929992
vt 0.890403986 0.193903029
vt 0.701287985 0.19382
vt 0.591533005 0.108173013
vt 0.535826981 0.511130005
vt 0.995462 0.511130005
vt 0.995462 0.423808992
vt 0.995462 0.423808992
vt 0.535826981 0.423808992
vt 0.535826981 0.511130005
vt 0.701274991 0.193929017
vt 0.890397012 0.193908989
vt 0.890421987 0.108902991
vt 0.890421987 0.108902991
vt 0.591512978 0.10827899
vt 0.701274991 0.193929017
vt 0.51691097 0.218106985
vt 0.250631005 0.218106985
vt 0.250631005 0.305718005
vt 0.51691097 0.305718005
vt 0.89042902 0.108335972
vt 0.89042598 0.193808973
vt 0.701315999 0.193991005
vt 0.591515005 0.108399987
vt 0.993845999 0.420678973
vt 0.534211993 0.420678973
vt 0.534211993 0.507999986
vt 0.993845999 0.507999986
vt 0.701205015 0.193823993
vt 0.89033699 0.193894029
vt 0.890160024 0.108853996
vt 0.59147501 0.108200014
vt 0.250898004 0.30122298
vt 0.517177999 0.30122298
vt 0.517177999 0.213612974
vt 0.250898004 0.213612974
vt 0.890372992 0.108309984
vt 0.890403986 0.193795979
vt 0.701297998 0.193849981
vt 0.591512024 0.108283997
vt 0.229090005 0.996432007
vt 0.399702996 0.996432007
vt 0.399702996 0.876713999
vt 0.229090005 0.876713999
vt 0.355369002 0.000334024429
vt 0.0439789817 0.000334024429
vt 0.0439789817 0.0928750038
vt 0.355369002 0.0928750038
vt 0.355255008 0.0928900242
vt 0.0438089892 0.0928900242
vt 0.0438089892 0.000349998474
vt 0.355255008 0.000349998474
vt 0.357014 0.200110972
vt 0.0456519686 0.200110972
vt 0.0456519686 0.107564986
vt 0.357014 0.107564986
vt 0.355345994 0.000347018242
vt 0.0439449511 0.000347018242
vt 0.0439449511 0.0928850174
vt 0.355345994 0.0928850174
vt 0.313217014 0.991349042
vt 0.333288014 0.991349042
vt 0.333288014 0.889663003
vt 0.313217014 0.889663003
vt 0.353358001 0.991349042
vt 0.353358001 0.889663003
vt 0.273077011 0.991349042
vt 0.293146998 0.991349042
vt 0.293146998 0.889663003
vt 0.273077011 0.889663003
vt 0.0738639832 0.640749007
vt 0.0621539913 0.603855014
vt 0.0928120017 0.581052989
vt 0.111759 0.640749007
vt 0.123469003 0.603855014
vt 0.0738639832 0.640749007
vt 0.111759 0.640749007
vt 0.123469003 0.603855014
vt 0.0621539913 0.603855014
vt 0.0928120017 0.581052989
vt 0.996654987 0.320972979
vt 0.340368986 0.320972979
vt 0.340368986 0.511112005
vt 0.996654987 0.511112005
vt 0.925773025 0.210986018
vt 0.251226991 0.210986018
vt 0.251226991 0.300767004
vt 0.251226991 0.300767004
vt 0.925773025 0.300767004
vt 0.925773025 0.210986018
vt 0.25119099 0.300688982
vt 0.574540019 0.300509989
vt 0.574184 0.210538983
vt 0.251186013 0.210744977
vt 0.251266986 0.300494015
vt 0.928287983 0.300494015
vt 0.928287983 0.210669994
vt 0.251266986 0.210669994
vt 0.57427597 0.210099995
vt 0.251190007 0.211021006
vt 0.251215994 0.30092603
vt 0.575872004 0.300127983
vt 0.251262009 0.300140977
vt 0.715842009 0.300225973
vt 0.715842009 0.211612999
vt 0.251192987 0.211612999
vt 0.251192987 0.300225973
vt 0.614066005 0.512582004
vt 0.614076972 0.321461022
vt 0.996086001 0.321476996
vt 0.996078014 0.512607008
vt 0.251221001 0.21124202
vt 0.251221001 0.299903989
vt 0.717566013 0.299903989
vt 0.717566013 0.21124202
vt 0.0034339421 0.706927001
vt 0.00351196504 0.530279994
vt 0.582549989 0.530346006
vt 0.582498014 0.707029998
vt 0.390780002 0.300040007
vt 0.390780002 0.211416006
vt 0.251286 0.211416006
vt 0.251286 0.300040007
vt 0.720548987 0.300077975
vt 0.720548987 0.211461008
vt 0.251269013 0.211461008
vt 0.251269013 0.300077975
vt 0.0039699669 0.706867009
vt 0.00398695422 0.53024599
vt 0.582870007 0.53026101
vt 0.582858026 0.706889987
vt 0.251203001 0.300198972
vt 0.613874018 0.512486011
vt 0.61392498 0.321404994
vt 0.995981991 0.321475983
vt 0.995948017 0.512598008
vt 0.997537971 0.994362057
vt 0.740756989 0.762781993
vt 0.739709973 0.994362057
vt 0.739709973 0.762781993
vt 0.911594987 0.531201005
vt 0.825653017 0.531201005
vt 0.826699972 0.531201005
vt 0.740756989 0.531201005
vt 0.912642002 0.531201005
vt 0.739709973 0.531201005
vt 0.624409974 0.905012019
vt 0.624409974 0.96823401
vt 0.67858398 0.999845
vt 0.67858398 0.999845
vt 0.732758999 0.96823401
vt 0.732758999 0.905012019
vt 0.624409974 0.905012019
vt 0.67858398 0.999845
vt 0.732758999 0.905012019
vt 0.67858398 0.873401001
vt 0.624409974 0.905012019
vt 0.732758999 0.905012019
vt 0.389867991 0.211519003
vt 0.251257002 0.211519003
vt 0.251257002 0.300143003
vt 0.389867991 0.300143003
vt 0.717217028 0.211416006
vt 0.251215011 0.211416006
vt 0.251215011 0.300054014
vt 0.717217028 0.300054014
vt 0.614107013 0.321362019
vt 0.996104002 0.321433008
vt 0.996070027 0.512537003
vt 0.614054978 0.512425005
vt 0.251267999 0.300248027
vt 0.720498025 0.300248027
vt 0.720498025 0.21164
vt 0.251267999 0.21164
vt 0.003930985 0.530259997
vt 0.582831979 0.530274004
vt 0.582821012 0.706918001
vt 0.00391399814 0.706894994
vt 0.38776499 0.211314976
vt 0.251237005 0.211314976
vt 0.251237005 0.299951971
vt 0.38776499 0.299951971
vt 0.711961985 0.211144984
vt 0.251130015 0.211144984
vt 0.251130015 0.299803972
vt 0.711961985 0.299803972
vt 0.00377297401 0.530227989
vt 0.582723975 0.530292988
vt 0.582673013 0.706939995
vt 0.00369596411 0.706836998
vt 0.251163006 0.300346971
vt 0.713954985 0.300346971
vt 0.713954985 0.211771011
vt 0.251163006 0.211771011
vt 0.613947988 0.321439981
vt 0.995998979 0.321456015
vt 0.995992005 0.512567014
vt 0.613936007 0.512542009
vt 0.741420984 0.994476021
vt 0.741420984 0.762896106
vt 0.999248981 0.994476021
vt 0.999248981 0.762896106
vt 0.740374029 0.994476021
vt 0.827364028 0.531314999
vt 0.741420984 0.531314999
vt 0.740374029 0.531314999
vt 0.624409974 0.905012019
vt 0.624409974 0.96823401
vt 0.67858398 0.999845
vt 0.67858398 0.999845
vt 0.732758999 0.96823401
vt 0.732758999 0.905012019
vt 0.624409974 0.905012019
vt 0.67858398 0.999845
vt 0.732758999 0.905012019
vt 0.67858398 0.873401001
vt 0.624409974 0.905012019
vt 0.732758999 0.905012019
vt 0.313690007 0.459749997
vt 0.0107529704 0.456717014
vt 0.0103309704 0.502034009
vt 0.0103309704 0.502034009
vt 0.313268006 0.505066991
vt 0.313690007 0.459749997
vt 0.251217991 0.211196005
vt 0.251222014 0.300140977
vt 0.57643503 0.299962997
vt 0.576166987 0.210990012
vt 0.314420998 0.501127005
vt 0.314630985 0.455807984
vt 0.0116829798 0.454298019
vt 0.0116829798 0.454298019
vt 0.011473 0.499616981
vt 0.314420998 0.501127005
vt 0.581021011 0.299696982
vt 0.57981801 0.210685015
vt 0.251278996 0.211605012
vt 0.25129801 0.300495028
vt 0.793016016 0.498650014
vt 0.793016016 0.454874992
vt 0.00763094379 0.454874992
vt 0.00763094379 0.454874992
vt 0.00763094379 0.498651028
vt 0.793016016 0.498650014
vt 0.310193986 0.326747
vt 0.310193986 0.346355975
vt 0.958893001 0.346355975
vt 0.996762991 0.326747
vt 0.310193986 0.326747
vt 0.958893001 0.346355975
vt 0.996762991 0.326747
vt 0.958893001 0.346355975
vt 0.958893001 0.496325016
vt 0.310193986 0.346355975
vt 0.310193986 0.326747
vt 0.273689002 0.326747
vt 0.310193986 0.496325016
vt 0.310193986 0.346355975
vt 0.273689002 0.326747
vt 0.310193986 0.496325016
vt 0.273689002 0.326747
vt 0.273689002 0.514254004
vt 0.958893001 0.496325016
vt 0.310193986 0.496325016
vt 0.273689002 0.514254004
vt 0.710636973 0.499171972
vt 0.710636973 0.45539701
vt 0.00603699591 0.45539701
vt 0.0060359831 0.499171972
vt 0.00922495127 0.454353988
vt 0.00922495127 0.49812901
vt 0.0488770008 0.49812901
vt 0.794610023 0.454353988
vt 0.794610023 0.49812901
vt 0.794610023 0.454353988
vt 0.0488770008 0.49812901
vt 0.714596987 0.497891009
vt 0.714596987 0.454115987
vt 0.0099969497 0.454115987
vt 0.0099969497 0.454115987
vt 0.0099969497 0.497891009
vt 0.714596987 0.497891009
vt 0.522661984 0.33217299
vt 0.575057983 0.334773004
vt 0.315207005 0.502609998
vt 0.315495998 0.457291007
vt 0.0125509501 0.455217004
vt 0.012263 0.500535011
vt 0.312480003 0.456847012
vt 0.432065994 0.474911988
vt 0.31268099 0.502858996
vt 0.312638998 0.457539022
vt 0.00968796015 0.457841992
vt 0.00972998142 0.503161013
vt 0.835807025 0.449868977
vt 0.835807025 0.425033987
vt 0.00870394707 0.425033987
vt 0.00870394707 0.425033987
vt 0.00870394707 0.449868977
vt 0.835807025 0.449868977
vt 0.00451296521 0.450755
vt 0.0123079997 0.424610019
vt 0.98249203 0.425707996
vt 0.974696994 0.450978994
vt 0.00790995266 0.425369978
vt 0.00790995266 0.450205028
vt 0.835012972 0.450205028
vt 0.835012972 0.450205028
vt 0.835012972 0.425369978
vt 0.00790995266 0.425369978
vt 0.976135015 0.450860023
vt 0.983871996 0.425122976
vt 0.0136759803 0.424395978
vt 0.0059389472 0.450712025
vt 0.833424985 0.449311972
vt 0.833424985 0.424466014
vt 0.00632196618 0.424466014
vt 0.00632196618 0.424466014
vt 0.00632196618 0.449311972
vt 0.833424985 0.449311972
vt 0.00746595813 0.450776994
vt 0.0152609898 0.424718976
vt 0.985445023 0.425817013
vt 0.977649987 0.451000988
vt 0.00790995266 0.424117982
vt 0.00790995266 0.448965013
vt 0.835012972 0.448964
vt 0.835012972 0.448964
vt 0.835012972 0.424117982
vt 0.00790995266 0.424117982
vt 0.97548902 0.451029003
vt 0.983226001 0.425951004
vt 0.0130299898 0.425224006
vt 0.00529295206 0.450881004
vt 0.447084993 0.700926989
vt 0.447084993 0.531616986
vt 0.289218009 0.531616986
vt 0.289218009 0.700926989
vt 0.251168013 0.300602019
vt 0.423530012 0.300602019
vt 0.423530012 0.21133399
vt 0.251168013 0.21133399
vt 0.422794014 0.211320996
vt 0.251156002 0.211320996
vt 0.251156002 0.300568998
vt 0.422794014 0.300568998
vt 0.96916002 0.198417008
vt 0.96529901 0.10777998
vt 0.00254398491 0.108465016
vt 0.00259494688 0.199249983
vt 0.00204598904 0.19915998
vt 0.0029069779 0.108389974
vt 0.982564986 0.108546972
vt 0.982554018 0.199352026
vt 0.958643019 0.199216008
vt 0.958643019 0.199216008
vt 0.957781971 0.108437002
vt 0.957781971 0.108437002
vt 0.00243997504 0.108590007
vt 0.00245094206 0.199402988
vt 0.125644997 0.36670202
vt 0.991792977 0.366773009
vt 0.991792977 0.324595988
vt 0.105714999 0.330380976
vt 0.125644997 0.485940993
vt 0.125644997 0.36670202
vt 0.105714999 0.330380976
vt 0.125644997 0.485940993
vt 0.105714999 0.330380976
vt 0.105714999 0.522000998
vt 0.125644997 0.485940993
vt 0.105714999 0.522000998
vt 0.991792977 0.527785987
vt 0.966696978 0.107809007
vt 0.905432999 0.450933993
vt 0.823099971 0.417294025
vt 0.823099971 0.525155008
vt 0.987214029 0.417294025
vt 0.905432999 0.450933993
vt 0.823099971 0.525155008
vt 0.987214029 0.525155008
vt 0.987214029 0.417294025
vt 0.823099971 0.525155008
vt 0.823521972 0.525525004
vt 0.823521972 0.417662024
vt 0.905853987 0.451179981
vt 0.98763603 0.525525004
vt 0.823521972 0.525525004
vt 0.905853987 0.451179981
vt 0.98763603 0.525525004
vt 0.905853987 0.451179981
vt 0.98763603 0.417662024
vt 0.987115979 0.49474299
vt 0.987259984 0.429526985
vt 0.494614005 0.425549984
vt 0.494471014 0.490767002
vt 0.134979993 0.314941227
vt 0.523119986 0.314941227
vt 0.520886004 0.296126187
vt 0.132737905 0.296126187
vt 0.988211989 0.492613971
vt 0.988290012 0.427398026
vt 0.495642006 0.425229013
vt 0.495564014 0.490446985
vt 0.132737905 0.333630204
vt 0.520886004 0.333630204
vt 0.102944002 0.388366997
vt 0.102944002 0.321973026
vt 0.651858985 0.321973026
vt 0.651858985 0.521153986
vt 0.102944002 0.521153986
vt 0.102944002 0.487957001
vt 0.973450005 0.371291995
vt 0.973450005 0.462908983
vt 0.896054983 0.508717
vt 0.896054983 0.508717
vt 0.818660021 0.462908983
vt 0.818660021 0.371291995
vt 0.973450005 0.371291995
vt 0.896054983 0.508717
vt 0.818660021 0.371291995
vt 0.896054983 0.325483978
vt 0.973450005 0.371291995
vt 0.818660021 0.371291995
vt 0.651858985 0.321973026
vt 0.102944002 0.321973026
vt 0.651858985 0.521153986
vt 0.651858985 0.487957001
vt 0.102944002 0.487957001
vt 0.102944002 0.521153986
vt 0.651858985 0.454760015
vt 0.102944002 0.454760015
vt 0.102944002 0.421563029
vt 0.818660021 0.371291995
vt 0.818660021 0.462908983
vt 0.896054983 0.508717
vt 0.818660021 0.371291995
vt 0.896054983 0.508717
vt 0.973450005 0.371291995
vt 0.896054983 0.325483978
vt 0.818660021 0.371291995
vt 0.973450005 0.371291995
vt 0.651858985 0.388366997
vt 0.651858985 0.355170012
vt 0.102944002 0.355170012
vt 0.102944002 0.388366997
vt 0.651858985 0.321973026
vt 0.102944002 0.321973026
vt 0.651858985 0.521153986
vt 0.651858985 0.487957001
vt 0.102944002 0.487957001
vt 0.102944002 0.521153986
vt 0.651858985 0.454760015
vt 0.102944002 0.454760015
vt 0.651858985 0.421563983
vt 0.102944002 0.421563029
vt 0.973450005 0.462908983
vt 0.896054983 0.508717
vt 0.818660021 0.462908983
vt 0.818660021 0.371291995
vt 0.896054983 0.325483978
vt 0.973450005 0.371291995
vt 0.818660021 0.371291995
vt 0.818660021 0.462908983
vt 0.896054983 0.508717
vt 0.973450005 0.462908983
vt 0.973450005 0.371291995
vt 0.896054983 0.325483978
vt 0.651858985 0.321973026
vt 0.102944002 0.521153986
vt 0.896054983 0.325483978
vt 0.973450005 0.462908983
vt 0.818660021 0.462908983
vt 0.651858985 0.388366997
vt 0.102944002 0.388366997
vt 0.102944002 0.321973026
vt 0.651858985 0.321973026
vt 0.651858985 0.521153986
vt 0.102944002 0.521153986
vt 0.102944002 0.454760015
vt 0.651858985 0.454760015
vt 0.896054983 0.325483978
vt 0.973450005 0.462908983
vt 0.818660021 0.462908983
vt 0.651858985 0.388366997
vt 0.102944002 0.388366997
vt 0.102944002 0.321973026
vt 0.651858985 0.321973026
vt 0.102944002 0.521153986
vt 0.896054983 0.325483978
vt 0.973450005 0.462908983
vt 0.818660021 0.462908983
vt 0.102944002 0.388366997
vt 0.651858985 0.521153986
vt 0.102944002 0.521153986
vt 0.102944002 0.454760015
vt 0.651858985 0.454760015
vt 0.896054983 0.325483978
vt 0.973450005 0.462908983
vt 0.818660021 0.462908983
vt 0.651858985 0.388366997
vt 0.102944002 0.388366997
vt 0.102944002 0.321973026
vt 0.651858985 0.321973026
vt 0.651858985 0.521153986
vt 0.102944002 0.521153986
vt 0.102944002 0.454760015
vt 0.651858985 0.454760015
vt 0.896054983 0.325483978
vt 0.973450005 0.462908983
vt 0.818660021 0.462908983
vt 0.651858985 0.388366997
vt 0.102944002 0.388366997
vt 0.102944002 0.321973026
vt 0.651858985 0.321973026
vt 0.102944002 0.521153986
vt 0.896054983 0.325483978
vt 0.973450005 0.462908983
vt 0.818660021 0.462908983
vt 0.651858985 0.388366997
vt 0.651858985 0.321973026
vt 0.102944002 0.321973026
vt 0.102944002 0.388366997
vt 0.651858985 0.521153986
vt 0.651858985 0.454760015
vt 0.102944002 0.454760015
vt 0.102944002 0.521153986
vt 0.896054983 0.325483978
vt 0.818660021 0.462908983
vt 0.973450005 0.462908983
vt 0.651858985 0.321973026
vt 0.102944002 0.321973026
vt 0.651858985 0.521153986
vt 0.102944002 0.454760015
vt 0.102944002 0.521153986
vt 0.896054983 0.325483978
vt 0.818660021 0.462908983
vt 0.973450005 0.462908983
vt 0.651858985 0.321973026
vt 0.102944002 0.321973026
vt 0.651858985 0.521153986
vt 0.102944002 0.454760015
vt 0.102944002 0.521153986
vt 0.896054983 0.325483978
vt 0.818660021 0.462908983
vt 0.973450005 0.462908983
vt 0.651858985 0.321973026
vt 0.102944002 0.321973026
vt 0.651858985 0.521153986
vt 0.102944002 0.521153986
vt 0.896054983 0.325483978
vt 0.818660021 0.462908983
vt 0.973450005 0.462908983
vt 0.651858985 0.321973026
vt 0.102944002 0.321973026
vt 0.896054983 0.325483978
vt 0.818660021 0.462908983
vt 0.973450005 0.462908983
vt 0.651858985 0.388366997
vt 0.651858985 0.321973026
vt 0.102944002 0.321973026
vt 0.102944002 0.388366997
vt 0.102944002 0.521153986
vt 0.896054983 0.325483978
vt 0.818660021 0.462908983
vt 0.973450005 0.462908983
vt 0.731361985 0.787371993
vt 0.465528011 0.787371993
vt 0.195557997 0.769054994
vt 0.265350997 0.777857095
vt 0.465528011 0.787371993
vt 0.731361985 0.787371993
vt 0.26542601 0.733518004
vt 0.265350997 0.777857095
vt 0.195482999 0.768647999
vt 0.00164997496 0.843617007
vt 0.00165098906 0.820666
vt 0.732648015 0.820663005
vt 0.732647002 0.843730003
vt 0.732611001 0.873750001
vt 0.00161397399 0.873749003
vt 0.00161397399 0.873749003
vt 0.00164997496 0.843617007
vt 0.732647002 0.843730003
vt 0.732544005 0.820620105
vt 0.732529998 0.843705997
vt 0.00154298497 0.843620107
vt 0.00154298497 0.843620107
vt 0.00155496504 0.820712
vt 0.732544005 0.820620105
vt 0.73258698 0.843705997
vt 0.00159495999 0.843704998
vt 0.00157397904 0.873758003
vt 0.00157397904 0.873758003
vt 0.732565999 0.873748094
vt 0.73258698 0.843705997
vt 0.4330841 0.535890996
vt 0.434298396 0.690149307
vt 0.282651693 0.693463594
vt 0.105049796 0.418402672
vt 0.101860397 0.326689422
vt 0.00582927419 0.318116307
vt 0.00901865866 0.409829617
vt 0.380302995 0.0969719887
vt 0.380302995 0.000434994698
vt 0.224209994 0.000434994698
vt 0.224209994 0.0969719887
vt 0.281437486 0.539205313
vt 0.00794488098 0.421879172
vt 0.00508886483 0.316588581
vt 0.122179799 0.313412488
vt 0.125035793 0.418703079
vt 0.461175889 0.483341396
vt 0.461175889 0.418494582
vt 0.411037296 0.413754404
vt 0.411037296 0.478601217
vt 0.916648984 0.722914696
vt 0.929641128 0.712738901
vt 0.823162794 0.557287097
vt 0.810373604 0.567303896
vt 0.808226824 0.565503091
vt 0.824834704 0.558971912
vt 0.931712329 0.714413494
vt 0.915086925 0.720770806
vt 0.822669327 0.55701381
vt 0.809880197 0.567030698
vt 0.916147828 0.722637206
vt 0.929139972 0.712461293
vt 0.915746689 0.721483409
vt 0.932595074 0.714901805
vt 0.825496674 0.559590191
vt 0.808824182 0.566220105
vt 0.988285899 0.920728274
vt 0.988285899 0.913598008
vt 0.870387375 0.913598008
vt 0.870387375 0.920728274
vt 0.988285899 0.906467862
vt 0.870387375 0.906467862
vt 0.988285899 0.949248798
vt 0.988285899 0.942118648
vt 0.870387375 0.942118648
vt 0.870387375 0.949248798
vt 0.988285899 0.934988379
vt 0.870387375 0.934988379
vt 0.988285899 0.92785842
vt 0.870387375 0.927858241
vt 0.973450005 0.462908983
vt 0.896054983 0.508717
vt 0.818660021 0.462908983
vt 0.818660021 0.371291995
vt 0.896054983 0.325483978
vt 0.973450005 0.371291995
vt 0.818660021 0.371291995
vt 0.818660021 0.462908983
vt 0.896054983 0.508717
vt 0.973450005 0.462908983
vt 0.973450005 0.371291995
vt 0.896054983 0.325483978
vn 0 2.47347999e-15 1
vn 0 2.47347999e-15 1
vn 0 2.47347999e-15 1
vn 1 0 0
vn 1 0 0
vn 1 0 0
vn 0 -0.419739932 0.907644451
vn 0 -0.419739932 0.907644451
vn 0 -0.419739932 0.907644451
vn -0.906847179 0.421459705 -1.04247214e-15
vn -0.906847179 0.421459705 -1.04247214e-15
vn -0.906847179 0.421459705 -1.04247214e-15
vn -0.906847119 0.421459705 -1.04247214e-15
vn -0.906847119 0.421459705 -1.04247214e-15
vn -0.906847119 0.421459705 -1.04247214e-15
vn 1 0 0
vn 1 0 0
vn 1 0 0
vn 0 -2.47347999e-15 -1
vn 0 -2.47347999e-15 -1
vn 0 -2.47347999e-15 -1
vn 0 2.47347999e-15 1
vn 0 2.47347999e-15 1
vn 0 2.47347999e-15 1
vn 0 2.47347999e-15 1
vn -1 0 0
vn -1 0 0
vn -1 0 0
vn 0 -0.419739932 0.907644451
vn 0 -0.419739932 0.907644451
vn 0 -0.419739932 0.907644451
vn 0 0.965925932 0.258818626
vn 0 0.965925932 0.258818626
vn 0 0.965925932 0.258818626
vn 0 -0.258819193 0.965925813
vn 0 -0.258819193 0.965925813
vn 0 -0.258819193 0.965925813
vn 0.966557264 -0.124577217 0.224159688
vn 0.267836958 -0.309037983 0.912556231
vn 0.268353015 -0.25059104 0.930156291
vn 0.968442857 -0.0657693371 0.240401506
vn -0.700077891 -0.186074972 0.689396203
vn -0.698722005 -0.244647339 0.672261238
vn -0.966557145 0.00415053219 -0.25641793
vn -0.968437433 0.0632358864 -0.241102174
vn -0.267837346 0.18863979 -0.94481647
vn -0.268354803 0.248059586 -0.930834115
vn 0.698707283 0.124243744 -0.704536498
vn 0.700081468 0.183542848 -0.690071046
vn -0.542349935 0.467609286 0.697995782
vn 0.542364478 0.753957033 -0.370660931
vn 0.45507434 0.169687703 -0.874135852
vn 0.996803641 -0.0472430289 -0.0644250959
vn 0.998743117 0.0116888816 -0.0487392768
vn 0.455962747 0.229080066 -0.860011756
vn 0.541714907 -0.277144432 0.793559015
vn 0.542779088 -0.218637571 0.810918331
vn -0.455074459 -0.290086657 0.841877043
vn -0.996804118 -0.0731229559 0.0321667604
vn -0.998742819 -0.0142219514 0.0480677933
vn -0.455959916 -0.231611729 0.859335005
vn 0.773731887 0.620828867 0.126137331
vn 0.35323447 0.789238334 -0.502322912
vn 0.420488685 0.442370713 0.792147338
vn -0.773723722 0.600740731 0.201152205
vn -0.420495391 0.779189229 -0.464809477
vn -0.542782247 0.2161057 -0.811594605
vn -1.67195003e-06 0.965925813 0.258819193
vn -1.67195003e-06 0.965925813 0.258819193
vn -1.67195003e-06 0.965925813 0.258819193
vn 0 0.965925336 0.25882104
vn 0 0.965925336 0.25882104
vn 0 0.965925336 0.25882104
vn 1 0 0
vn 1 0 0
vn 1 0 0
vn 0 0.965925992 0.258818537
vn 0 0.965925992 0.258818537
vn 0 0.965925992 0.258818537
vn 1 0 0
vn 1 0 0
vn 1 0 0
vn 0 0.965925992 0.258818507
vn 0 0.965925992 0.258818507
vn 0 0.965925992 0.258818507
vn 0 0.965925872 0.258819103
vn 0 0.965925872 0.258819103
vn 0 0.965925872 0.258819103
vn -0.99999243 -0.0010099411 0.00376927829
vn -0.99999243 -0.0010099411 0.00376927829
vn -0.99999243 -0.0010099411 0.00376927829
vn -0.329092294 0.418697655 0.846398592
vn -0.420916438 -0.234751254 0.87619704
vn -0.939056098 -0.0889644697 0.332052767
vn 0.31257683 0.790292621 -0.527004123
vn 0.401229173 0.237069219 -0.884767354
vn 0.931408763 0.0941815525 -0.351578623
vn -0.577359617 0.707096159 -0.408253461
vn -0.70710218 0.182993859 -0.683022499
vn 0.939056098 -0.0889644697 0.332052767
vn 0.420916438 -0.234751254 0.87619704
vn 0.329092294 0.418697655 0.846398592
vn 0.723656178 0.547007322 0.420838147
vn 0.70710218 0.182993859 -0.683022499
vn 0 0.965925872 0.258818895
vn 0 0.965925872 0.258818895
vn 0 0.965925872 0.258818895
vn -1 0 0
vn -0.832051098 0.535798967 0.1435633
vn 0.416014075 0.34929806 0.839597046
vn 0.416009963 0.722302675 -0.55246228
vn 0.499992073 0.224131167 -0.836524487
vn 0.499992073 -0.224131167 0.836524487
vn 0.416012973 0.117286876 0.90176332
vn 0.49999994 0.612372458 0.612372458
vn 0.49999994 -0.612372458 -0.612372458
vn 0.416014075 -0.34929806 -0.839597046
vn 0.499992073 0.224131167 -0.836524487
vn -1 0 0
vn 0.416012973 -0.117286876 -0.90176332
vn 0.49999994 -0.612372458 -0.612372458
vn 0.49999994 0.612372458 0.612372458
vn -0.499992073 0.836524487 -0.224131167
vn 1 0 0
vn 0.832051098 0.1435633 0.535798967
vn -0.49999994 0.612372458 0.612372458
vn 1 0 0
vn 0.832048357 -0.392234355 0.392234355
vn -0.499992073 -0.224131167 0.836524487
vn 1 0 0
vn 0.832051098 -0.535798967 -0.1435633
vn -0.416009963 -0.722302675 0.55246228
vn -0.499992073 0.836524487 -0.224131167
vn -0.499992073 -0.836524487 0.224131167
vn -0.416014075 -0.839597046 -0.34929806
vn -0.416009992 0.55246228 -0.722302735
vn 1 0 0
vn 0.832051098 -0.1435633 -0.535798967
vn -0.49999994 0.612372458 0.612372458
vn -0.49999994 -0.612372458 -0.612372458
vn -0.416012973 -0.117286876 -0.90176332
vn 0.468499243 0.3287521 0.820018589
vn 0.557673573 -0.281446129 0.780889392
vn 0.63294065 -0.266769558 0.726787567
vn 0.520536125 0.362080216 0.773265898
vn -0.156532496 0.985065401 0.0717198625
vn -0.221417293 0.972527027 0.0718728304
vn -0.500760734 -0.334613591 -0.798293531
vn -0.589846015 0.275558531 -0.759044945
vn -0.685410619 0.251939803 -0.683182716
vn -0.590030253 -0.348713934 -0.728191435
vn -0.841195703 0.204416305 -0.500603437
vn -0.532348454 0.652472496 0.539337337
vn -0.712925792 -0.388385892 -0.583860576
vn 0.541051328 0.340232402 0.769093871
vn 0.675144851 -0.256910264 0.691503108
vn -0.280808181 0.939231813 0.197459906
vn -0.468499243 0.3287521 0.820018589
vn -0.520536125 0.362080216 0.773265898
vn -0.63294065 -0.266769558 0.726787567
vn -0.557673573 -0.281446129 0.780889392
vn 0.156532496 0.985065401 0.0717198625
vn 0.221417293 0.972527027 0.0718728304
vn 0.500760734 -0.334613591 -0.798293531
vn 0.590030253 -0.348713934 -0.728191435
vn 0.685410619 0.251939803 -0.683182716
vn 0.589841068 0.275586724 -0.759038568
vn -0.675166786 -0.256876469 0.691494286
vn -0.541051328 0.340232402 0.769093871
vn 0.532348454 0.652472496 0.539337337
vn 0.712925792 -0.388385892 -0.583860576
vn 0.841195703 0.204416305 -0.500603437
vn 6.40832004e-05 0.965924919 0.258822501
vn 6.40832004e-05 0.965924919 0.258822501
vn 6.40832004e-05 0.965924919 0.258822501
vn 0.99959141 0.0275748298 0.00753468182
vn 0.99959141 0.0275748298 0.00753468182
vn 0.99959141 0.0275748298 0.00753468182
vn 0.999653578 0.0254153609 0.00683843996
vn 0.999653578 0.0254153609 0.00683843996
vn 0.999653578 0.0254153609 0.00683843996
vn -0.999643922 0.0244913604 0.0105980001
vn -0.999643922 0.0244913604 0.0105980001
vn -0.999643922 0.0244913604 0.0105980001
vn -0.999585807 0.0264934301 0.01124328
vn -0.999585807 0.0264934301 0.01124328
vn -0.999585807 0.0264934301 0.01124328
vn -0.577361226 0.759713173 -0.299148619
vn -0.577361226 0.299148619 0.759713173
vn -0.707097411 -0.282027096 0.648439646
vn -0.707097411 0.282027096 -0.648439646
vn 0 0.366381198 0.930464804
vn 0.577361226 0.299148619 0.759713173
vn 0.707097411 -0.282027096 0.648439646
vn 0 -0.39885667 0.917013288
vn 0.577361226 0.759713173 -0.299148619
vn 0.707097411 0.282027096 -0.648439646
vn 0 0.930464804 -0.366381198
vn 0 0.39885667 -0.917013288
vn -1 0 0
vn -1 0 0
vn -1 0 0
vn -1 0 0
vn 0 -2.47347999e-15 -1
vn 0 -2.47347999e-15 -1
vn 0 -2.47347999e-15 -1
vn 0 -2.47347999e-15 -1
vn 0 1 -2.47347999e-15
vn 0 1 -2.47347999e-15
vn 0 1 -2.47347999e-15
vn 0 1 -2.47347999e-15
vn 0 2.47347999e-15 1
vn 0 2.47347999e-15 1
vn 0 2.47347999e-15 1
vn 0 2.47347999e-15 1
vn 0 2.47347999e-15 1
vn 0 -2.47347999e-15 -1
vn 0 -2.47347999e-15 -1
vn 0 -2.47347999e-15 -1
vn 0 -2.47347999e-15 -1
vn 1 0 0
vn 0 1 -2.47347999e-15
vn 0 1 -2.47347999e-15
vn 0 1 -2.47347999e-15
vn 0 1 -2.47347999e-15
vn -1 0 0
vn -1 0 0
vn -1 0 0
vn -1 0 0
vn 0 0.42103377 -0.907045007
vn 0 0.42103377 -0.907045007
vn 0 0.42103377 -0.907045007
vn 0 0.42103377 -0.907045007
vn 1 0 0
vn 1 0 0
vn 1 0 0
vn 1 0 0
vn 0 -0.419739932 0.907644451
vn -1 0 0
vn -1 0 0
vn -1 0 0
vn -1 0 0
vn 6.55907002e-07 -2.47347999e-15 -1
vn 6.55907002e-07 -2.47347999e-15 -1
vn 6.55907002e-07 -2.47347999e-15 -1
vn 1.45615991e-06 -6.74909018e-07 -1
vn 1.45615991e-06 -6.74909018e-07 -1
vn 1.45615991e-06 -6.74909018e-07 -1
vn 0.907285929 -0.420514405 1.04013401e-15
vn 0.907285929 -0.420514405 1.04013401e-15
vn 0.907285929 -0.420514405 1.04013401e-15
vn 0.907285929 -0.420514405 1.04013401e-15
vn 0 2.47347999e-15 1
vn 0 2.47347999e-15 1
vn 0 2.47347999e-15 1
vn 0 2.47347999e-15 1
vn 0 0.414434195 0.9100793
vn 0 0.414434195 0.9100793
vn 0 0.414434195 0.9100793
vn 0 0.414434195 0.9100793
vn -1 0 0
vn -1 0 0
vn -1 0 0
vn -1 0 0
vn 0 -0.407691807 -0.913119614
vn 0 -0.407691807 -0.913119614
vn 0 -0.407691807 -0.913119614
vn 0 -0.407691807 -0.913119614
vn 1 0 0
vn 0 1 -2.47347999e-15
vn 0 1 -2.47347999e-15
vn 0 1 -2.47347999e-15
vn 0 1 -2.47347999e-15
vn 0 -2.47347999e-15 -1
vn 0 -2.47347999e-15 -1
vn 0 -2.47347999e-15 -1
vn 0 -2.47347999e-15 -1
vn 1 0 0
vn 1 0 0
vn 1 0 0
vn 1 0 0
vn 0 2.47347999e-15 1
vn 0 2.47347999e-15 1
vn 0 2.47347999e-15 1
vn 0 2.47347999e-15 1
vn -1 0 0
vn -1 0 0
vn -1 0 0
vn -1 0 0
vn 1 0 0
vn 1 0 0
vn 1 0 0
vn 1 0 0
vn 0 -2.47347999e-15 -1
vn 0 1 -2.47347999e-15
vn 0 1 -2.47347999e-15
vn 0 1 -2.47347999e-15
vn 0 1 -2.47347999e-15
vn 0 2.47347999e-15 1
vn 0 2.47347999e-15 1
vn 0 2.47347999e-15 1
vn 0 2.47347999e-15 1
vn 0 -2.47347999e-15 -1
vn 0 -2.47347999e-15 -1
vn 0 -2.47347999e-15 -1
vn 0 -2.47347999e-15 -1
vn -1 0 0
vn 0 1 -2.47347999e-15
vn 0 1 -2.47347999e-15
vn 0 1 -2.47347999e-15
vn 0 1 -2.47347999e-15
vn 1 0 0
vn 1 0 0
vn 1 0 0
vn 1 0 0
vn 0 0.42103377 -0.907045007
vn 0 0.42103377 -0.907045007
vn 0 0.42103377 -0.907045007
vn 0 0.42103377 -0.907045007
vn -1 0 0
vn -1 0 0
vn -1 0 0
vn -1 0 0
vn 0 -0.419739932 0.907644451
vn 1 0 0
vn 1 0 0
vn 1 0 0
vn 1 0 0
vn 0.906847119 0.421459705 -1.04247214e-15
vn 0.906847119 0.421459705 -1.04247214e-15
vn 0.906847119 0.421459705 -1.04247214e-15
vn 0.906847179 0.421459705 -1.04247214e-15
vn 0.906847179 0.421459705 -1.04247214e-15
vn 0.906847179 0.421459705 -1.04247214e-15
vn -1.45615991e-06 -6.74909018e-07 -1
vn -1.45615991e-06 -6.74909018e-07 -1
vn -1.45615991e-06 -6.74909018e-07 -1
vn -6.55907002e-07 -2.47347999e-15 -1
vn -6.55907002e-07 -2.47347999e-15 -1
vn -6.55907002e-07 -2.47347999e-15 -1
vn -0.907285929 -0.420514405 1.04013401e-15
vn -0.907285929 -0.420514405 1.04013401e-15
vn -0.907285929 -0.420514405 1.04013401e-15
vn -0.907285929 -0.420514405 1.04013401e-15
vn 0 2.47347999e-15 1
vn 0 2.47347999e-15 1
vn 0 2.47347999e-15 1
vn 0 2.47347999e-15 1
vn 0 0.414434195 0.9100793
vn 0 0.414434195 0.9100793
vn 0 0.414434195 0.9100793
vn 0 0.414434195 0.9100793
vn 1 0 0
vn 1 0 0
vn 1 0 0
vn 1 0 0
vn 0 -0.407691807 -0.913119614
vn 0 -0.407691807 -0.913119614
vn 0 -0.407691807 -0.913119614
vn 0 -0.407691807 -0.913119614
vn -1 0 0
vn -1 0 0
vn -1 0 0
vn -1 0 0
vn 0 1 -2.47347999e-15
vn 0 1 -2.47347999e-15
vn 0 1 -2.47347999e-15
vn 0 1 -2.47347999e-15
vn 0 -2.47347999e-15 -1
vn 0 -2.47347999e-15 -1
vn 0 -2.47347999e-15 -1
vn 0 -2.47347999e-15 -1
vn -1 0 0
vn -1 0 0
vn -1 0 0
vn -1 0 0
vn 0 2.47347999e-15 1
vn 0 2.47347999e-15 1
vn 0 2.47347999e-15 1
vn 0 2.47347999e-15 1
vn 1 0 0
vn 1 0 0
vn 1 0 0
vn 1 0 0
vn -0.595704079 0.803204 -1.986709e-15
vn -0.595705926 0.248182818 -0.763897717
vn 0.595705926 0.248182818 -0.763897717
vn 0.595704079 0.803204 -1.986709e-15
vn -0.768221855 -0.197823584 -0.608852208
vn 0.768221855 -0.197823584 -0.608852208
vn -0.768221855 -0.197823584 0.608852208
vn -0.595705926 0.248182818 0.763897717
vn 0.595705926 0.248182818 0.763897717
vn 0.768221855 -0.197823584 0.608852208
vn -1 0 0
vn -1 0 0
vn -1 0 0
vn -1 0 0
vn -1 0 0
vn 1 0 0
vn 1 0 0
vn 1 0 0
vn 1 0 0
vn 1 0 0
vn 0 0.965925932 0.258818835
vn 0 0.965925932 0.258818835
vn 0 0.965925932 0.258818835
vn 0 0.965925932 0.258818835
vn 0 0.258819818 -0.965925634
vn 0 0.258819818 -0.965925634
vn 0 0.258819818 -0.965925634
vn 0 0.258819103 -0.965925813
vn 0 0.258819103 -0.965925813
vn 0 0.258819103 -0.965925813
vn 1 0 0
vn 1 0 0
vn 1 0 0
vn 1 0 0
vn 0 -0.258818507 0.965925992
vn 0 -0.258818507 0.965925992
vn 0 -0.258818507 0.965925992
vn 0 -0.258818507 0.965925992
vn -1 0 0
vn -1 0 0
vn -1 0 0
vn -1 0 0
vn 0 0.965925932 0.258818626
vn 0 0.258819014 -0.965925872
vn 0 0.258819014 -0.965925872
vn 0 0.258819014 -0.965925872
vn 0 0.258819014 -0.965925872
vn 1 0 0
vn 1 0 0
vn 1 0 0
vn 1 0 0
vn 0 -0.258819014 0.965925872
vn 0 -0.258819014 0.965925872
vn 0 -0.258819014 0.965925872
vn 0 -0.258819014 0.965925872
vn -1 0 0
vn -1 0 0
vn -1 0 0
vn -1 0 0
vn 0 0.965926111 0.258818299
vn 0 0.965926111 0.258818299
vn 0 0.965926111 0.258818299
vn 0 0.965926111 0.258818299
vn 0 0.258819401 -0.965925813
vn 0 0.258819401 -0.965925813
vn 0 0.258819401 -0.965925813
vn 0 0.258819401 -0.965925813
vn 1 0 0
vn 1 0 0
vn 1 0 0
vn 1 0 0
vn 0 -0.258819193 0.965925813
vn -1 0 0
vn -1 0 0
vn -1 0 0
vn -1 0 0
vn -0.698722005 -0.244647339 0.672261238
vn -0.700077891 -0.186074972 0.689396203
vn 0.698707283 0.124243744 -0.704536498
vn 0.700081468 0.183542848 -0.690071046
vn 0.207898363 0.417627871 0.884514153
vn 0.750257194 0.560793042 0.350179046
vn -0.750246048 0.660764575 -0.0228280909
vn -0.542349935 0.467609286 0.697995782
vn -0.207897335 0.803938806 -0.557190418
vn 0.542364478 0.753957033 -0.370660931
vn 2.78177993e-07 0.965925217 0.258821398
vn 2.78177993e-07 0.965925217 0.258821398
vn 2.78177993e-07 0.965925217 0.258821398
vn 1.44514024e-06 0.965925455 0.258820474
vn 1.44514024e-06 0.965925455 0.258820474
vn 1.44514024e-06 0.965925455 0.258820474
vn 1.40585007e-06 0.965925515 0.258820295
vn 1.40585007e-06 0.965925515 0.258820295
vn 1.40585007e-06 0.965925515 0.258820295
vn 8.38605047e-07 0.965925515 0.258820206
vn 8.38605047e-07 0.965925515 0.258820206
vn 8.38605047e-07 0.965925515 0.258820206
vn 0 0.965925932 0.258818626
vn 0 0.965925932 0.258818626
vn 0 0.965925932 0.258818626
vn 0 0.965925932 0.258818626
vn 0 0.258819014 -0.965925872
vn 0 0.258819014 -0.965925872
vn 0 0.258819014 -0.965925872
vn 0 0.258819014 -0.965925872
vn -1 0 0
vn -1 0 0
vn -1 0 0
vn -1 0 0
vn 0 -0.258819014 0.965925872
vn 0 -0.258819014 0.965925872
vn 0 -0.258819014 0.965925872
vn 0 -0.258819014 0.965925872
vn 1 0 0
vn 1 0 0
vn 1 0 0
vn 1 0 0
vn 0 0.965926111 0.258818299
vn 0 0.965926111 0.258818299
vn 0 0.965926111 0.258818299
vn 0 0.965926111 0.258818299
vn 0 0.258819401 -0.965925813
vn 0 0.258819401 -0.965925813
vn 0 0.258819401 -0.965925813
vn 0 0.258819401 -0.965925813
vn -1 0 0
vn -1 0 0
vn -1 0 0
vn -1 0 0
vn 0 -0.258819193 0.965925813
vn 0 -0.258819193 0.965925813
vn 0 -0.258819193 0.965925813
vn 0 -0.258819193 0.965925813
vn 1 0 0
vn 1 0 0
vn 1 0 0
vn 1 0 0
vn 0.541714907 -0.277144432 0.793559015
vn 0.542779088 -0.218637571 0.810918331
vn -0.541715026 0.156746432 -0.825818002
vn -0.542782247 0.2161057 -0.811594605
vn -0.541715026 0.156746432 -0.825818002
vn -0.353233308 0.432339996 0.829643548
vn 0.420488685 0.442370713 0.792147338
vn -0.420495391 0.779189229 -0.464809477
vn 3.77395963e-06 0.965924799 0.258822858
vn 3.77395963e-06 0.965924799 0.258822858
vn 3.77395963e-06 0.965924799 0.258822858
vn -5.1071703e-07 0.965926111 0.258818209
vn -5.1071703e-07 0.965926111 0.258818209
vn -5.1071703e-07 0.965926111 0.258818209
vn 6.48774062e-07 0.965926051 0.258818239
vn 6.48774062e-07 0.965926051 0.258818239
vn 6.48774062e-07 0.965926051 0.258818239
vn 4.84247096e-07 0.965925992 0.258818537
vn 4.84247096e-07 0.965925992 0.258818537
vn 4.84247096e-07 0.965925992 0.258818537
vn -1 1.5746599e-07 -5.87663976e-07
vn -1 1.5746599e-07 -5.87663976e-07
vn -1 1.5746599e-07 -5.87663976e-07
vn -1 4.07282005e-06 1.09130997e-06
vn -1 4.07282005e-06 1.09130997e-06
vn -1 4.07282005e-06 1.09130997e-06
vn 1 0 0
vn 1 0 0
vn 1 0 0
vn 1 0 0
vn 1 1.5746501e-07 -5.87663976e-07
vn 1 1.5746501e-07 -5.87663976e-07
vn 1 1.5746501e-07 -5.87663976e-07
vn 1 4.07283005e-06 1.09130997e-06
vn 1 4.07283005e-06 1.09130997e-06
vn 1 4.07283005e-06 1.09130997e-06
vn -1 0 0
vn -1 0 0
vn -1 0 0
vn -1 0 0
vn 0 -0.258821219 0.965925276
vn 0 -0.258821219 0.965925276
vn 0 -0.258821219 0.965925276
vn 0 -0.25881958 0.965925694
vn 0 -0.25881958 0.965925694
vn 0 -0.25881958 0.965925694
vn 0 0.96592617 0.258817703
vn 0 0.96592617 0.258817703
vn 0 0.96592617 0.258817703
vn 1.19368025e-07 0.965925694 0.258819729
vn 1.19368025e-07 0.965925694 0.258819729
vn 1.19368025e-07 0.965925694 0.258819729
vn 9.82587039e-07 0.965925872 0.258818924
vn 9.82587039e-07 0.965925872 0.258818924
vn 9.82587039e-07 0.965925872 0.258818924
vn 0 0.96592617 0.258817732
vn 0 0.96592617 0.258817732
vn 0 0.96592617 0.258817732
vn 1.22567997e-06 0.965925872 0.258818895
vn 1.22567997e-06 0.965925872 0.258818895
vn 1.22567997e-06 0.965925872 0.258818895
vn 1.94910012e-06 0.965925872 0.258818895
vn 1.94910012e-06 0.965925872 0.258818895
vn 1.94910012e-06 0.965925872 0.258818895
vn 0 0.965925276 0.258820981
vn 0 0.965925276 0.258820981
vn 0 0.965925276 0.258820981
vn 0 0.258820117 -0.965925574
vn 0 0.258820117 -0.965925574
vn 0 0.258820117 -0.965925574
vn 0 0.258820117 -0.965925574
vn 0 0.25881964 -0.965925694
vn 0 0.25881964 -0.965925694
vn 0 0.25881964 -0.965925694
vn 0 0.25881964 -0.965925694
vn 0 0.258819193 -0.965925813
vn 0 0.258819193 -0.965925813
vn 0 0.258819193 -0.965925813
vn 0 -0.258821636 0.965925157
vn 0 -0.258821636 0.965925157
vn 0 -0.258821636 0.965925157
vn 0 -0.258821666 0.965925157
vn 0 -0.258821666 0.965925157
vn 0 -0.258821666 0.965925157
vn 1 0 0
vn 0 0.965925992 0.258818537
vn -1 0 0
vn -1 0 0
vn -1 0 0
vn -1 0 0
vn 1 0 0
vn 0 0.965925992 0.258818507
vn -1 0 0
vn -1 0 0
vn -1 0 0
vn -1 0 0
vn 0 -0.878399551 -0.477927119
vn 0 -0.878399551 -0.477927119
vn 0 -0.878399551 -0.477927119
vn 0 -0.878399491 -0.477927208
vn 0 -0.878399491 -0.477927208
vn 0 -0.878399491 -0.477927208
vn 1 0 0
vn 1 0 0
vn 1 0 0
vn 1 0 0
vn 0 0.878399551 0.477927029
vn 0 0.878399551 0.477927029
vn 0 0.878399551 0.477927029
vn 0 0.878399551 0.477927119
vn 0 0.878399551 0.477927119
vn 0 0.878399551 0.477927119
vn -1 -3.13580389e-22 -1.2677701e-07
vn -1 -3.13580389e-22 -1.2677701e-07
vn -1 -3.13580389e-22 -1.2677701e-07
vn -1 -3.13580389e-22 -1.2677701e-07
vn 0 -0.878399491 -0.477927208
vn 0 -0.878399491 -0.477927208
vn 0 -0.878399491 -0.477927208
vn 0 -0.878399551 -0.477927119
vn 0 -0.878399551 -0.477927119
vn 0 -0.878399551 -0.477927119
vn 1 3.13580389e-22 1.2677701e-07
vn 1 3.13580389e-22 1.2677701e-07
vn 1 3.13580389e-22 1.2677701e-07
vn 1 3.13580389e-22 1.2677701e-07
vn 0 0.878399551 0.477927119
vn 0 0.878399551 0.477927119
vn 0 0.878399551 0.477927119
vn 0 0.878399611 0.477927089
vn 0 0.878399611 0.477927089
vn 0 0.878399611 0.477927089
vn -1 0 0
vn -1 0 0
vn -1 0 0
vn -1 0 0
vn 0 -0.258819401 0.965925813
vn 0 -0.258819401 0.965925813
vn 0 -0.258819401 0.965925813
vn 0 -0.258819401 0.965925813
vn -0.577366829 0.707104981 -0.40822807
vn -0.70713222 0.18299374 -0.682991445
vn 0.708479583 0.182659194 -0.681683421
vn 0.578582585 0.706641078 -0.407308936
vn 0.70710218 0.182993859 -0.683022499
vn 0.577366829 0.707104981 -0.40822807
vn -0.578582585 0.706641078 -0.407308936
vn -0.708479583 0.182659194 -0.681683421
vn -0.30149433 0.951756656 -0.0571004935
vn -0.70713222 0.18299374 -0.682991445
vn -0.70713222 0.18299374 -0.682991445
vn -0.577366829 0.707104981 -0.40822807
vn 0.99999243 -0.0010099411 0.00376921822
vn 0.99999243 -0.0010099411 0.00376921822
vn 0.99999243 -0.0010099411 0.00376921822
vn 0.99999243 -0.0010099411 0.00376921822
vn 0.70713222 0.18299374 -0.682991445
vn -0.70713222 0.18299374 -0.682991445
vn -0.30149433 0.951756656 -0.0571004935
vn 0.30149433 0.951756656 -0.0571004935
vn 0.577366829 0.707104981 -0.40822807
vn 0.70710218 0.182993859 -0.683022499
vn 0 0.965925813 0.258819103
vn 0 0.965925813 0.258819103
vn 0 0.965925813 0.258819103
vn 0 0.965925813 0.258819103
vn 3.45131014e-07 0.965925932 0.258818835
vn 3.45131014e-07 0.965925932 0.258818835
vn 3.45131014e-07 0.965925932 0.258818835
vn 0 0.965925515 0.258820415
vn 0 0.965925515 0.258820415
vn 0 0.965925515 0.258820415
vn -1.20468997e-06 0.965925813 0.258819103
vn -1.20468997e-06 0.965925813 0.258819103
vn -1.20468997e-06 0.965925813 0.258819103
vn -0.99999243 -0.0010099411 0.00376927829
vn 2.12554005e-06 -0.258818209 0.965926111
vn 2.12554005e-06 -0.258818209 0.965926111
vn 2.12554005e-06 -0.258818209 0.965926111
vn -5.7195607e-06 -0.258825719 0.965924084
vn -5.7195607e-06 -0.258825719 0.965924084
vn -5.7195607e-06 -0.258825719 0.965924084
vn 0 -0.258818209 0.965926111
vn 0 -0.258818209 0.965926111
vn 0 -0.258818209 0.965926111
vn -2.02351021e-06 0.258821934 -0.965925097
vn -2.02351021e-06 0.258821934 -0.965925097
vn -2.02351021e-06 0.258821934 -0.965925097
vn 0 0.258823812 -0.965924621
vn 0 0.258823812 -0.965924621
vn 0 0.258823812 -0.965924621
vn 2.51511005e-06 0.258821398 -0.965925217
vn 2.51511005e-06 0.258821398 -0.965925217
vn 2.51511005e-06 0.258821398 -0.965925217
vn 1 0 0
vn 1 0 0
vn 1 0 0
vn 1 0 0
vn 0.00073245354 0.349105716 0.937083066
vn 0.000732465065 0.771316528 -0.636451304
vn 0.447958261 0.819161117 -0.358201742
vn 0.447503954 0.530607939 0.719857931
vn -1 0 0
vn -1 0 0
vn -1 0 0
vn -1 0 0
vn -0.446645916 0.531214118 0.719943821
vn -0.447112501 0.819726646 -0.357964665
vn -0.723656178 0.547007322 0.420838147
vn 0.577359617 0.408253461 0.707096159
vn 0.70710218 -0.182993859 0.683022499
vn 0.70710218 -0.182993859 0.683022499
vn 0.577359617 0.408253461 0.707096159
vn 0.720584631 0.684907973 -0.107976317
vn 0 0.965925872 0.258818895
vn 0 0.965925872 0.258818895
vn 0 0.965925872 0.258818895
vn 0 0.965925753 0.258819431
vn 0 0.965925753 0.258819431
vn 0 0.965925753 0.258819431
vn -1.54641995e-07 0.965925813 0.258819193
vn -1.54641995e-07 0.965925813 0.258819193
vn -1.54641995e-07 0.965925813 0.258819193
vn -1.76540016e-06 0.965925634 0.258819818
vn -1.76540016e-06 0.965925634 0.258819818
vn -1.76540016e-06 0.965925634 0.258819818
vn -0.70710218 -0.182993859 0.683022499
vn -0.577359617 0.408253461 0.707096159
vn -0.70710218 -0.182993859 0.683022499
vn -0.931408763 0.0941815525 -0.351578623
vn -0.720584631 0.684907973 -0.107976317
vn -0.577359617 0.408253461 0.707096159
vn -0.401229173 0.237069219 -0.884767354
vn -0.31257683 0.790292621 -0.527004123
vn 0.577359617 0.707096159 -0.408253461
vn 0 0.965925813 0.258819401
vn 0 0.965925813 0.258819401
vn 0 0.965925813 0.258819401
vn 1.54641995e-07 0.965925813 0.258819193
vn 1.54641995e-07 0.965925813 0.258819193
vn 1.54641995e-07 0.965925813 0.258819193
vn 1.76540004e-06 0.965925694 0.258819789
vn 1.76540004e-06 0.965925694 0.258819789
vn 1.76540004e-06 0.965925694 0.258819789
vn -0.609982312 -0.205087304 0.76541543
vn -0.609999061 0.560312927 0.560312927
vn 0.609999061 0.560312927 0.560312927
vn 0.609982312 -0.205087304 0.76541543
vn -0.609982312 0.76541543 -0.205087304
vn 0.609982312 0.76541543 -0.205087304
vn -0.609982312 0.76541543 -0.205087304
vn -0.609982312 0.205087304 -0.76541543
vn 0.609982312 0.205087304 -0.76541543
vn 0.609982312 0.76541543 -0.205087304
vn -0.609999061 -0.560312927 -0.560312927
vn 0.609999061 -0.560312927 -0.560312927
vn -0.609982312 -0.76541543 0.205087304
vn 0.609982312 -0.76541543 0.205087304
vn -1 0 0
vn -1 0 0
vn -1 0 0
vn -1 0 0
vn -1 0 0
vn -1 0 0
vn 1 0 0
vn 1 0 0
vn 1 0 0
vn 1 0 0
vn 1 0 0
vn 1 0 0
vn 0.499992073 -0.224131167 0.836524487
vn 0.416014075 0.34929806 0.839597046
vn -4.98429017e-06 0.965926409 0.258817106
vn -4.98429017e-06 0.965926409 0.258817106
vn -4.98429017e-06 0.965926409 0.258817106
vn -1 0 0
vn -0.832051098 0.1435633 0.535798967
vn 0.416009992 -0.55246228 0.722302735
vn 0.499992073 -0.836524487 0.224131167
vn 0.499992073 -0.836524487 0.224131167
vn 0.416009992 -0.55246228 0.722302735
vn 0.416014075 0.839597046 0.34929806
vn 0.499992073 0.836524487 -0.224131167
vn 4.07450034e-06 0.258815527 0.965926766
vn 4.07450034e-06 0.258815527 0.965926766
vn 4.07450034e-06 0.258815527 0.965926766
vn -1 0 0
vn -0.832048357 -0.392234355 0.392234355
vn 0.416012973 -0.90176332 -0.117286876
vn 0.49999994 -0.612372458 -0.612372458
vn 0.416012973 -0.90176332 -0.117286876
vn 4.97123028e-06 -0.707107484 0.707106173
vn 4.97123028e-06 -0.707107484 0.707106173
vn 4.97123028e-06 -0.707107484 0.707106173
vn -0.832051098 -0.535798967 -0.1435633
vn 0.499992073 0.224131167 -0.836524487
vn 0.416014075 -0.34929806 -0.839597046
vn 0.416009963 -0.722302675 0.55246228
vn 0.499992073 -0.224131167 0.836524487
vn -1.43044008e-06 -0.965926647 -0.258816034
vn -1.43044008e-06 -0.965926647 -0.258816034
vn -1.43044008e-06 -0.965926647 -0.258816034
vn -1 0 0
vn -0.832051098 -0.1435633 -0.535798967
vn 0.416009992 0.55246228 -0.722302735
vn 0.499992073 0.836524487 -0.224131167
vn 0.499992073 0.836524487 -0.224131167
vn 0.416009992 0.55246228 -0.722302735
vn 0.416014075 -0.839597046 -0.34929806
vn 0.499992073 -0.836524487 0.224131167
vn 3.88306006e-07 -0.258822203 -0.965924978
vn 3.88306006e-07 -0.258822203 -0.965924978
vn 3.88306006e-07 -0.258822203 -0.965924978
vn -1 0 0
vn -0.832048357 0.392234355 -0.392234355
vn 0.416012973 0.90176332 0.117286876
vn 0.49999994 0.612372458 0.612372458
vn 0.416012973 0.90176332 0.117286876
vn 2.98273994e-06 0.707104325 -0.707109213
vn 2.98273994e-06 0.707104325 -0.707109213
vn 2.98273994e-06 0.707104325 -0.707109213
vn 1 0 0
vn -0.499992073 -0.224131167 0.836524487
vn -0.416014075 0.34929806 0.839597046
vn 0.832051098 0.535798967 0.1435633
vn -0.499992073 -0.224131167 0.836524487
vn -0.499992073 0.224131167 -0.836524487
vn -0.416009963 0.722302675 -0.55246228
vn -0.416014075 0.34929806 0.839597046
vn 3.52860002e-06 0.965926409 0.258817106
vn 3.52860002e-06 0.965926409 0.258817106
vn 3.52860002e-06 0.965926409 0.258817106
vn -0.499992073 -0.836524487 0.224131167
vn -0.416009992 -0.55246228 0.722302735
vn -0.499992073 -0.836524487 0.224131167
vn -0.416014075 0.839597046 0.34929806
vn -0.416009992 -0.55246228 0.722302735
vn -4.07448033e-06 0.258815527 0.965926766
vn -4.07448033e-06 0.258815527 0.965926766
vn -4.07448033e-06 0.258815527 0.965926766
vn -0.49999994 -0.612372458 -0.612372458
vn -0.416012973 -0.90176332 -0.117286876
vn -0.49999994 -0.612372458 -0.612372458
vn -0.416012973 0.117286876 0.90176332
vn -0.416012973 -0.90176332 -0.117286876
vn -1.98849966e-06 -0.707103729 0.707109869
vn -1.98849966e-06 -0.707103729 0.707109869
vn -1.98849966e-06 -0.707103729 0.707109869
vn -0.499992073 0.224131167 -0.836524487
vn -0.416014075 -0.34929806 -0.839597046
vn -0.499992073 0.224131167 -0.836524487
vn -0.416014075 -0.34929806 -0.839597046
vn 2.88609021e-06 -0.965926647 -0.258816034
vn 2.88609021e-06 -0.965926647 -0.258816034
vn 2.88609021e-06 -0.965926647 -0.258816034
vn -0.499992073 0.836524487 -0.224131167
vn -0.416009992 0.55246228 -0.722302735
vn -3.10461019e-06 -0.258817643 -0.96592623
vn -3.10461019e-06 -0.258817643 -0.96592623
vn -3.10461019e-06 -0.258817643 -0.96592623
vn 1 0 0
vn -0.49999994 0.612372458 0.612372458
vn -0.416012973 0.90176332 0.117286876
vn 0.832048357 0.392234355 -0.392234355
vn -0.416012973 0.90176332 0.117286876
vn -2.98272994e-06 0.707104385 -0.707109272
vn -2.98272994e-06 0.707104385 -0.707109272
vn -2.98272994e-06 0.707104385 -0.707109272
vn -0.156532496 0.985065401 0.0717198625
vn -0.221417293 0.972527027 0.0718728304
vn -0.532348454 0.652472496 0.539337337
vn -0.280808181 0.939231813 0.197459906
vn 0.221417293 0.972527027 0.0718728304
vn 0.156532496 0.985065401 0.0717198625
vn 0.280808181 0.939231813 0.197459906
vn 0.280808181 0.939231813 0.197459906
vn 0.532348454 0.652472496 0.539337337
vn -6.73835093e-05 0.965922952 0.258829862
vn -6.73835093e-05 0.965922952 0.258829862
vn -6.73835093e-05 0.965922952 0.258829862
vn 0.999585629 0.0264979005 0.0112444703
vn 0.999585629 0.0264979005 0.0112444703
vn 0.999585629 0.0264979005 0.0112444703
vn 0.999643922 0.0244917795 0.01059788
vn 0.999643922 0.0244917795 0.01059788
vn 0.999643922 0.0244917795 0.01059788
vn -6.35608012e-05 0.965923011 0.258829802
vn -6.35608012e-05 0.965923011 0.258829802
vn -6.35608012e-05 0.965923011 0.258829802
vn 7.23903868e-05 0.965925097 0.258821666
vn 7.23903868e-05 0.965925097 0.258821666
vn 7.23903868e-05 0.965925097 0.258821666
vn -0.999653518 0.0254169703 0.00685030222
vn -0.999653518 0.0254169703 0.00685030222
vn -0.999653518 0.0254169703 0.00685030222
vn -0.999591351 0.0275720321 0.00754517363
vn -0.999591351 0.0275720321 0.00754517363
vn -0.999591351 0.0275720321 0.00754517363
vn 0 0.178065792 -0.984018564
vn 0 0.178065792 -0.984018564
vn 0 0.178065792 -0.984018564
vn 0 -0.178065807 0.984018624
vn 0 -0.178065807 0.984018624
vn 0 -0.178065807 0.984018624
vn 0 -0.178065807 0.984018624
vn 1 0 0
vn 1 0 0
vn 1 0 0
vn 1 0 0
vn 0 0.178065792 -0.984018564
vn 0 0.962890685 0.269891888
vn 0 0.962890685 0.269891888
vn 0 0.962890685 0.269891888
vn 0 0.962890685 0.269891888
vn -1 0 0
vn -1 0 0
vn -1 0 0
vn -1 0 0
vn 0 -0.949080527 -0.315033615
vn 0 -0.949080527 -0.315033615
vn 0 -0.949080527 -0.315033615
vn 0 -0.949080527 -0.315033615
vn 1 0 0
vn 1 0 0
vn 1 0 0
vn 1 0 0
vn 0 0.949080527 0.315033615
vn 0 0.949080527 0.315033615
vn 0 0.949080527 0.315033615
vn 0 0.949080527 0.315033615
vn -1 -4.17948883e-22 -1.68972008e-07
vn -1 -4.17948883e-22 -1.68972008e-07
vn -1 -4.17948883e-22 -1.68972008e-07
vn -1 -4.17948883e-22 -1.68972008e-07
vn -0.609982312 -0.205087304 0.76541543
vn -0.609999061 0.560312927 0.560312927
vn 0.609999061 0.560312927 0.560312927
vn 0.609982312 -0.205087304 0.76541543
vn -0.609982312 0.76541543 -0.205087304
vn 0.609982312 0.76541543 -0.205087304
vn -0.609982312 0.76541543 -0.205087304
vn -0.609982312 0.205087304 -0.76541543
vn 0.609982312 0.205087304 -0.76541543
vn 0.609982312 0.76541543 -0.205087304
vn -0.609999061 -0.560312927 -0.560312927
vn 0.609999061 -0.560312927 -0.560312927
vn -0.609982312 -0.76541543 0.205087304
vn 0.609982312 -0.76541543 0.205087304
vn -1 0 0
vn -1 0 0
vn -1 0 0
vn -1 0 0
vn -1 0 0
vn -1 0 0
vn 1 0 0
vn 1 0 0
vn 1 0 0
vn 1 0 0
vn 1 0 0
vn 1 0 0
f 1/1/1 2/2/2 3/3/3
f 4/4/4 5/5/5 6/6/6
f 7/7/7 8/8/8 9/9/9
f 10/10/10 11/11/11 12/12/12
f 13/13/13 14/14/14 15/15/15
f 16/16/16 17/17/17 18/18/18
f 19/19/19 20/20/20 21/21/21
f 22/22/22 23/23/23 24/24/24
f 24/24/24 25/25/25 22/22/22
f 26/26/26 27/27/27 28/28/28
f 29/29/29 30/30/30 31/31/31
f 32/32/32 33/33/33 34/34/34
f 35/35/35 36/36/36 37/37/37
f 38/38/38 39/39/39 40/40/40
f 40/40/40 41/41/41 38/38/38
f 42/42/42 40/40/40 39/39/39
f 43/43/43 44/44/44 45/45/45
f 44/44/44 46/46/46 47/47/47
f 47/47/47 45/45/45 44/44/44
f 46/46/46 48/48/48 49/49/49
f 49/49/49 47/47/47 46/46/46
f 40/40/40 42/42/42 50/50/50
f 47/47/47 49/49/49 51/51/51
f 52/52/52 53/53/53 54/54/54
f 54/54/54 55/55/55 52/52/52
f 53/53/53 56/56/56 57/57/57
f 57/57/57 54/54/54 53/53/53
f 58/58/58 59/59/59 60/60/60
f 60/60/60 61/61/61 58/58/58
f 55/55/55 54/54/54 62/62/62
f 62/62/62 63/63/63 55/55/55
f 54/54/54 57/57/57 64/64/64
f 64/64/64 62/62/62 54/54/54
f 61/61/61 60/60/60 65/65/65
f 66/66/66 65/65/65 60/60/60
f 67/67/67 55/55/55 63/63/63
f 68/68/68 69/69/69 70/70/70
f 71/71/71 72/72/72 73/73/73
f 74/74/74 75/75/75 76/76/76
f 77/77/77 78/78/78 79/79/79
f 80/80/80 81/81/81 82/82/82
f 83/83/83 84/84/84 85/85/85
f 86/86/86 87/87/87 88/88/88
f 89/89/89 90/90/90 91/91/91
f 92/92/92 93/93/93 94/94/94
f 95/95/95 96/96/96 97/97/97
f 96/96/96 95/95/95 98/98/98
f 98/98/98 99/99/99 96/96/96
f 100/100/100 101/101/101 102/102/102
f 102/102/102 103/103/103 100/100/100
f 104/104/104 100/100/100 103/103/103
f 105/105/105 106/106/106 107/107/107
f 108/108/108 109/109/109 110/110/110
f 111/111/111 112/112/112 113/113/113
f 112/112/112 111/111/111 109/109/109
f 109/109/109 108/108/108 112/112/112
f 114/114/114 115/115/115 116/116/116
f 117/117/117 118/118/118 119/119/119
f 120/120/120 121/121/121 122/122/122
f 123/123/123 124/124/124 125/125/125
f 126/126/126 127/127/127 128/128/128
f 129/129/129 130/130/130 131/131/131
f 131/131/131 132/132/132 129/129/129
f 133/133/133 134/134/134 135/135/135
f 135/135/135 136/136/136 133/133/133
f 134/134/134 137/137/137 138/138/138
f 138/138/138 135/135/135 134/134/134
f 139/139/139 140/140/140 141/141/141
f 142/142/142 143/143/143 144/144/144
f 144/144/144 145/145/145 142/142/142
f 146/146/146 142/142/142 145/145/145
f 145/145/145 147/147/147 146/146/146
f 148/148/148 149/149/149 150/150/150
f 150/150/150 151/151/151 148/148/148
f 152/152/152 153/153/153 154/154/154
f 155/155/155 145/145/145 144/144/144
f 144/144/144 156/156/156 155/155/155
f 157/157/157 147/147/147 145/145/145
f 145/145/145 155/155/155 157/157/157
f 154/154/154 151/151/151 150/150/150
f 150/150/150 152/152/152 154/154/154
f 158/158/158 159/159/159 160/160/160
f 160/160/160 161/161/161 158/158/158
f 162/162/162 163/163/163 159/159/159
f 159/159/159 158/158/158 162/162/162
f 164/164/164 165/165/165 166/166/166
f 166/166/166 167/167/167 164/164/164
f 168/168/168 169/169/169 170/170/170
f 169/169/169 168/168/168 160/160/160
f 160/160/160 159/159/159 169/169/169
f 171/171/171 172/172/172 166/166/166
f 166/166/166 165/165/165 171/171/171
f 173/173/173 174/174/174 175/175/175
f 176/176/176 177/177/177 178/178/178
f 179/179/179 180/180/180 181/181/181
f 182/182/182 183/183/183 184/184/184
f 185/185/185 186/186/186 187/187/187
f 188/188/188 189/189/189 190/190/190
f 188/188/188 190/190/190 191/191/191
f 192/192/192 193/193/193 194/194/194
f 192/192/192 194/194/194 195/195/195
f 193/193/193 196/196/196 197/197/197
f 193/193/193 197/197/197 194/194/194
f 198/198/198 188/188/188 191/191/191
f 198/198/198 191/191/191 199/199/199
f 198/198/198 192/192/192 189/189/189
f 198/198/198 189/189/189 188/188/188
f 189/189/189 192/192/192 195/195/195
f 189/189/189 195/195/195 190/190/190
f 196/196/196 198/198/198 199/199/199
f 196/196/196 199/199/199 197/197/197
f 196/196/196 193/193/193 192/192/192
f 196/196/196 192/192/192 198/198/198
f 200/200/200 201/201/201 202/202/202
f 203/203/203 200/200/200 202/202/202
f 204/204/204 205/205/205 206/206/206
f 206/206/206 207/207/207 204/204/204
f 208/208/208 209/209/209 210/210/210
f 210/210/210 211/211/211 208/208/208
f 3/3/3 212/212/212 1/1/1
f 213/213/213 214/214/214 215/215/215
f 215/215/215 216/216/216 213/213/213
f 217/217/217 218/218/218 219/219/219
f 219/219/219 220/220/220 217/217/217
f 6/6/6 221/221/221 4/4/4
f 222/222/222 223/223/223 224/224/224
f 224/224/224 225/225/225 222/222/222
f 226/226/226 227/227/227 228/228/228
f 228/228/228 229/229/229 226/226/226
f 230/230/230 231/231/231 232/232/232
f 232/232/232 233/233/233 230/230/230
f 234/234/234 235/235/235 236/236/236
f 236/236/236 237/237/237 234/234/234
f 9/9/9 238/238/238 7/7/7
f 239/239/239 240/240/240 241/241/241
f 241/241/241 242/242/242 239/239/239
f 243/243/243 244/244/244 245/245/245
f 246/246/246 247/247/247 248/248/248
f 249/249/249 250/250/250 251/251/251
f 251/251/251 252/252/252 249/249/249
f 253/253/253 254/254/254 255/255/255
f 255/255/255 256/256/256 253/253/253
f 257/257/257 258/258/258 259/259/259
f 259/259/259 260/260/260 257/257/257
f 261/261/261 262/262/262 263/263/263
f 263/263/263 264/264/264 261/261/261
f 265/265/265 266/266/266 267/267/267
f 267/267/267 268/268/268 265/265/265
f 18/18/18 269/269/269 16/16/16
f 270/270/270 271/271/271 272/272/272
f 272/272/272 273/273/273 270/270/270
f 274/274/274 275/275/275 276/276/276
f 276/276/276 277/277/277 274/274/274
f 278/278/278 279/279/279 280/280/280
f 280/280/280 281/281/281 278/278/278
f 282/282/282 283/283/283 284/284/284
f 284/284/284 285/285/285 282/282/282
f 286/286/286 287/287/287 288/288/288
f 288/288/288 289/289/289 286/286/286
f 290/290/290 291/291/291 292/292/292
f 292/292/292 293/293/293 290/290/290
f 21/21/21 294/294/294 19/19/19
f 295/295/295 296/296/296 297/297/297
f 297/297/297 298/298/298 295/295/295
f 299/299/299 300/300/300 301/301/301
f 301/301/301 302/302/302 299/299/299
f 303/303/303 304/304/304 305/305/305
f 305/305/305 306/306/306 303/303/303
f 28/28/28 307/307/307 26/26/26
f 308/308/308 309/309/309 310/310/310
f 310/310/310 311/311/311 308/308/308
f 312/312/312 313/313/313 314/314/314
f 314/314/314 315/315/315 312/312/312
f 316/316/316 317/317/317 318/318/318
f 318/318/318 319/319/319 316/316/316
f 320/320/320 321/321/321 322/322/322
f 322/322/322 323/323/323 320/320/320
f 31/31/31 324/324/324 29/29/29
f 325/325/325 326/326/326 327/327/327
f 327/327/327 328/328/328 325/325/325
f 329/329/329 330/330/330 331/331/331
f 332/332/332 333/333/333 334/334/334
f 335/335/335 336/336/336 337/337/337
f 338/338/338 339/339/339 340/340/340
f 341/341/341 342/342/342 343/343/343
f 343/343/343 344/344/344 341/341/341
f 345/345/345 346/346/346 347/347/347
f 347/347/347 348/348/348 345/345/345
f 349/349/349 350/350/350 351/351/351
f 351/351/351 352/352/352 349/349/349
f 353/353/353 354/354/354 355/355/355
f 355/355/355 356/356/356 353/353/353
f 357/357/357 358/358/358 359/359/359
f 359/359/359 360/360/360 357/357/357
f 361/361/361 362/362/362 363/363/363
f 363/363/363 364/364/364 361/361/361
f 365/365/365 366/366/366 367/367/367
f 367/367/367 368/368/368 365/365/365
f 369/369/369 370/370/370 371/371/371
f 371/371/371 372/372/372 369/369/369
f 373/373/373 374/374/374 375/375/375
f 375/375/375 376/376/376 373/373/373
f 377/377/377 378/378/378 379/379/379
f 379/379/379 380/380/380 377/377/377
f 381/381/381 382/382/382 383/383/383
f 383/383/383 384/384/384 381/381/381
f 385/385/385 386/386/386 387/387/387
f 387/387/387 388/388/388 385/385/385
f 386/386/386 389/389/389 390/390/390
f 390/390/390 387/387/387 386/386/386
f 391/391/391 392/392/392 393/393/393
f 393/393/393 394/394/394 391/391/391
f 392/392/392 385/385/385 388/388/388
f 388/388/388 393/393/393 392/392/392
f 395/395/395 396/396/396 397/397/397
f 398/398/398 395/395/395 397/397/397
f 399/399/399 398/398/398 397/397/397
f 400/400/400 401/401/401 402/402/402
f 403/403/403 400/400/400 402/402/402
f 404/404/404 403/403/403 402/402/402
f 405/405/405 406/406/406 407/407/407
f 407/407/407 408/408/408 405/405/405
f 409/409/409 410/410/410 411/411/411
f 412/412/412 413/413/413 414/414/414
f 415/415/415 416/416/416 417/417/417
f 417/417/417 418/418/418 415/415/415
f 419/419/419 420/420/420 421/421/421
f 421/421/421 422/422/422 419/419/419
f 423/423/423 424/424/424 425/425/425
f 425/425/425 426/426/426 423/423/423
f 34/34/34 427/427/427 32/32/32
f 428/428/428 429/429/429 430/430/430
f 430/430/430 431/431/431 428/428/428
f 432/432/432 433/433/433 434/434/434
f 434/434/434 435/435/435 432/432/432
f 436/436/436 437/437/437 438/438/438
f 438/438/438 439/439/439 436/436/436
f 440/440/440 441/441/441 442/442/442
f 442/442/442 443/443/443 440/440/440
f 444/444/444 445/445/445 446/446/446
f 446/446/446 447/447/447 444/444/444
f 448/448/448 449/449/449 450/450/450
f 450/450/450 451/451/451 448/448/448
f 452/452/452 453/453/453 454/454/454
f 454/454/454 455/455/455 452/452/452
f 37/37/37 456/456/456 35/35/35
f 457/457/457 458/458/458 459/459/459
f 459/459/459 460/460/460 457/457/457
f 39/39/39 461/461/461 42/42/42
f 45/45/45 462/462/462 43/43/43
f 463/463/463 38/38/38 41/41/41
f 41/41/41 464/464/464 463/463/463
f 41/41/41 40/40/40 465/465/465
f 465/465/465 466/466/466 41/41/41
f 50/50/50 465/465/465 40/40/40
f 462/462/462 45/45/45 467/467/467
f 467/467/467 468/468/468 462/462/462
f 45/45/45 47/47/47 469/469/469
f 469/469/469 467/467/467 45/45/45
f 51/51/51 469/469/469 47/47/47
f 464/464/464 41/41/41 466/466/466
f 466/466/466 470/470/470 464/464/464
f 471/471/471 472/472/472 473/473/473
f 474/474/474 475/475/475 476/476/476
f 477/477/477 478/478/478 479/479/479
f 480/480/480 481/481/481 482/482/482
f 483/483/483 484/484/484 485/485/485
f 485/485/485 486/486/486 483/483/483
f 487/487/487 488/488/488 489/489/489
f 489/489/489 490/490/490 487/487/487
f 491/491/491 492/492/492 493/493/493
f 493/493/493 494/494/494 491/491/491
f 495/495/495 496/496/496 497/497/497
f 497/497/497 498/498/498 495/495/495
f 499/499/499 500/500/500 501/501/501
f 501/501/501 502/502/502 499/499/499
f 503/503/503 504/504/504 505/505/505
f 505/505/505 506/506/506 503/503/503
f 507/507/507 508/508/508 509/509/509
f 509/509/509 510/510/510 507/507/507
f 511/511/511 512/512/512 513/513/513
f 513/513/513 514/514/514 511/511/511
f 515/515/515 516/516/516 517/517/517
f 517/517/517 518/518/518 515/515/515
f 519/519/519 520/520/520 521/521/521
f 521/521/521 522/522/522 519/519/519
f 523/523/523 58/58/58 61/61/61
f 61/61/61 524/524/524 523/523/523
f 59/59/59 525/525/525 526/526/526
f 526/526/526 60/60/60 59/59/59
f 527/527/527 52/52/52 55/55/55
f 55/55/55 67/67/67 527/527/527
f 524/524/524 61/61/61 528/528/528
f 528/528/528 529/529/529 524/524/524
f 65/65/65 528/528/528 61/61/61
f 60/60/60 526/526/526 66/66/66
f 63/63/63 530/530/530 67/67/67
f 531/531/531 532/532/532 533/533/533
f 534/534/534 535/535/535 536/536/536
f 537/537/537 538/538/538 539/539/539
f 540/540/540 541/541/541 542/542/542
f 543/543/543 544/544/544 545/545/545
f 546/546/546 547/547/547 548/548/548
f 549/549/549 550/550/550 551/551/551
f 551/551/551 552/552/552 549/549/549
f 553/553/553 554/554/554 555/555/555
f 556/556/556 557/557/557 558/558/558
f 559/559/559 560/560/560 561/561/561
f 561/561/561 562/562/562 559/559/559
f 563/563/563 564/564/564 565/565/565
f 566/566/566 567/567/567 568/568/568
f 569/569/569 570/570/570 571/571/571
f 572/572/572 573/573/573 574/574/574
f 575/575/575 576/576/576 577/577/577
f 578/578/578 579/579/579 580/580/580
f 581/581/581 582/582/582 583/583/583
f 584/584/584 585/585/585 586/586/586
f 587/587/587 588/588/588 589/589/589
f 590/590/590 591/591/591 592/592/592
f 592/592/592 593/593/593 590/590/590
f 594/594/594 595/595/595 596/596/596
f 597/597/597 594/594/594 596/596/596
f 598/598/598 599/599/599 600/600/600
f 601/601/601 602/602/602 603/603/603
f 604/604/604 605/605/605 606/606/606
f 76/76/76 607/607/607 74/74/74
f 79/79/79 608/608/608 77/77/77
f 609/609/609 610/610/610 611/611/611
f 611/611/611 612/612/612 609/609/609
f 82/82/82 613/613/613 80/80/80
f 85/85/85 614/614/614 83/83/83
f 615/615/615 616/616/616 617/617/617
f 617/617/617 618/618/618 615/615/615
f 619/619/619 620/620/620 621/621/621
f 622/622/622 623/623/623 624/624/624
f 625/625/625 626/626/626 627/627/627
f 627/627/627 628/628/628 625/625/625
f 629/629/629 630/630/630 631/631/631
f 632/632/632 633/633/633 634/634/634
f 635/635/635 636/636/636 637/637/637
f 637/637/637 638/638/638 635/635/635
f 639/639/639 640/640/640 641/641/641
f 642/642/642 643/643/643 644/644/644
f 645/645/645 646/646/646 647/647/647
f 647/647/647 648/648/648 645/645/645
f 649/649/649 650/650/650 651/651/651
f 652/652/652 653/653/653 654/654/654
f 655/655/655 656/656/656 657/657/657
f 657/657/657 658/658/658 655/655/655
f 659/659/659 660/660/660 661/661/661
f 661/661/661 662/662/662 659/659/659
f 663/663/663 664/664/664 665/665/665
f 665/665/665 666/666/666 663/663/663
f 667/667/667 668/668/668 669/669/669
f 669/669/669 670/670/670 667/667/667
f 671/671/671 672/672/672 673/673/673
f 673/673/673 674/674/674 671/671/671
f 675/675/675 676/676/676 677/677/677
f 677/677/677 678/678/678 675/675/675
f 679/679/679 680/680/680 681/681/681
f 679/679/679 681/681/681 682/682/682
f 679/679/679 682/682/682 683/683/683
f 679/679/679 683/683/683 684/684/684
f 685/685/685 686/686/686 687/687/687
f 685/685/685 687/687/687 688/688/688
f 689/689/689 690/690/690 691/691/691
f 692/692/692 693/693/693 694/694/694
f 695/695/695 696/696/696 697/697/697
f 91/91/91 698/698/698 89/89/89
f 699/699/699 700/700/700 701/701/701
f 702/702/702 703/703/703 704/704/704
f 705/705/705 706/706/706 707/707/707
f 708/708/708 709/709/709 710/710/710
f 711/711/711 712/712/712 713/713/713
f 714/714/714 715/715/715 716/716/716
f 717/717/717 718/718/718 719/719/719
f 719/719/719 720/720/720 717/717/717
f 721/721/721 722/722/722 723/723/723
f 723/723/723 724/724/724 721/721/721
f 725/725/725 726/726/726 727/727/727
f 727/727/727 728/728/728 725/725/725
f 729/729/729 730/730/730 722/722/722
f 722/722/722 721/721/721 729/729/729
f 94/94/94 731/731/731 92/92/92
f 93/93/93 92/92/92 732/732/732
f 732/732/732 733/733/733 93/93/93
f 734/734/734 735/735/735 736/736/736
f 736/736/736 97/97/97 734/734/734
f 97/97/97 736/736/736 95/95/95
f 99/99/99 98/98/98 731/731/731
f 731/731/731 94/94/94 99/99/99
f 737/737/737 738/738/738 739/739/739
f 740/740/740 741/741/741 742/742/742
f 743/743/743 744/744/744 745/745/745
f 746/746/746 747/747/747 748/748/748
f 101/101/101 749/749/749 750/750/750
f 750/750/750 102/102/102 101/101/101
f 751/751/751 752/752/752 753/753/753
f 753/753/753 754/754/754 751/751/751
f 752/752/752 755/755/755 756/756/756
f 756/756/756 753/753/753 752/752/752
f 755/755/755 104/104/104 757/757/757
f 757/757/757 756/756/756 755/755/755
f 103/103/103 757/757/757 104/104/104
f 758/758/758 759/759/759 760/760/760
f 761/761/761 762/762/762 763/763/763
f 764/764/764 765/765/765 766/766/766
f 767/767/767 768/768/768 769/769/769
f 769/769/769 770/770/770 767/767/767
f 768/768/768 771/771/771 772/772/772
f 772/772/772 769/769/769 768/768/768
f 773/773/773 774/774/774 775/775/775
f 775/775/775 776/776/776 773/773/773
f 774/774/774 777/777/777 778/778/778
f 778/778/778 775/775/775 774/774/774
f 777/777/777 779/779/779 780/780/780
f 780/780/780 778/778/778 777/777/777
f 779/779/779 767/767/767 770/770/770
f 770/770/770 780/780/780 779/779/779
f 781/781/781 782/782/782 783/783/783
f 783/783/783 784/784/784 785/785/785
f 781/781/781 783/783/783 785/785/785
f 786/786/786 781/781/781 785/785/785
f 787/787/787 788/788/788 789/789/789
f 789/789/789 790/790/790 791/791/791
f 787/787/787 789/789/789 791/791/791
f 792/792/792 787/787/787 791/791/791
f 110/110/110 793/793/793 108/108/108
f 113/113/113 794/794/794 111/111/111
f 795/795/795 796/796/796 797/797/797
f 798/798/798 799/799/799 800/800/800
f 800/800/800 801/801/801 798/798/798
f 802/802/802 803/803/803 804/804/804
f 804/804/804 805/805/805 802/802/802
f 805/805/805 804/804/804 799/799/799
f 799/799/799 798/798/798 805/805/805
f 806/806/806 807/807/807 808/808/808
f 809/809/809 810/810/810 811/811/811
f 811/811/811 812/812/812 809/809/809
f 116/116/116 813/813/813 114/114/114
f 115/115/115 114/114/114 810/810/810
f 810/810/810 809/809/809 115/115/115
f 814/814/814 815/815/815 816/816/816
f 119/119/119 817/817/817 117/117/117
f 818/818/818 819/819/819 820/820/820
f 820/820/820 821/821/821 818/818/818
f 821/821/821 820/820/820 817/817/817
f 817/817/817 119/119/119 821/821/821
f 822/822/822 823/823/823 824/824/824
f 825/825/825 826/826/826 827/827/827
f 827/827/827 828/828/828 825/825/825
f 829/829/829 830/830/830 831/831/831
f 831/831/831 832/832/832 829/829/829
f 832/832/832 831/831/831 826/826/826
f 826/826/826 825/825/825 832/832/832
f 833/833/833 834/834/834 835/835/835
f 836/836/836 837/837/837 838/838/838
f 838/838/838 839/839/839 836/836/836
f 122/122/122 840/840/840 120/120/120
f 121/121/121 120/120/120 837/837/837
f 837/837/837 836/836/836 121/121/121
f 841/841/841 842/842/842 843/843/843
f 844/844/844 845/845/845 846/846/846
f 846/846/846 847/847/847 844/844/844
f 848/848/848 849/849/849 850/850/850
f 850/850/850 851/851/851 848/848/848
f 849/849/849 844/844/844 847/847/847
f 847/847/847 850/850/850 849/849/849
f 852/852/852 853/853/853 854/854/854
f 124/124/124 855/855/855 856/856/856
f 856/856/856 125/125/125 124/124/124
f 857/857/857 123/123/123 858/858/858
f 858/858/858 859/859/859 857/857/857
f 125/125/125 858/858/858 123/123/123
f 860/860/860 861/861/861 862/862/862
f 127/127/127 863/863/863 864/864/864
f 864/864/864 128/128/128 127/127/127
f 865/865/865 126/126/126 866/866/866
f 866/866/866 867/867/867 865/865/865
f 128/128/128 866/866/866 126/126/126
f 868/868/868 869/869/869 870/870/870
f 130/130/130 871/871/871 872/872/872
f 872/872/872 131/131/131 130/130/130
f 873/873/873 129/129/129 132/132/132
f 132/132/132 874/874/874 873/873/873
f 875/875/875 876/876/876 877/877/877
f 137/137/137 878/878/878 879/879/879
f 879/879/879 138/138/138 137/137/137
f 880/880/880 881/881/881 882/882/882
f 883/883/883 884/884/884 885/885/885
f 885/885/885 886/886/886 883/883/883
f 141/141/141 887/887/887 139/139/139
f 140/140/140 883/883/883 886/886/886
f 886/886/886 141/141/141 140/140/140
f 888/888/888 889/889/889 890/890/890
f 149/149/149 891/891/891 892/892/892
f 892/892/892 150/150/150 149/149/149
f 156/156/156 893/893/893 155/155/155
f 155/155/155 893/893/893 157/157/157
f 894/894/894 153/153/153 152/152/152
f 152/152/152 150/150/150 892/892/892
f 892/892/892 894/894/894 152/152/152
f 167/167/167 166/166/166 895/895/895
f 895/895/895 896/896/896 167/167/167
f 169/169/169 897/897/897 170/170/170
f 898/898/898 172/172/172 899/899/899
f 172/172/172 171/171/171 899/899/899
f 897/897/897 169/169/169 159/159/159
f 159/159/159 163/163/163 897/897/897
f 172/172/172 898/898/898 895/895/895
f 895/895/895 166/166/166 172/172/172
f 900/900/900 901/901/901 902/902/902
f 903/903/903 904/904/904 905/905/905
f 906/906/906 907/907/907 908/908/908
f 909/909/909 910/910/910 911/911/911
f 912/912/912 913/913/913 914/914/914
f 915/915/915 916/916/916 917/917/917
f 918/918/918 919/919/919 920/920/920
f 921/921/921 922/922/922 923/923/923
f 924/924/924 925/925/925 926/926/926
f 926/926/926 927/927/927 924/924/924
f 928/928/928 929/929/929 930/930/930
f 930/930/930 931/931/931 928/928/928
f 923/923/923 932/932/932 921/921/921
f 933/933/933 934/934/934 935/935/935
f 935/935/935 936/936/936 933/933/933
f 937/937/937 938/938/938 939/939/939
f 937/937/937 939/939/939 940/940/940
f 941/941/941 942/942/942 943/943/943
f 943/943/943 944/944/944 941/941/941
f 945/945/945 946/946/946 947/947/947
f 947/947/947 948/948/948 945/945/945
f 949/949/949 950/950/950 951/951/951
f 951/951/951 952/952/952 949/949/949
f 953/953/953 954/954/954 955/955/955
f 955/955/955 956/956/956 953/953/953
f 957/957/957 958/958/958 959/959/959
f 959/959/959 960/960/960 957/957/957
f 958/958/958 961/961/961 962/962/962
f 962/962/962 959/959/959 958/958/958
f 963/963/963 964/964/964 965/965/965
f 965/965/965 966/966/966 963/963/963
f 964/964/964 967/967/967 968/968/968
f 968/968/968 965/965/965 964/964/964
f 967/967/967 969/969/969 970/970/970
f 970/970/970 968/968/968 967/967/967
f 969/969/969 957/957/957 960/960/960
f 960/960/960 970/970/970 969/969/969
f 971/971/971 972/972/972 973/973/973
f 973/973/973 974/974/974 975/975/975
f 971/971/971 973/973/973 975/975/975
f 976/976/976 971/971/971 975/975/975
f 977/977/977 978/978/978 979/979/979
f 979/979/979 980/980/980 981/981/981
f 977/977/977 979/979/979 981/981/981
f 982/982/982 977/977/977 981/981/981
