# Static bind-pose geometry from 0 A.D. PSMD v4
# Y-up, original orientation, uniform scale 8; no skinning or attachments
o base
g base
usemtl base
v 0 20.6386395 1.50343204
v 2.38514233 19.4767113 1.58241355
v 0 19.3343525 1.99735439
v 2.99315047 21.1166553 -0.893697619
v 2.17162085 19.4547119 -2.20527601
v 3.0675633 19.9193764 -0.805444777
v 2.07173443 21.5795918 -2.42706561
v 0 19.3343525 -2.96152401
v 2.42307758 26.9771271 2.47730803
v 0 24.8183041 2.8123889
v 0 27.2658081 2.88683844
v 2.15320563 21.9496002 1.01994324
v 0 21.8788795 1.68639755
v 2.97943521 22.4092407 -0.674488485
v 2.34001517 23.1882324 -2.57001448
v 0 21.7297516 -3.14859128
v 0 29.1031837 2.20641685
v 1.15435445 29.6289368 1.56019998
v 1.85552239 28.8890476 1.86947203
v 2.68018079 29.0105762 0.585711896
v 3.84091282 28.3242321 1.65942395
v 0 28.1260319 -1.57064235
v 0.866058409 28.8840237 -0.262851685
v 0 28.8174877 -0.638429582
v 3.9707551 16.3930397 -0.641166151
v 3.41397595 14.3253117 -1.91212881
v 4.22327852 14.3683519 -0.359647214
v 2.37775278 20.5189209 0.935661614
v 2.37775278 20.5189209 0.935661614
v 3.88203597 24.919241 0.560485363
v 2.93003201 25.208952 2.43227673
v 3.2797513 24.9610233 -1.09275115
v 3.22216487 25.5003605 0.594979763
v 3.59868646 26.1706161 -1.63827598
v 1.56343436 14.3147116 -2.52976322
v 3.08401608 16.3165607 -2.32279038
v 1.42397034 16.0798645 -2.60968471
v 2.65998483 17.8852806 1.96718156
v 2.95182872 16.3088722 2.00210238
v 2.67746472 25.0028076 -2.74598885
v 0 24.2879677 -3.16803193
v 2.20088649 26.875248 -1.9694488
v 0 25.3754559 -3.45534229
v 0 29.6867199 1.87818074
v 0.837956786 30.1070881 1.04582
v 1.47367275 29.1709766 0.498967111
v 1.87234163 28.4018555 -0.704677999
v 1.47367275 29.1709766 0.498967111
v 3.48093128 28.676136 0.581095695
v 4.1082778 27.8134079 1.45546246
v 3.04655528 28.3242321 1.65942395
v 5.3956089 25.1645126 0.579277933
v 4.91712236 24.6173763 1.94465995
v 4.67858315 26.0354633 1.79050565
v 3.97662711 27.1117115 -1.48260725
v 3.5193584 27.0732632 2.18397927
v 2.68018079 29.0105762 0.585711896
v 4.00141621 28.198904 -0.782770574
v 4.27528811 28.676136 0.581095695
v 3.56687832 26.3645363 2.20625353
v 4.24455023 26.9817123 1.83407438
v 3.59868646 26.1706161 -1.63827598
v 4.28778744 26.7792072 -0.937945604
v 3.18227029 27.1117115 -1.48260725
v 3.56687832 26.3645363 2.20625353
v 5.10913372 26.5995846 0.545951366
v 4.64603758 25.7708321 -0.72929281
v 4.14448881 27.6400242 -0.732177675
v 4.40655422 28.1187286 0.512625217
v 5.03999138 24.3787842 -0.844295204
v 5.57578659 24.501545 0.925642371
v 3.20705843 28.198904 -0.782770574
v 3.23331189 27.0732632 2.18397927
v 5.67248631 23.8570728 0.818525612
v 5.54315138 22.8002567 1.37991285
v 4.05816698 23.8712482 -1.04576957
v 3.78708959 23.8927441 1.86890161
v 3.22216487 25.5003605 0.594979763
v 3.22216487 25.5003605 0.594979763
v 3.5935657 23.79772 0.165348962
v 6.40353298 22.7453671 0.617274702
v 6.35931683 22.0278168 1.39220405
v 5.43322468 22.7793598 -0.47649473
v 5.26649904 22.5920639 1.35996234
v 4.17830324 22.7680073 0.201144636
v 5.0370903 22.0300713 -0.611718178
v 4.17830324 22.7680073 0.201144636
v 7.44415045 19.1953049 -0.875713587
v 7.27260065 18.8807201 -0.319858968
v 6.25019264 22.1872959 -0.56307888
v 5.22745132 21.7239037 1.09185278
v 4.37029696 21.6600552 -0.127951607
v 5.42268181 21.1779766 -0.895967185
v 4.37029696 21.6600552 -0.127951607
v 7.38490057 18.6165123 -0.43848896
v 7.03353977 19.427536 -1.41907036
v 7.55645132 18.8017445 -1.12713516
v 6.54543924 18.9293842 -0.303163052
v 6.3337841 19.2176723 -0.986370385
v 6.44535303 19.3428802 -1.57502162
v 6.3337841 19.2176723 -0.986370385
v 7.38935423 18.8794231 -1.71955121
v 7.71427441 17.1876564 -1.56002319
v 7.25649738 18.5691681 -2.29237509
v 7.26928568 17.605072 -2.42991924
v 6.55765295 18.8481846 -1.84033597
v 6.65773821 18.6670647 -0.428895921
v 6.44608498 18.8104801 -1.22346234
v 6.44608498 18.8104801 -1.22346234
v 7.71427441 17.1876564 -1.56002319
v 7.60779142 17.0166874 -0.605019033
v 6.57855844 16.3496647 -1.54155755
v 6.41249847 16.9600086 -0.47598505
v 6.866961 16.4857674 -0.54954046
v 6.36339664 16.7992725 -1.50313365
v 6.6233058 17.0865841 -0.586760461
v 5.95337582 17.3953514 -1.55454957
v 6.30434322 16.9346161 -2.44897366
v 5.8667202 17.0073929 -2.51359129
v 6.49238491 16.6483364 -2.5002687
v 6.80454493 16.8156471 -0.559007585
v 5.95337582 17.3953514 -1.55454957
v 5.8667202 17.0073929 -2.51359129
v 6.01527357 17.1688728 -2.58608246
v 6.6233058 17.0865841 -0.586760461
v 5.80022144 17.1266556 -1.42114162
v 6.96388626 17.1755676 -2.35305691
v 6.95369673 17.1654797 -2.43186069
v 6.83552408 17.5264645 -2.34391189
v 7.15713453 17.0711288 -0.598131597
v 6.95369673 17.1654797 -2.43186069
v 7.26928568 17.605072 -2.42991924
v 6.83552408 17.5264645 -2.34391189
v 5.95337582 17.3953514 -1.55454957
v 6.01527357 17.1688728 -2.58608246
v 5.73693609 17.7329922 -2.63433528
v 6.55453682 18.4987431 -2.17357445
v 6.49238491 16.6483364 -2.5002687
v 5.80022144 17.1266556 -1.42114162
v 6.96973991 17.1562157 -1.50208879
v 6.96388626 17.1755676 -2.35305691
v 6.05271769 17.5508327 -2.63950801
v 5.85947514 17.778944 -2.74002171
v 6.05271769 17.5508327 -2.63950801
v 6.05271769 17.5508327 -2.63950801
v 5.91850662 17.4874077 -2.48214412
v 0 29.519968 -0.359551847
v 1.04613996 29.8828793 0.41690439
v 0.645105779 29.6792316 -0.054609295
v 0 30.0963764 -0.542378426
v 0.799726009 30.3867912 0.250192642
v 0.799726009 30.3867912 0.250192642
v 0.571592808 30.2238312 -0.231106713
v 0 30.1854076 1.25919604
v 0.681298733 30.5662155 0.892160773
v 0 30.7758083 0.0617241822
v 0.0380835533 30.8020725 0.141914323
v 0.0447039604 30.7920399 0.106028482
v 0.0447039604 30.7920399 0.106028482
v 0.0319514237 30.7829361 0.0791244507
v 0 30.6288872 1.10996556
v 1.11050963 14.4318161 2.68177438
v 0.642007291 16.1012154 2.74187589
v 3.51035523 18.1483116 -0.691749036
v 3.134588 14.4093037 2.18839431
v -2.61804891 17.8799038 -2.12737846
v -1.42397034 16.0798645 -2.60968471
v 0 17.7117271 -2.48889995
v 0 20.6386395 1.50343204
v -2.38514233 19.4767113 1.58241355
v -2.37775278 20.5189209 0.935661614
v -2.99315047 21.1166553 -0.893697619
v -2.17162085 19.4547119 -2.20527601
v -2.07173443 21.5795918 -2.42706561
v -2.42307758 26.9771271 2.47730803
v 0 24.8183041 2.8123889
v -2.93003201 25.208952 2.43227673
v -2.15320563 21.9496002 1.01994324
v -2.97943521 22.4092407 -0.674488485
v -2.34001517 23.1882324 -2.57001448
v -1.15435445 29.6289368 1.56019998
v 0 29.1031837 2.20641685
v -1.85552239 28.8890476 1.86947203
v -3.84091282 28.3242321 1.65942395
v -2.68018079 29.0105762 0.585711896
v -0.866058409 28.8840237 -0.262851685
v -1.87234163 28.4018555 -0.704677999
v 2.61804891 17.8799038 -2.12737846
v -3.9707551 16.3930397 -0.641166151
v -3.41397595 14.3253117 -1.91212881
v -3.08401608 16.3165607 -2.32279038
v -2.37775278 20.5189209 0.935661614
v -3.0675633 19.9193764 -0.805444777
v -2.99315047 21.1166553 -0.893697619
v -2.99315047 21.1166553 -0.893697619
v -3.88203597 24.919241 0.560485363
v -3.22216487 25.5003605 0.594979763
v -3.2797513 24.9610233 -1.09275115
v -3.59868646 26.1706161 -1.63827598
v -1.56343436 14.3147116 -2.52976322
v -2.65998483 17.8852806 1.96718156
v -3.51035523 18.1483116 -0.691749036
v 0 21.8788795 1.68639755
v -2.67746472 25.0028076 -2.74598885
v -2.20088649 26.875248 -1.9694488
v 0 26.7344952 -2.63789749
v -0.837956786 30.1070881 1.04582
v 0 29.6867199 1.87818074
v -1.47367275 29.1709766 0.498967111
v -1.47367275 29.1709766 0.498967111
v -2.68018079 29.0105762 0.585711896
v -4.1082778 27.8134079 1.45546246
v -3.48093128 28.676136 0.581095695
v -3.04655528 28.3242321 1.65942395
v -4.91712236 24.6173763 1.94465995
v -5.3956089 25.1645126 0.579277933
v -4.67858315 26.0354633 1.79050565
v -4.00141621 28.198904 -0.782770574
v 0 27.2658081 2.88683844
v -3.56687832 26.3645363 2.20625353
v -4.24455023 26.9817123 1.83407438
v -3.23331189 27.0732632 2.18397927
v -4.28778744 26.7792072 -0.937945604
v -3.59868646 26.1706161 -1.63827598
v -3.18227029 27.1117115 -1.48260725
v -3.56687832 26.3645363 2.20625353
v -5.10913372 26.5995846 0.545951366
v -4.64603758 25.7708321 -0.72929281
v -4.14448881 27.6400242 -0.732177675
v -4.40655422 28.1187286 0.512625217
v -5.03999138 24.3787842 -0.844295204
v -3.20705843 28.198904 -0.782770574
v -5.67248631 23.8570728 0.818525612
v -5.57578659 24.501545 0.925642371
v -4.05816698 23.8712482 -1.04576957
v -3.22216487 25.5003605 0.594979763
v -3.22216487 25.5003605 0.594979763
v -3.78708959 23.8927441 1.86890161
v -5.54315138 22.8002567 1.37991285
v -6.40353298 22.7453671 0.617274702
v -5.43322468 22.7793598 -0.47649473
v -4.17830324 22.7680073 0.201144636
v -3.5935657 23.79772 0.165348962
v -4.17830324 22.7680073 0.201144636
v -3.5935657 23.79772 0.165348962
v -6.35931683 22.0278168 1.39220405
v -7.44415045 19.1953049 -0.875713587
v -6.25019264 22.1872959 -0.56307888
v -5.0370903 22.0300713 -0.611718178
v -5.22745132 21.7239037 1.09185278
v -5.26649904 22.5920639 1.35996234
v -4.37029696 21.6600552 -0.127951607
v -7.38490057 18.6165123 -0.43848896
v -7.27260065 18.8807201 -0.319858968
v -7.55645132 18.8017445 -1.12713516
v -7.03353977 19.427536 -1.41907036
v -5.42268181 21.1779766 -0.895967185
v -6.54543924 18.9293842 -0.303163052
v -6.3337841 19.2176723 -0.986370385
v -6.3337841 19.2176723 -0.986370385
v -4.37029696 21.6600552 -0.127951607
v -6.41249847 16.9600086 -0.47598505
v -6.57855844 16.3496647 -1.54155755
v -6.866961 16.4857674 -0.54954046
v -7.26928568 17.605072 -2.42991924
v -7.25649738 18.5691681 -2.29237509
v -7.38935423 18.8794231 -1.71955121
v -6.55765295 18.8481846 -1.84033597
v -6.44535303 19.3428802 -1.57502162
v -6.65773821 18.6670647 -0.428895921
v -6.44608498 18.8104801 -1.22346234
v -5.80022144 17.1266556 -1.42114162
v -6.49238491 16.6483364 -2.5002687
v -7.71427441 17.1876564 -1.56002319
v -6.30434322 16.9346161 -2.44897366
v -5.95337582 17.3953514 -1.55454957
v -6.36339664 16.7992725 -1.50313365
v -6.96973991 17.1562157 -1.50208879
v -6.44608498 18.8104801 -1.22346234
v -5.8667202 17.0073929 -2.51359129
v -6.49238491 16.6483364 -2.5002687
v -6.80454493 16.8156471 -0.559007585
v -5.8667202 17.0073929 -2.51359129
v -5.95337582 17.3953514 -1.55454957
v -6.01527357 17.1688728 -2.58608246
v -5.80022144 17.1266556 -1.42114162
v -6.6233058 17.0865841 -0.586760461
v -6.83552408 17.5264645 -2.34391189
v -6.95369673 17.1654797 -2.43186069
v -6.96388626 17.1755676 -2.35305691
v -6.96973991 17.1562157 -1.50208879
v -6.95369673 17.1654797 -2.43186069
v -7.26928568 17.605072 -2.42991924
v -7.39943933 17.3305435 -2.44422078
v -7.15713453 17.0711288 -0.598131597
v -5.73693609 17.7329922 -2.63433528
v -6.55453682 18.4987431 -2.17357445
v 7.31901836 16.6053848 -1.61345685
v 7.36390877 16.6583366 -0.611746252
v -7.71427441 17.1876564 -1.56002319
v -6.05271769 17.5508327 -2.63950801
v -5.85947514 17.778944 -2.74002171
v -6.83552408 17.5264645 -2.34391189
v -6.05271769 17.5508327 -2.63950801
v -1.04613996 29.8828793 0.41690439
v -0.645105779 29.6792316 -0.054609295
v -0.799726009 30.3867912 0.250192642
v -0.799726009 30.3867912 0.250192642
v -1.04613996 29.8828793 0.41690439
v -0.681298733 30.5662155 0.892160773
v 0 30.1854076 1.25919604
v -0.571592808 30.2238312 -0.231106713
v -0.0380835533 30.8020725 0.141914323
v -0.0447039604 30.7920399 0.106028482
v 0 30.6288872 1.10996556
v -1.11050963 14.4318161 2.68177438
v -2.95182872 16.3088722 2.00210238
v -0.642007291 16.1012154 2.74187589
v -4.22327852 14.3683519 -0.359647214
v 0 16.0798645 -2.68917847
v 6.87733698 17.2447205 -2.37367606
v 6.95369673 17.1654797 -2.43186069
v 7.39943933 17.3305435 -2.44422078
v 7.15987206 16.8834553 -2.47732472
v 7.4613409 17.3334808 -2.38778949
v 7.08507681 17.2329197 -1.50381923
v 6.96973991 17.1562157 -1.50208879
v 7.08507681 17.2329197 -1.50381923
v 7.28059101 17.0536957 -0.597484052
v 7.15987206 16.8834553 -2.47732472
v 6.87733698 17.2447205 -2.37367606
v 7.4613409 17.3334808 -2.38778949
v -6.87733698 17.2447205 -2.37367606
v -6.96388626 17.1755676 -2.35305691
v -6.95369673 17.1654797 -2.43186069
v -7.15987206 16.8834553 -2.47732472
v -7.39943933 17.3305435 -2.44422078
v -7.4613409 17.3334808 -2.38778949
v -7.08507681 17.2329197 -1.50381923
v -6.96388626 17.1755676 -2.35305691
v -7.08507681 17.2329197 -1.50381923
v -7.60779142 17.0166874 -0.605019033
v -7.28059101 17.0536957 -0.597484052
v -7.36390877 16.6583366 -0.611746252
v -7.15987206 16.8834553 -2.47732472
v -7.31901836 16.6053848 -1.61345685
v -7.4613409 17.3334808 -2.38778949
v -6.36339664 16.7992725 -1.50313365
v -6.6233058 17.0865841 -0.586760461
v 6.36339664 16.7992725 -1.50313365
v -7.28059101 17.0536957 -0.597484052
v 3.52081513 12.6628399 -1.44135034
v 4.25321341 12.8103037 0.0117611839
v 1.40506637 12.8351116 2.77340245
v 3.25272799 12.880456 2.37539124
v -3.52081513 12.6628399 -1.44135034
v -1.91417205 12.5636644 -2.23737359
v -1.40506637 12.8351116 2.77340245
v -3.134588 14.4093037 2.18839431
v -4.25321341 12.8103037 0.0117611839
v 0 12.6057281 -2.60736394
v 0 14.3311758 -2.67452717
v 0 14.461112 2.99078798
v 0 16.0901527 2.8483417
v 0 14.461112 2.99078798
v 0 16.0901527 2.8483417
v 0 12.8701601 3.14314723
v 0 12.8701601 3.14314723
v 0 17.7117271 2.5176208
v 0 17.7117271 2.5176208
v 0 19.3343525 1.99735439
v 1.91417205 12.5636644 -2.23737359
v 4.27528811 28.676136 0.581095695
v 3.5935657 23.79772 0.165348962
v 7.39943933 17.3305435 -2.44422078
v 6.41249847 16.9600086 -0.47598505
v 5.91850662 17.4874077 -2.48214412
v 5.91850662 17.4874077 -2.48214412
v 1.04613996 29.8828793 0.41690439
v 0 30.8055763 0.154089436
v -4.27528811 28.676136 0.581095695
v -2.37775278 20.5189209 0.935661614
v -2.37775278 20.5189209 0.935661614
v -3.97662711 27.1117115 -1.48260725
v -3.5193584 27.0732632 2.18397927
v -4.27528811 28.676136 0.581095695
v -7.39943933 17.3305435 -2.44422078
v -6.01527357 17.1688728 -2.58608246
v -6.41249847 16.9600086 -0.47598505
v -5.91850662 17.4874077 -2.48214412
v -5.91850662 17.4874077 -2.48214412
v -6.05271769 17.5508327 -2.63950801
v -5.91850662 17.4874077 -2.48214412
v -0.0319514237 30.7829361 0.0791244507
v -0.0447039604 30.7920399 0.106028482
v 0 30.8055763 0.154089436
v 7.28059101 17.0536957 -0.597484052
v 7.15987206 16.8834553 -2.47732472
v -5.95337582 17.3953514 -1.55454957
v -3.25272799 12.880456 2.37539124
v -3.9707551 16.3930397 -0.641166151
v -2.93253207 14.3255444 -1.76858318
v -3.08401608 16.3165607 -2.32279038
v -3.43074155 12.7704239 0.0378894806
v -2.73997211 11.0118561 -0.743707597
v -2.83788323 12.696456 -1.26485765
v -1.7371968 10.9178963 -1.01349914
v -0.665732324 12.6847763 -0.0484051667
v -1.53771758 12.6111517 -1.55137515
v -1.33753121 14.3094482 -1.7955792
v -1.42397034 16.0798645 -2.60968471
v -3.34071994 10.3048964 0.615420341
v -3.23210883 11.2342157 0.402016163
v -1.97826481 9.76434422 -0.579429626
v -0.932543993 11.0037441 0.338067532
v -1.13909125 12.7780724 1.79074955
v -2.56097031 11.2742004 1.78270316
v -2.63562393 12.8315201 1.78496957
v -0.932543993 11.0037441 0.338067532
v -0.665732324 12.6847763 -0.0484051667
v -2.95550251 8.93313599 0.0568633042
v -3.02865672 9.81243992 -0.461725205
v -2.2148447 8.58436775 0.0850195214
v -1.16885924 10.0610962 0.558922708
v -1.31952965 11.1502237 1.75264478
v -2.50725365 10.6597357 2.01846719
v -1.16885924 10.0610962 0.558922708
v -3.975348 7.48946381 1.64820158
v -3.49760556 9.40340805 1.13810074
v -1.44732475 7.08056736 1.59293365
v -1.34435284 9.02250385 1.08996558
v -1.54814315 9.68780804 2.26416564
v -1.45400882 10.506896 1.90008557
v -1.34435284 9.02250385 1.08996558
v -3.56331992 2.01659036 1.55445838
v -3.30815196 6.74230099 0.175300077
v -2.38926077 6.592803 0.272176713
v -2.19008732 1.91880882 1.46250474
v -2.97895122 7.96654177 3.22992396
v -2.64837193 9.92445564 2.36686802
v -1.68724084 7.7124896 3.11164474
v -3.38800478 2.11647201 0.690131128
v -3.03291988 2.03452229 2.35790229
v -1.44732475 7.08056736 1.59293365
v -2.32894397 1.97282076 2.26224637
v -0.964922428 14.3522243 1.48999119
v -2.95182872 16.3088722 2.00210238
v -0.642007291 16.1012154 2.74187589
v -3.63711357 14.3653765 -0.339624882
v -2.83788323 12.696456 -1.26485765
v -1.53771758 12.6111517 -1.55137515
v -1.13909125 12.7780724 1.79074955
v -2.70990801 14.3736639 1.60312164
v -3.43074155 12.7704239 0.0378894806
v -0.665732324 12.6847763 -0.0484051667
v -0.0873894393 14.3862162 -0.0648140907
v 0 15.1100636 -1.84308636
v 0 16.0798645 -2.68917847
v -0.964922428 14.3522243 1.48999119
v -0.665732324 12.6847763 -0.0484051667
v -1.13909125 12.7780724 1.79074955
v 0 16.0901527 2.8483417
v 0 15.1896877 1.60062885
v 0 15.6073685 -0.0539474487
v -2.48090172 2.07445121 0.670560777
v -2.19008732 1.91880882 1.46250474
v -2.63562393 12.8315201 1.78496957
v -0.0873894393 14.3862162 -0.0648140907
v 0 15.1896877 1.60062885
v -4.07011127 0.905431211 -1.49427438
v -2.76019669 1.26144326 -0.892302394
v -3.77627611 1.15606964 -0.606464803
v -2.29845524 0.00980901625 -2.73865509
v -2.80844712 0.00998115167 -1.90969443
v -2.06593609 0.00852011982 -1.52591836
v -2.81662011 1.03062475 -1.78586638
v -2.29788804 0.685244977 -2.73829198
v -2.18977761 1.01657045 -1.62833846
v -2.73961353 0.00945424754 -0.818155229
v -2.23626971 0.00952624809 -0.627362728
v -2.2733376 1.23362005 -0.83808881
v -2.06593609 0.00852011982 -1.52591836
v -2.23626971 0.00952624809 -0.627362728
v -3.91371846 0.00828837603 -0.603613853
v -3.49490571 1.08503842 1.45338404
v -3.91379285 0.00891351234 0.00763058383
v -3.65114808 1.48581195 0.0185828153
v -4.08818102 0.00907849614 -1.49296081
v -3.92170644 0.663222253 -2.38902402
v -2.41211677 0.0114717437 -0.0118255597
v -2.12224555 1.38976395 1.35129595
v -2.2540679 1.47027194 -0.0981020778
v -2.87728 0.0105080558 -3.00123525
v -2.87905669 0.762776315 -3.00055122
v -2.12224555 1.38976395 1.35129595
v -2.23564243 0.00892734434 2.05779362
v -2.37637281 1.42953765 2.35513687
v -2.19054556 1.91841686 1.45859122
v -2.32516789 1.97219598 2.25901127
v -2.19054556 1.91841686 1.45859122
v -3.40039277 0.0216684323 2.15798807
v -3.06745529 1.3008616 2.12834001
v -3.56320643 2.01688075 1.55746806
v -3.02858949 2.0342288 2.35821843
v -3.39238 2.1170001 0.692335129
v -2.92123842 0.0138483038 2.42494011
v -2.84553909 1.37458003 2.32832241
v -2.79328251 0.00892734434 1.38151443
v -2.53499913 0.014067648 2.31504083
v -3.80380559 0.00925492775 1.44252241
v -2.6754775 0.00988721568 -0.00832176022
v -2.3612535 0.00892734434 1.35129595
v -2.41211677 0.0114717437 -0.0118255597
v -2.55678487 1.42005444 2.39054728
v -2.66380167 1.57769358 -0.166627839
v -3.8921361 0.00840663165 -2.39017749
v 3.9707551 16.3930397 -0.641166151
v 3.08401608 16.3165607 -2.32279038
v 2.93253207 14.3255444 -1.76858318
v 3.43074155 12.7704239 0.0378894806
v 2.83788323 12.696456 -1.26485765
v 2.73997211 11.0118561 -0.743707597
v 1.7371968 10.9178963 -1.01349914
v 1.53771758 12.6111517 -1.55137515
v 0.665732324 12.6847763 -0.0484051667
v 1.42397034 16.0798645 -2.60968471
v 1.33753121 14.3094482 -1.7955792
v 3.34071994 10.3048964 0.615420341
v 3.23210883 11.2342157 0.402016163
v 1.97826481 9.76434422 -0.579429626
v 0.932543993 11.0037441 0.338067532
v 1.13909125 12.7780724 1.79074955
v 2.63562393 12.8315201 1.78496957
v 2.56097031 11.2742004 1.78270316
v 0.932543993 11.0037441 0.338067532
v 0.665732324 12.6847763 -0.0484051667
v 3.02865672 9.81243992 -0.461725205
v 2.95550251 8.93313599 0.0568633042
v 2.2148447 8.58436775 0.0850195214
v 1.16885924 10.0610962 0.558922708
v 1.31952965 11.1502237 1.75264478
v 2.50725365 10.6597357 2.01846719
v 1.16885924 10.0610962 0.558922708
v 3.975348 7.48946381 1.64820158
v 3.49760556 9.40340805 1.13810074
v 1.34435284 9.02250385 1.08996558
v 1.44732475 7.08056736 1.59293365
v 1.54814315 9.68780804 2.26416564
v 1.45400882 10.506896 1.90008557
v 1.34435284 9.02250385 1.08996558
v 3.56331992 2.01659036 1.55445838
v 3.30815196 6.74230099 0.175300077
v 2.38926077 6.592803 0.272176713
v 2.19008732 1.91880882 1.46250474
v 2.64837193 9.92445564 2.36686802
v 2.97895122 7.96654177 3.22992396
v 1.68724084 7.7124896 3.11164474
v 3.38800478 2.11647201 0.690131128
v 3.03291988 2.03452229 2.35790229
v 1.44732475 7.08056736 1.59293365
v 2.32894397 1.97282076 2.26224637
v 0.964922428 14.3522243 1.48999119
v 0.642007291 16.1012154 2.74187589
v 2.95182872 16.3088722 2.00210238
v 3.63711357 14.3653765 -0.339624882
v 2.83788323 12.696456 -1.26485765
v 1.53771758 12.6111517 -1.55137515
v 1.13909125 12.7780724 1.79074955
v 2.70990801 14.3736639 1.60312164
v 3.43074155 12.7704239 0.0378894806
v 0.0873894393 14.3862162 -0.0648140907
v 0.665732324 12.6847763 -0.0484051667
v 0 16.0798645 -2.68917847
v 0 15.1100636 -1.84308636
v 0.964922428 14.3522243 1.48999119
v 1.13909125 12.7780724 1.79074955
v 0.665732324 12.6847763 -0.0484051667
v 0 16.0901527 2.8483417
v 0 15.1896877 1.60062885
v 0 15.6073685 -0.0539474487
v 2.48090172 2.07445121 0.670560777
v 2.19008732 1.91880882 1.46250474
v 2.63562393 12.8315201 1.78496957
v 0.0873894393 14.3862162 -0.0648140907
v 0 15.1896877 1.60062885
v 2.76019669 1.26144326 -0.892302394
v 4.07011127 0.905431211 -1.49427438
v 3.77627611 1.15606964 -0.606464803
v 2.80844712 0.00998115167 -1.90969443
v 2.29845524 0.00980901625 -2.73865509
v 2.06593609 0.00852011982 -1.52591836
v 2.81662011 1.03062475 -1.78586638
v 2.29788804 0.685244977 -2.73829198
v 2.87905669 0.762776315 -3.00055122
v 2.73961353 0.00945424754 -0.818155229
v 2.23626971 0.00952624809 -0.627362728
v 2.18977761 1.01657045 -1.62833846
v 2.2733376 1.23362005 -0.83808881
v 2.06593609 0.00852011982 -1.52591836
v 3.91371846 0.00828837603 -0.603613853
v 4.08818102 0.00907849614 -1.49296081
v 3.49490571 1.08503842 1.45338404
v 3.91379285 0.00891351234 0.00763058383
v 3.80380559 0.00925492775 1.44252241
v 3.92170644 0.663222253 -2.38902402
v 3.8921361 0.00840663165 -2.39017749
v 2.12224555 1.38976395 1.35129595
v 2.41211677 0.0114717437 -0.0118255597
v 2.2540679 1.47027194 -0.0981020778
v 2.87728 0.0105080558 -3.00123525
v 2.12224555 1.38976395 1.35129595
v 2.23564243 0.00892734434 2.05779362
v 2.3612535 0.00892734434 1.35129595
v 2.19054556 1.91841686 1.45859122
v 2.37637281 1.42953765 2.35513687
v 3.40039277 0.0216684323 2.15798807
v 3.06745529 1.3008616 2.12834001
v 3.56320643 2.01688075 1.55746806
v 3.02858949 2.0342288 2.35821843
v 3.39238 2.1170001 0.692335129
v 2.92123842 0.0138483038 2.42494011
v 2.84553909 1.37458003 2.32832241
v 2.79328251 0.00892734434 1.38151443
v 2.53499913 0.014067648 2.31504083
v 2.3612535 0.00892734434 1.35129595
v 2.6754775 0.00988721568 -0.00832176022
v 2.41211677 0.0114717437 -0.0118255597
v 2.55678487 1.42005444 2.39054728
v 2.66380167 1.57769358 -0.166627839
v 2.87728 0.0105080558 -3.00123525
v 3.65114808 1.48581195 0.0185828153
v 2.32516789 1.97219598 2.25901127
v 4.22327852 14.3683519 -0.359647214
v 3.41397595 14.3253117 -1.91212881
v 1.56343436 14.3147116 -2.52976322
v 1.11050963 14.4318161 2.68177509
v 3.134588 14.4093037 2.18839431
v -3.41397595 14.3253117 -1.91212881
v -1.56343436 14.3147116 -2.52976322
v -1.11050963 14.4318161 2.68177509
v -4.22327852 14.3683519 -0.359647214
v 4.25321341 12.8103037 0.0117611839
v 3.52081513 12.6628399 -1.44135034
v 1.40506637 12.8351116 2.77340245
v 3.25272799 12.880456 2.37539124
v -3.52081513 12.6628399 -1.44135034
v -1.91417205 12.5636644 -2.23737359
v -1.40506637 12.8351116 2.77340245
v -3.134588 14.4093037 2.18839431
v -4.25321341 12.8103037 0.0117611839
v 0 14.3311758 -2.67452717
v 0 12.6057281 -2.60736394
v 0 14.461112 2.99078798
v 0 14.461112 2.99078798
v 0 12.8701601 3.14314723
v 0 12.8701601 3.14314723
v 1.91417205 12.5636644 -2.23737359
v -3.25272799 12.880456 2.37539124
v -2.87728 0.0105080558 -3.00123525
v -2.29845524 0.00980901625 -2.73865509
v -2.3612535 0.00892734434 1.35129595
v -2.29845524 0.00980901625 -2.73865509
v -2.3612535 0.00892734434 1.35129595
v 2.23626971 0.00952624809 -0.627362728
v 2.29845524 0.00980901625 -2.73865509
v 2.3612535 0.00892734434 1.35129595
v 2.29845524 0.00980901625 -2.73865509
v 2.19054556 1.91841686 1.45859122
vt 0.998155415 0.641005188
vt 0.888745129 0.690138102
vt 0.998155296 0.698476315
vt 0.789568126 0.620771796
vt 0.638611019 0.69920969
vt 0.789568126 0.679390103
vt 0.632818818 0.608482093
vt 0.500069976 0.703036189
vt 0.87165308 0.407491028
vt 0.998155415 0.495944679
vt 0.998155296 0.395450115
vt 0.893475473 0.583329409
vt 0.998155415 0.589344501
vt 0.789568126 0.561104
vt 0.646311283 0.554084986
vt 0.500069976 0.606081694
vt 0.998155296 0.316141605
vt 0.940218925 0.288864791
vt 0.902936399 0.326518893
vt 0.840674281 0.254886925
vt 0.783952415 0.331459224
vt 0.500069976 0.342359722
vt 0.553565025 0.280080676
vt 0.500069976 0.294972479
vt 0.753714979 0.777388096
vt 0.675822616 0.826482505
vt 0.756166816 0.823315606
vt 0.882300377 0.636637598
vt 0.882300317 0.636637598
vt 0.789568126 0.489723086
vt 0.843301177 0.478583872
vt 0.70956552 0.493431091
vt 0.789568126 0.470610678
vt 0.692883372 0.443254292
vt 0.583076715 0.8363529
vt 0.661562502 0.783838302
vt 0.5753389 0.796964899
vt 0.882184625 0.741508812
vt 0.870035112 0.782141402
vt 0.629562914 0.497139096
vt 0.500069976 0.519309103
vt 0.613557279 0.414933085
vt 0.500069976 0.483481586
vt 0.998155296 0.287764907
vt 0.949397206 0.272064388
vt 0.898842514 0.248705924
vt 0.608515799 0.316101491
vt 0.603515804 0.251175225
vt 0.501307905 0.116315484
vt 0.534965813 0.0941159725
vt 0.503596604 0.076546073
vt 0.616284311 0.120785892
vt 0.624268293 0.0768669248
vt 0.584749222 0.0835313797
vt 0.691722095 0.397682071
vt 0.810222924 0.402976394
vt 0.647322774 0.253180206
vt 0.722508609 0.320994675
vt 0.737339616 0.253180206
vt 0.562264025 0.0536842942
vt 0.556189597 0.0820605755
vt 0.565023899 0.195020497
vt 0.55900228 0.165184975
vt 0.530820787 0.189067602
vt 0.800106406 0.433651686
vt 0.574194789 0.121008575
vt 0.591026485 0.164469421
vt 0.538054824 0.153998673
vt 0.531755805 0.119891822
vt 0.636718929 0.169996023
vt 0.638374925 0.109991372
vt 0.502672672 0.164689481
vt 0.537999928 0.0552660227
vt 0.661300004 0.111035585
vt 0.689798415 0.0727275014
vt 0.641775787 0.202276886
vt 0.631482124 0.0394409895
vt 0.579701006 0.251845121
vt 0.581020176 0.00392729044
vt 0.636883497 0.000570714474
vt 0.707644522 0.115324795
vt 0.72884798 0.0831382275
vt 0.693741977 0.168908417
vt 0.693716884 0.0539156795
vt 0.682240129 0.230720222
vt 0.71347332 0.197277486
vt 0.679350913 0.000570714474
vt 0.850208521 0.0970020294
vt 0.850208521 0.0574553013
vt 0.727684915 0.156231582
vt 0.725896716 0.0393033028
vt 0.719222605 0.234090328
vt 0.750677109 0.195462883
vt 0.727228701 0.000570714474
vt 0.904325426 0.046097815
vt 0.850208521 0.15430969
vt 0.904325426 0.0912973285
vt 0.850208521 0.0347511768
vt 0.850208521 0.241858125
vt 0.850208521 0.202088594
vt 0.850208521 0.000570714474
vt 0.920683205 0.150828183
vt 0.94982022 0.0997304916
vt 0.939898074 0.164421082
vt 0.957679212 0.154802382
vt 0.920683205 0.204834878
vt 0.904325426 0.0391095877
vt 0.904325306 0.247974813
vt 0.904325426 7.71284103e-05
vt 0.94982022 0.0997303724
vt 0.949699879 0.0460978746
vt 0.978788972 0.100524783
vt 0.999335706 0.0460978746
vt 0.979664803 0.0460978746
vt 0.978716373 7.71284103e-05
vt 0.999335706 0.0391095877
vt 0.999335706 7.71284103e-05
vt 0.979290485 0.204834819
vt 0.999335706 0.150828183
vt 0.979097605 0.150828183
vt 0.979710221 0.0391095877
vt 0.995359302 0.100524724
vt 0.980297923 0.150828183
vt 0.995359302 0.150828183
vt 0.995359302 0.0461316705
vt 0.980297804 0.100524724
vt 0.951192915 0.204834819
vt 0.955025792 0.202196479
vt 0.957246602 0.195829988
vt 0.9496032 0.0391095877
vt 0.948679209 0.200338781
vt 0.936283171 0.171276987
vt 0.935585022 0.189489186
vt 0.999335706 0.247974813
vt 0.999335706 0.204834819
vt 0.980349779 0.180566192
vt 0.939427316 0.188643813
vt 0.979097724 0.150828123
vt 0.999335706 0.100524724
vt 0.94978708 0.247974813
vt 0.951192915 0.204834878
vt 0.993862808 0.164202571
vt 0.980349779 0.167082429
vt 0.972531915 0.158673823
vt 0.935308695 0.182593822
vt 0.935846686 0.182861924
vt 0.500069976 0.276166081
vt 0.924918711 0.248705924
vt 0.530432999 0.264205575
vt 0.500069976 0.263623774
vt 0.938749671 0.248705924
vt 0.529011011 0.251562595
vt 0.524631202 0.258395195
vt 0.998155296 0.272064388
vt 0.959129274 0.260306597
vt 0.500069976 0.251151919
vt 0.998155296 0.248705924
vt 0.998155296 0.248705924
vt 0.500069976 0.251151919
vt 0.500069976 0.251151919
vt 0.998155296 0.259227276
vt 0.9484694 0.835259497
vt 0.972958326 0.794382095
vt 0.762922108 0.731469601
vt 0.862356007 0.826765701
vt 0.347233713 0.745290905
vt 0.424801201 0.796964899
vt 0.500069976 0.753801197
vt 0.001984715 0.641005188
vt 0.111395001 0.690138102
vt 0.117839597 0.636637598
vt 0.2105719 0.620771796
vt 0.361528993 0.69920969
vt 0.367321312 0.608482093
vt 0.128486902 0.407491028
vt 0.001984715 0.495944679
vt 0.156838804 0.478583872
vt 0.106664501 0.583329409
vt 0.2105719 0.561104
vt 0.353828788 0.554084986
vt 0.0599210784 0.288864791
vt 0.00198477507 0.316141605
vt 0.0972036719 0.326518893
vt 0.216187701 0.331459224
vt 0.1594657 0.254886925
vt 0.446575105 0.280080676
vt 0.391624212 0.316101491
vt 0.652906418 0.745290905
vt 0.246425003 0.777388096
vt 0.324317515 0.826482505
vt 0.338577598 0.783838302
vt 0.117838599 0.636637598
vt 0.2105719 0.679390103
vt 0.2105719 0.620772094
vt 0.2105719 0.620772004
vt 0.2105719 0.489723086
vt 0.2105719 0.470610678
vt 0.29057461 0.493431091
vt 0.307256699 0.443254292
vt 0.417063385 0.8363529
vt 0.117955402 0.741508812
vt 0.237217903 0.731469601
vt 0.001984715 0.589344501
vt 0.370577186 0.497139096
vt 0.386582702 0.414933085
vt 0.500069976 0.421614587
vt 0.0507429205 0.272064388
vt 0.00198477507 0.287764907
vt 0.101297602 0.248705924
vt 0.396624207 0.251175225
vt 0.352817208 0.253180206
vt 0.534965813 0.0941159725
vt 0.501307905 0.116315484
vt 0.503596604 0.076546073
vt 0.624268293 0.0768669248
vt 0.616284311 0.120785892
vt 0.584749222 0.0835313797
vt 0.277631491 0.320994675
vt 0.00198477507 0.395450115
vt 0.562264025 0.0536842942
vt 0.556189597 0.0820605755
vt 0.537999928 0.0552660227
vt 0.55900228 0.165184975
vt 0.565023899 0.195020497
vt 0.530820787 0.189067602
vt 0.200033695 0.433651686
vt 0.574194789 0.121008575
vt 0.591026485 0.164469421
vt 0.538054824 0.153998673
vt 0.531755805 0.119891822
vt 0.636718929 0.169996023
vt 0.502672672 0.164689481
vt 0.661300004 0.111035585
vt 0.638374925 0.109991372
vt 0.641775787 0.202276886
vt 0.579701006 0.251845121
vt 0.581020176 0.00392729044
vt 0.631482124 0.0394409895
vt 0.689798415 0.0727275014
vt 0.707644522 0.115324795
vt 0.693741977 0.168908417
vt 0.682240129 0.230720222
vt 0.641506016 0.243377507
vt 0.679350913 0.000570714474
vt 0.636883497 0.000570714474
vt 0.72884798 0.0831382275
vt 0.850208521 0.0970020294
vt 0.727684915 0.156231582
vt 0.71347332 0.197277486
vt 0.725896716 0.0393033028
vt 0.693716884 0.0539156795
vt 0.719222605 0.234090328
vt 0.904325426 0.046097815
vt 0.850208521 0.0574553013
vt 0.904325426 0.0912973285
vt 0.850208521 0.15430969
vt 0.750677109 0.195462883
vt 0.850208521 0.0347511768
vt 0.850208521 0.241858125
vt 0.850208521 0.000570714474
vt 0.727228701 0.000570714474
vt 0.999335706 0.0460978746
vt 0.978788972 0.100524783
vt 0.979664803 0.0460978746
vt 0.957679212 0.154802382
vt 0.939898074 0.164421082
vt 0.920683205 0.150828183
vt 0.920683205 0.204834878
vt 0.850208521 0.202088594
vt 0.904325426 0.0391095877
vt 0.904325306 0.247974813
vt 0.999335706 0.100524724
vt 0.979097724 0.150828123
vt 0.94982022 0.0997304916
vt 0.979290485 0.204834819
vt 0.999335706 0.247974813
vt 0.978716493 0.247974813
vt 0.949787021 7.71284103e-05
vt 0.904325426 7.71284103e-05
vt 0.999335706 0.150828183
vt 0.979097605 0.150828183
vt 0.979710221 0.0391095877
vt 0.980297923 0.150828183
vt 0.995359302 0.100524724
vt 0.995359302 0.150828183
vt 0.980297804 0.100524724
vt 0.995359302 0.0461316705
vt 0.957246602 0.195829988
vt 0.955025792 0.202196479
vt 0.951192915 0.204834878
vt 0.94978708 0.247974813
vt 0.948679209 0.200338781
vt 0.936283171 0.171276987
vt 0.947942615 0.15789932
vt 0.9496032 0.0391095877
vt 0.980349779 0.180566192
vt 0.939427316 0.188643813
vt 0.958242416 0.100524902
vt 0.959994018 0.0460978746
vt 0.94982022 0.0997303724
vt 0.993862808 0.164202571
vt 0.980349779 0.167082429
vt 0.935585022 0.189489186
vt 0.935308695 0.182593822
vt 0.0752214119 0.248705924
vt 0.469707102 0.264205575
vt 0.0613903403 0.248705924
vt 0.47112909 0.251562595
vt 0.464317292 0.252136886
vt 0.04101073 0.260306597
vt 0.00198477507 0.272064388
vt 0.475508898 0.258395195
vt 0.00198477507 0.248705924
vt 0.500069976 0.251151919
vt 0.00198477507 0.259227276
vt 0.0516706109 0.835259497
vt 0.130104795 0.782141402
vt 0.0271816794 0.794382095
vt 0.243973106 0.823315606
vt 0.500069976 0.798390403
vt 0.958050311 0.203598678
vt 0.951659203 0.200879991
vt 0.947942615 0.15789932
vt 0.959425688 0.156526983
vt 0.948719501 0.152132094
vt 0.958097219 7.71284103e-05
vt 0.94978708 7.7188015e-05
vt 0.958097279 0.247974813
vt 0.960084796 0.0391095281
vt 0.958859622 0.150828183
vt 0.959245384 0.204834878
vt 0.951184511 0.150828183
vt 0.959245384 0.204834878
vt 0.948993325 0.208826721
vt 0.949906528 0.209179878
vt 0.958859682 0.150828123
vt 0.950255692 0.152655125
vt 0.949869275 0.148976922
vt 0.958097219 7.71284103e-05
vt 0.951192975 0.204834819
vt 0.958097279 0.247974813
vt 0.949699879 0.0460978746
vt 0.960084796 0.0391095281
vt 0.959994018 0.0460978746
vt 0.958859622 0.150828183
vt 0.958242416 0.100524902
vt 0.951184511 0.150828183
vt 0.978716373 7.71284103e-05
vt 0.999335706 0.0391095877
vt 0.978716493 0.247974813
vt 0.960084677 0.0391095877
vt 0.675822616 0.873795405
vt 0.756166816 0.873795405
vt 0.931596696 0.873795405
vt 0.862356007 0.873795405
vt 0.324317515 0.873795405
vt 0.401488602 0.873795405
vt 0.0685433671 0.873795405
vt 0.137784094 0.826765701
vt 0.243973106 0.873795405
vt 0.500069976 0.873795405
vt 0.500069976 0.839002505
vt 0.998155296 0.839928702
vt 0.998155296 0.798885897
vt 0.00198477507 0.839928702
vt 0.00198477507 0.798885897
vt 0.00198477507 0.873795405
vt 0.998155296 0.873795405
vt 0.998155296 0.739779294
vt 0.00198477507 0.739779294
vt 0.00198477507 0.698476315
vt 0.598651528 0.873795405
vt 0.762754619 0.254886925
vt 0.641506016 0.243377507
vt 0.95534122 0.152202427
vt 0.980297804 0.0460978746
vt 0.973983586 0.193655372
vt 0.993063927 0.186758518
vt 0.535822809 0.252136886
vt 0.998155296 0.248705924
vt 0.237385407 0.254886925
vt 0.117838703 0.636637598
vt 0.117839701 0.636637598
vt 0.308418006 0.397682071
vt 0.189917207 0.402976394
vt 0.262800515 0.253180206
vt 0.95534122 0.152202427
vt 0.999335706 0.204834819
vt 0.980297804 0.0460978746
vt 0.973983586 0.193655372
vt 0.993063927 0.186758518
vt 0.972531915 0.158673823
vt 0.935846686 0.182861924
vt 0.500069976 0.251151919
vt 0.00198477507 0.248705924
vt 0.00198477507 0.248705924
vt 0.960084677 0.0391095877
vt 0.958859682 0.150828123
vt 0.999335706 7.71284103e-05
vt 0.137784094 0.873795405
vt 0.245938703 0.817880899
vt 0.340697497 0.910024352
vt 0.338055015 0.819186598
vt 0 0.13541311
vt 0.0455675684 0.170443892
vt 0 0.168365598
vt 0.0415991507 0.206057072
vt 0 0.248867393
vt 0 0.206076801
vt 0.450326502 0.914483368
vt 0.424244612 0.822829694
vt 0.0696529076 0.134451926
vt 0.0471739694 0.13349992
vt 0.0730349422 0.209901571
vt 0.0421977006 0.248867393
vt 0 0.0487070084
vt 0.0504317805 0.0861948133
vt 0 0.0906620026
vt 0.0402260982 0
vt 0 0
vt 0.111101501 0.173429787
vt 0.078207247 0.171575427
vt 0.109138802 0.209974289
vt 0.0661688969 0.248867393
vt 0.0457547307 0.0448136926
vt 0.0663515329 0.0840696096
vt 0.0637363717 0
vt 0.137553394 0.124019027
vt 0.0925487205 0.128088713
vt 0.144594997 0.248867393
vt 0.0954100415 0.248867393
vt 0.0801067874 0.0415294766
vt 0.0630139112 0.0430248976
vt 0.0928090215 0
vt 0.313212812 0.130394518
vt 0.154516101 0.175677598
vt 0.157418996 0.207602918
vt 0.313212812 0.248867393
vt 0.145577997 0.0778837204
vt 0.0779162571 0.0809988976
vt 0.149362206 0.0372539759
vt 0.313212812 0.182590425
vt 0.313212812 0.07667768
vt 0.143068805 0
vt 0.313212812 0.0528767705
vt 0.0361067615 0.904248483
vt 0.129664496 0.824423105
vt 0.02678179 0.822759405
vt 0.249721795 0.909059413
vt 0.341301888 0.997291446
vt 0.427741408 0.997291446
vt 0.0361072384 0.997291446
vt 0.122134201 0.905426033
vt 0.260998607 0.997291446
vt 0.508146286 0.997291446
vt 0.508147418 0.923531838
vt 0.499484211 0.869023293
vt 0.499483794 0.819058105
vt 0.036107 0.904248483
vt 0.139026806 0.997291446
vt 0.0361064598 0.997291446
vt -0.000192313993 0.833950698
vt -0.000192313993 0.866811201
vt 0.516262591 0.889435798
vt 0.313212812 0.201789916
vt 0.313212812 0
vt 0.144850105 0.997291446
vt 0.133592606 0.911345959
vt 0.0724061131 0.866811201
vt 0.429832101 0.154195607
vt 0.407177806 0.198143005
vt 0.402144104 0.157908499
vt 0.494138807 0.0705292821
vt 0.468894809 0.0884097219
vt 0.470606387 0.0672438145
vt 0.435927898 0.198392272
vt 0.468257308 0.222720623
vt 0.4389759 0.220490396
vt 0.443241209 0.0831062198
vt 0.447073996 0.0639582872
vt 0.409694612 0.218260407
vt 0.457060307 0.230468392
vt 0.43511039 0.2386356
vt 0.420538992 0.115356028
vt 0.362098992 0.117655277
vt 0.407384902 0.111287117
vt 0.382718593 0.160513282
vt 0.449505001 0.125315726
vt 0.464902192 0.153435588
vt 0.413160503 0.246802807
vt 0.349869698 0.248867393
vt 0.376296014 0.213407695
vt 0.495368093 0.198689699
vt 0.464678109 0.198641419
vt 0.358904392 0.00145047903
vt 0.39333421 0.0511211157
vt 0.3505961 0.0522496104
vt 0.313212812 0.00145047903
vt 0.313212812 0.0528767705
vt 0.313212812 0.248867393
vt 0.385813802 0.0859559774
vt 0.354873687 0.089084506
vt 0.313212812 0.130394518
vt 0.313212812 0.0761620998
vt 0.313212812 0.182590425
vt 0.386626393 0.0787649155
vt 0.352411002 0.0758798718
vt 0.399857193 0.0711145997
vt 0.387439191 0.0715736151
vt 0.392108589 0.0993289948
vt 0.417587608 0.0778025985
vt 0.403731495 0.0570073724
vt 0.423541695 0.0606728196
vt 0.350902408 0.0608415008
vt 0.381725192 0.19832778
vt 0.495368093 0.150627673
vt 0.753869116 0.817880899
vt 0.66175282 0.819186598
vt 0.659110308 0.910024352
vt 0 0.13541311
vt 0 0.168365598
vt 0.0455675684 0.170443892
vt 0.0415991507 0.206057072
vt 0 0.206076801
vt 0 0.248867393
vt 0.575563073 0.822829694
vt 0.549481273 0.914483368
vt 0.0696529076 0.134451926
vt 0.0471739694 0.13349992
vt 0.0730349422 0.209901571
vt 0.0421977006 0.248867393
vt 0 0.0487070084
vt 0 0.0906620026
vt 0.0504317805 0.0861948133
vt 0.0402260982 0
vt 0 0
vt 0.078207247 0.171575427
vt 0.111101501 0.173429787
vt 0.109138802 0.209974289
vt 0.0661688969 0.248867393
vt 0.0457547307 0.0448136926
vt 0.0663515329 0.0840696096
vt 0.0637363717 0
vt 0.137553394 0.124019027
vt 0.0925487205 0.128088713
vt 0.0954100415 0.248867393
vt 0.144594997 0.248867393
vt 0.0801067874 0.0415294766
vt 0.0630139112 0.0430248976
vt 0.0928090215 0
vt 0.313212812 0.130394518
vt 0.154516101 0.175677598
vt 0.157418996 0.207602918
vt 0.313212812 0.248867393
vt 0.0779162571 0.0809988976
vt 0.145577997 0.0778837204
vt 0.149362206 0.0372539759
vt 0.313212812 0.182590425
vt 0.313212812 0.07667768
vt 0.143068805 0
vt 0.313212812 0.0528767705
vt 0.96370101 0.904248483
vt 0.973025918 0.822759405
vt 0.870143175 0.824423105
vt 0.75008601 0.909059413
vt 0.658505797 0.997291387
vt 0.572066307 0.997291387
vt 0.963700473 0.997291387
vt 0.877673626 0.905426033
vt 0.738809109 0.997291387
vt 0.491660297 0.923531838
vt 0.4916614 0.997291387
vt 0.500324011 0.819058105
vt 0.500323474 0.869023293
vt 0.963700771 0.904248483
vt 0.963701308 0.997291387
vt 0.860781014 0.997291387
vt 1 0.833950698
vt 1 0.866811201
vt 0.483545095 0.889435798
vt 0.313212812 0.201789916
vt 0.313212812 0
vt 0.854957581 0.997291387
vt 0.86621511 0.911345959
vt 0.927401721 0.866811201
vt 0.407177806 0.198143005
vt 0.429832101 0.154195607
vt 0.402144104 0.157908499
vt 0.468894809 0.0884097219
vt 0.494138807 0.0705292821
vt 0.470606387 0.0672438145
vt 0.435927898 0.198392272
vt 0.468257308 0.222720623
vt 0.464678109 0.198641419
vt 0.443241209 0.0831062198
vt 0.447073996 0.0639582872
vt 0.4389759 0.220490396
vt 0.409694612 0.218260407
vt 0.457060307 0.230468392
vt 0.420538992 0.115356028
vt 0.449505001 0.125315726
vt 0.362098992 0.117655277
vt 0.407384902 0.111287117
vt 0.392108589 0.0993289948
vt 0.464902192 0.153435588
vt 0.495368093 0.150627673
vt 0.349869698 0.248867393
vt 0.413160503 0.246802807
vt 0.376296014 0.213407695
vt 0.495368093 0.198689699
vt 0.358904392 0.00145047903
vt 0.39333421 0.0511211157
vt 0.402958304 0.00145047903
vt 0.313212812 0.00145047903
vt 0.3505961 0.0522496104
vt 0.385813802 0.0859559774
vt 0.354873687 0.089084506
vt 0.313212812 0.130394518
vt 0.313212812 0.0761620998
vt 0.313212812 0.182590425
vt 0.386626393 0.0787649155
vt 0.352411002 0.0758798718
vt 0.399857193 0.0711145997
vt 0.387439191 0.0715736151
vt 0.403731495 0.0570073724
vt 0.417587608 0.0778025985
vt 0.423541695 0.0606728196
vt 0.350902408 0.0608415008
vt 0.381725192 0.19832778
vt 0.494548589 0.0937132239
vt 0.382718593 0.160513282
vt 0.313212812 0.0528767705
vt 0.756166816 0.823315606
vt 0.675822616 0.826482505
vt 0.583076715 0.8363529
vt 0.9484694 0.835259497
vt 0.862356007 0.826765701
vt 0.324317515 0.826482505
vt 0.417063385 0.8363529
vt 0.0516706109 0.835259497
vt 0.243973106 0.823315606
vt 0.756166816 0.873795405
vt 0.675822616 0.873795405
vt 0.931596696 0.873795405
vt 0.862356007 0.873795405
vt 0.324317515 0.873795405
vt 0.401488602 0.873795405
vt 0.0685433671 0.873795405
vt 0.137784094 0.826765701
vt 0.243973106 0.873795405
vt 0.500069976 0.839002505
vt 0.500069976 0.873795405
vt 0.998155296 0.839928702
vt 0.00198477507 0.839928702
vt 0.00198477507 0.873795405
vt 0.998155296 0.873795405
vt 0.598651528 0.873795405
vt 0.137784094 0.873795405
vt 0.494548589 0.0937132239
vt 0.479010403 0.222301185
vt 0.375419587 0.248867393
vt 0.495368093 0.222720623
vt 0.402958304 0.00145047903
vt 0.43511039 0.2386356
vt 0.479010403 0.222301185
vt 0.375419587 0.248867393
vt 0.495368093 0.222720623
vt 0.313212812 0.248867393
vn 0 0.1575405 0.987512529
vn 0.590451717 0.344804078 0.729710162
vn 0 0.31984207 0.947470903
vn 0.99266541 0.0448936149 -0.112249382
vn 0.575004458 -0.00210577226 -0.818147659
vn 0.980814993 0.142919779 -0.132573888
vn 0.633551002 -0.0897573829 -0.768477023
vn 0 -0.181468397 -0.983396828
vn 0.197429806 0.1719767 0.965114295
vn 0 -0.226207703 0.974079072
vn 0 0.17423448 0.984704196
vn 0.630809665 -0.22639437 0.742175758
vn 0 -0.256448686 0.96655792
vn 0.980312705 -0.188182399 -0.0597873889
vn 0.644995451 -0.155434892 -0.748211861
vn 0 -0.0673859119 -0.997726977
vn 0 0.433550328 0.901129305
vn 0.528990567 0.70618546 0.470607132
vn 0.32606411 0.675414085 0.661436379
vn 0.182018504 0.979128122 -0.0904293582
vn 0.240522802 0.721690595 0.649085104
vn 0 0.707716882 -0.706496179
vn 0.328785092 0.656593621 -0.678811729
vn 0 0.653268576 -0.757126272
vn 0.996524215 0.038941741 -0.073641412
vn 0.665808976 -0.0818527266 -0.741618872
vn 0.996838808 0.0572534204 -0.055086609
vn 0.719651401 0.226851895 0.656231821
vn 0.719651401 0.226851895 0.656231821
vn 0.977176607 0.191815704 0.0912840888
vn 0.562377572 -0.236493409 0.792339861
vn 0.958642542 -0.16272901 -0.233503312
vn -0.454373598 0.868858278 0.196545303
vn 0.544577658 0.0341200158 -0.838016093
vn 0.197427705 -0.078250818 -0.977189422
vn 0.574364245 -0.0262461863 -0.818178952
vn 0.0924413204 -0.179816604 -0.97934711
vn 0.623603284 0.2347859 0.74565047
vn 0.661989748 -0.0742529556 0.745825768
vn 0.604736328 0.0155342203 -0.796274304
vn 0 -0.141241908 -0.989975154
vn 0.237745106 0.504453003 -0.830062985
vn 0 0.145820796 -0.989311099
vn 0 0.637722611 0.770266056
vn 0.643122315 0.633753002 0.429826498
vn 0.517463565 0.79595679 -0.314140469
vn 0.136482403 0.778364778 -0.612797618
vn 0.517463565 0.79595679 -0.314140469
vn 0.508515 0.858725727 0.0632668063
vn 0.61745882 0.525322258 0.585475147
vn 0.425987035 0.623751581 0.655338943
vn 0.972106874 0.233382493 -0.0232558195
vn 0.521974027 0.0205700882 0.852713287
vn 0.692691982 0.225353003 0.685123324
vn 0.199077293 0.371694505 -0.906758785
vn 0.235759377 0.20798707 0.949293852
vn 0.182018504 0.979128122 -0.0904293582
vn 0.116644397 0.774638414 -0.621554017
vn 0.205119208 0.978566289 -0.0182809215
vn 0.293438911 -0.0277110897 0.955576181
vn 0.58923012 0.329543978 0.737705052
vn 0.544577658 0.0341200158 -0.838016093
vn 0.714329422 0.234203294 -0.659456074
vn 0.446892887 0.384542108 -0.807721615
vn 0.293438911 -0.0277110897 0.955576181
vn 0.953005791 0.30292809 0.00381481601
vn 0.764956772 0.132055402 -0.63039881
vn 0.633912325 0.499231488 -0.590697229
vn 0.741625607 0.670637071 0.0154123297
vn 0.627206326 0.112128586 -0.770739496
vn 0.956365824 0.221108198 0.190986201
vn 0.430993199 0.688209713 -0.583620071
vn 0.343797565 0.329880774 0.879193902
vn 0.960647106 0.25581038 0.108250886
vn 0.376057386 0.0301834308 0.926104724
vn -0.434802413 -0.273632199 -0.857946575
vn -0.578306556 -0.400044441 0.711003542
vn -0.454373598 0.868858278 0.196545303
vn -0.454373598 0.868858278 0.196545303
vn -0.932297707 -0.33442837 -0.137763187
vn 0.847028911 0.527676404 0.0640291497
vn 0.511474192 0.0159310605 0.859151006
vn 0.506193876 0.260421604 -0.82216078
vn -0.194069207 -0.386978805 0.901434779
vn -0.868426621 -0.495541811 0.0165414196
vn -0.323382407 0.0368977711 -0.945548773
vn -0.868426621 -0.495541811 0.0165414196
vn 0.956896722 0.288527787 -0.0331742689
vn 0.564242661 -0.193431869 0.80262959
vn 0.514435828 0.487883896 -0.705212891
vn -0.483599991 -0.418595105 0.768706203
vn -0.926416814 -0.336568087 -0.168741807
vn -0.36986509 0.0448024794 -0.928004622
vn -0.926416814 -0.336568087 -0.168741807
vn 0.657316148 -0.0499899238 0.751955092
vn 0.505742729 0.503484309 -0.7005198
vn 0.968588591 0.247022599 -0.0285659395
vn -0.5629251 -0.562833607 0.605255127
vn -0.92094928 -0.386770606 -0.0475489981
vn -0.542836964 0.174384087 -0.821534097
vn -0.92094928 -0.386770606 -0.0475489981
vn 0.693404734 0.545842648 -0.47036773
vn 0.970080018 -0.209147304 -0.123297103
vn 0.520391941 0.491855949 -0.698047221
vn 0.360464096 0.137794897 -0.922538996
vn -0.722951114 0.315299213 -0.61475867
vn -0.603677511 -0.426907986 0.673292696
vn -0.96480161 -0.261610061 -0.026795797
vn -0.96480161 -0.261610061 -0.026795797
vn 0.970080018 -0.209147304 -0.123297103
vn 0.732945085 -0.238323107 0.637176394
vn -0.242717922 -0.969559431 -0.0322891437
vn -0.514521778 0.109350003 0.850476325
vn -0.0504792817 -0.723893046 0.688063025
vn 0.283221006 0.958068073 -0.0434902906
vn 0.455500513 0.815445125 0.357167393
vn -0.143041879 0.988201082 0.0547508411
vn 0.2357921 0.628087401 -0.741558075
vn -0.787158072 -0.261765391 -0.558445215
vn -0.150643587 -0.626165926 -0.764998496
vn 0.191694573 0.498295933 0.845549703
vn -0.143041879 0.988201082 0.0547508411
vn -0.787158072 -0.261765391 -0.558445215
vn -0.0184029285 0.562343359 -0.826698959
vn 0.455500513 0.815445125 0.357167393
vn -0.955209732 -0.0408036746 0.293103129
vn -0.583671033 0.808319509 -0.0771208331
vn -0.622067332 -0.157141909 -0.767032385
vn -0.663544416 -0.747288704 0.0356156789
vn -0.449422807 -0.695467114 0.560664594
vn -0.622067332 -0.157141909 -0.767032385
vn 0.360464096 0.137794897 -0.922538996
vn -0.663544416 -0.747288704 0.0356156789
vn -0.143041879 0.988201082 0.0547508411
vn -0.0184029285 0.562343359 -0.826698959
vn -0.998362005 -0.0556662604 0.0132146403
vn -0.868836105 0.445816755 -0.215339676
vn -0.150643587 -0.626165926 -0.764998496
vn -0.955209732 -0.0408036746 0.293103129
vn -0.394707799 -0.918329716 -0.0296038296
vn -0.583671033 0.808319509 -0.0771208331
vn -0.0118108904 -0.691960514 -0.721838772
vn -0.400105089 0.168251604 -0.900892496
vn -0.0118108904 -0.691960514 -0.721838772
vn -0.0118108904 -0.691960514 -0.721838772
vn -0.542231321 -0.654754877 0.526575029
vn 0 0.084904246 -0.996389091
vn 0.852332175 0.416399986 -0.316450596
vn 0.616544127 0.139257997 -0.774906874
vn 0 0.146004394 -0.989283979
vn 0.781776309 0.54543668 -0.302199692
vn 0.781776309 0.54543668 -0.302199692
vn 0.63284713 0.28889522 -0.718362153
vn 0 0.595846295 0.8030985
vn 0.582555354 0.706311762 0.402185351
vn 0 0.664445281 -0.747336984
vn 0.334575444 0.942322731 0.00933867693
vn 0.494588792 0.803928077 -0.330275208
vn 0.494588792 0.803928077 -0.330275208
vn 0.373319089 0.698844075 -0.6101228
vn 0 0.722112119 0.691776097
vn 0.261609912 0.0805094168 0.961810112
vn 0.160410687 -0.280413568 0.946380794
vn 0.959522188 0.257398576 -0.114294186
vn 0.64230901 0.133430302 0.754742086
vn -0.520567477 0.192515597 -0.83183372
vn -0.0924413204 -0.179816604 -0.97934711
vn 0 -0.00173956074 -0.99999851
vn 0 0.1575405 0.987512529
vn -0.590451717 0.344804078 0.729710162
vn -0.719651401 0.226851895 0.656231821
vn -0.99266541 0.0448936149 -0.112249382
vn -0.575004458 -0.00210577226 -0.818147659
vn -0.633551002 -0.0897573829 -0.768477023
vn -0.197429806 0.1719767 0.965114295
vn 0 -0.226207703 0.974079072
vn -0.562377572 -0.236493409 0.792339861
vn -0.630809665 -0.22639437 0.742175758
vn -0.980312705 -0.188182399 -0.0597873889
vn -0.644995451 -0.155434892 -0.748211861
vn -0.528990567 0.70618546 0.470607132
vn 0 0.433550328 0.901129305
vn -0.32606411 0.675414085 0.661436379
vn -0.240522802 0.721690595 0.649085104
vn -0.182018504 0.979128122 -0.0904293582
vn -0.328785092 0.656593621 -0.678811729
vn -0.136482403 0.778364778 -0.612797618
vn 0.520567477 0.192515597 -0.83183372
vn -0.996524215 0.038941741 -0.073641412
vn -0.665808976 -0.0818527266 -0.741618872
vn -0.574364245 -0.0262461863 -0.818178952
vn -0.719651401 0.226851895 0.656231821
vn -0.980814993 0.142919779 -0.132573888
vn -0.99266541 0.0448936149 -0.112249382
vn -0.99266541 0.0448936149 -0.112249382
vn -0.977176607 0.191815704 0.0912840888
vn 0.454373598 0.868858278 0.196545303
vn -0.958642542 -0.16272901 -0.233503312
vn -0.544577658 0.0341200158 -0.838016093
vn -0.197427705 -0.078250818 -0.977189422
vn -0.623603284 0.2347859 0.74565047
vn -0.959522188 0.257398576 -0.114294186
vn 0 -0.256448686 0.96655792
vn -0.604736328 0.0155342203 -0.796274304
vn -0.237745106 0.504453003 -0.830062985
vn 0 0.556579292 -0.830794573
vn -0.643122315 0.633753002 0.429826498
vn 0 0.637722611 0.770266056
vn -0.517463565 0.79595679 -0.314140469
vn -0.517463565 0.79595679 -0.314140469
vn -0.182018504 0.979128122 -0.0904293582
vn -0.61745882 0.525322258 0.585475147
vn -0.508515 0.858725727 0.0632668063
vn -0.425987035 0.623751581 0.655338943
vn -0.521974027 0.0205700882 0.852713287
vn -0.972106874 0.233382493 -0.0232558195
vn -0.692691982 0.225353003 0.685123324
vn -0.116644397 0.774638414 -0.621554017
vn 0 0.17423448 0.984704196
vn -0.293438911 -0.0277110897 0.955576181
vn -0.58923012 0.329543978 0.737705052
vn -0.343797565 0.329880774 0.879193902
vn -0.714329422 0.234203294 -0.659456074
vn -0.544577658 0.0341200158 -0.838016093
vn -0.446892887 0.384542108 -0.807721615
vn -0.293438911 -0.0277110897 0.955576181
vn -0.953005791 0.30292809 0.00381481601
vn -0.764956772 0.132055402 -0.63039881
vn -0.633912325 0.499231488 -0.590697229
vn -0.741625607 0.670637071 0.0154123297
vn -0.627206326 0.112128586 -0.770739496
vn -0.430993199 0.688209713 -0.583620071
vn -0.960647106 0.25581038 0.108250886
vn -0.956365824 0.221108198 0.190986201
vn 0.434802413 -0.273632199 -0.857946575
vn 0.454373598 0.868858278 0.196545303
vn 0.454373598 0.868858278 0.196545303
vn 0.578306556 -0.400044441 0.711003542
vn -0.376057386 0.0301834308 0.926104724
vn -0.847028911 0.527676404 0.0640291497
vn -0.506193876 0.260421604 -0.82216078
vn 0.868426621 -0.495541811 0.0165414196
vn 0.932297707 -0.33442837 -0.137763187
vn 0.868426621 -0.495541811 0.0165414196
vn 0.932297707 -0.33442837 -0.137763187
vn -0.511474192 0.0159310605 0.859151006
vn -0.956896722 0.288527787 -0.0331742689
vn -0.514435828 0.487883896 -0.705212891
vn 0.323382407 0.0368977711 -0.945548773
vn 0.483599991 -0.418595105 0.768706203
vn 0.194069207 -0.386978805 0.901434779
vn 0.926416814 -0.336568087 -0.168741807
vn -0.657316148 -0.0499899238 0.751955092
vn -0.564242661 -0.193431869 0.80262959
vn -0.968588591 0.247022599 -0.0285659395
vn -0.505742729 0.503484309 -0.7005198
vn 0.36986509 0.0448024794 -0.928004622
vn 0.5629251 -0.562833607 0.605255127
vn 0.92094928 -0.386770606 -0.0475489981
vn 0.92094928 -0.386770606 -0.0475489981
vn 0.926416814 -0.336568087 -0.168741807
vn 0.514521778 0.109350003 0.850476325
vn 0.242717922 -0.969559431 -0.0322891437
vn 0.0504792817 -0.723893046 0.688063025
vn -0.36049059 0.137793303 -0.922528923
vn -0.520414174 0.491848201 -0.698036194
vn -0.693404734 0.545842648 -0.47036773
vn 0.722951114 0.315299213 -0.61475867
vn 0.542836964 0.174384087 -0.821534097
vn 0.603677511 -0.426907986 0.673292696
vn 0.96480161 -0.261610061 -0.026795797
vn 0.955209732 -0.0408036746 0.293103129
vn 0.150643587 -0.626165926 -0.764998496
vn -0.970080018 -0.209147304 -0.123297103
vn -0.235820964 0.628082812 -0.74155277
vn 0.143041879 0.988201082 0.0547508411
vn -0.283221006 0.958068073 -0.0434902906
vn 0.394707799 -0.918329716 -0.0296038296
vn 0.96480161 -0.261610061 -0.026795797
vn 0.787158072 -0.261765391 -0.558445215
vn 0.150643587 -0.626165926 -0.764998496
vn -0.191694573 0.498295933 0.845549703
vn 0.787158072 -0.261765391 -0.558445215
vn 0.143041879 0.988201082 0.0547508411
vn 0.0184029285 0.562343359 -0.826698959
vn 0.955209732 -0.0408036746 0.293103129
vn -0.455500513 0.815445125 0.357167393
vn 0.663544416 -0.747288704 0.0356156789
vn 0.622067332 -0.157141909 -0.767032385
vn 0.583672464 0.808321476 -0.0770905092
vn 0.394707799 -0.918329716 -0.0296038296
vn 0.622067332 -0.157141909 -0.767032385
vn -0.36049059 0.137793303 -0.922528923
vn -0.431599885 0.0262157898 -0.901684225
vn 0.449422807 -0.695467114 0.560664594
vn 0.998362005 -0.0556662604 0.0132146403
vn 0.868836105 0.445816755 -0.215339676
vn 0.595680594 -0.785237491 -0.1690173
vn 0.506998956 -0.603045464 0.61586386
vn -0.970080018 -0.209147304 -0.123297103
vn 0.0118108904 -0.691960514 -0.721838772
vn 0.400105089 0.168251604 -0.900892496
vn 0.663544416 -0.747288704 0.0356156789
vn 0.0118108904 -0.691960514 -0.721838772
vn -0.852332175 0.416399986 -0.316450596
vn -0.616544127 0.139257997 -0.774906874
vn -0.781776309 0.54543668 -0.302199692
vn -0.781776309 0.54543668 -0.302199692
vn -0.852332175 0.416399986 -0.316450596
vn -0.582555354 0.706311762 0.402185351
vn 0 0.595846295 0.8030985
vn -0.63284713 0.28889522 -0.718362153
vn -0.334575444 0.942322731 0.00933867693
vn -0.494588792 0.803928077 -0.330275208
vn 0 0.722112119 0.691776097
vn -0.261609912 0.0805094168 0.961810112
vn -0.661989748 -0.0742529556 0.745825768
vn -0.160410687 -0.280413568 0.946380794
vn -0.996838808 0.0572534204 -0.055086609
vn 0 -0.289256811 -0.957251608
vn -0.00158697309 0.878808439 -0.477172136
vn -0.622067332 -0.157141909 -0.767032385
vn 0.431599885 0.0262157898 -0.901684225
vn 0.39015469 -0.437916905 -0.809943318
vn 0.838968813 -0.0619231388 -0.540645003
vn 0.637518227 0.3201783 0.700754285
vn -0.394707799 -0.918329716 -0.0296038296
vn 0.637518227 0.3201783 0.700754285
vn -0.0707443208 0.402003646 0.912900984
vn 0.39015469 -0.437916905 -0.809943318
vn -0.00158697309 0.878808439 -0.477172136
vn 0.838968813 -0.0619231388 -0.540645003
vn 0.00158697309 0.878808439 -0.477172136
vn 0.583672464 0.808321476 -0.0770905092
vn 0.622067332 -0.157141909 -0.767032385
vn -0.39015469 -0.437916905 -0.809943318
vn -0.431599885 0.0262157898 -0.901684225
vn -0.838968813 -0.0619231388 -0.540645003
vn -0.637504518 0.320171386 0.700769782
vn 0.583672464 0.808321476 -0.0770905092
vn -0.637504518 0.320171386 0.700769782
vn -0.732945085 -0.238323107 0.637176394
vn 0.0707423687 0.40199244 0.91290617
vn -0.507021606 -0.603036225 0.615854323
vn -0.39015469 -0.437916905 -0.809943318
vn -0.595680594 -0.785237491 -0.1690173
vn -0.838968813 -0.0619231388 -0.540645003
vn -0.283221006 0.958068073 -0.0434902906
vn -0.455500513 0.815445125 0.357167393
vn 0.283221006 0.958068073 -0.0434902906
vn 0.0707423687 0.40199244 0.91290617
vn 0.723909616 -0.149817497 -0.673431218
vn 0.999602318 0.0242628995 0.01437461
vn 0.238172904 0.108496301 0.965143681
vn 0.627667487 0.142099515 0.765402734
vn -0.723909616 -0.149817497 -0.673431218
vn -0.296520591 -0.141637698 -0.944465101
vn -0.238172904 0.108496301 0.965143681
vn -0.64230901 0.133430302 0.754742086
vn -0.999602318 0.0242628995 0.01437461
vn 0 -0.0863082334 -0.996268451
vn 0 -0.0319530889 -0.999489427
vn 0 0.0741920397 0.997244
vn 0 -0.350635111 0.936512172
vn 0 0.0741920397 0.997244
vn 0 -0.350635111 0.936512172
vn 0 0.101657905 0.994819462
vn 0 0.101657905 0.994819462
vn 0 0.25380069 0.967256606
vn 0 0.25380069 0.967256606
vn 0 0.31984207 0.947470903
vn 0.296520591 -0.141637698 -0.944465101
vn 0.205119208 0.978566289 -0.0182809215
vn -0.932297707 -0.33442837 -0.137763187
vn 0.431599885 0.0262157898 -0.901684225
vn -0.514521778 0.109350003 0.850476325
vn -0.542231321 -0.654754877 0.526575029
vn -0.542231321 -0.654754877 0.526575029
vn 0.852332175 0.416399986 -0.316450596
vn 0 0.983346701 0.181739494
vn -0.205119208 0.978566289 -0.0182809215
vn -0.719651401 0.226851895 0.656231821
vn -0.719651401 0.226851895 0.656231821
vn -0.199077293 0.371694505 -0.906758785
vn -0.235759377 0.20798707 0.949293852
vn -0.205119208 0.978566289 -0.0182809215
vn -0.431599885 0.0262157898 -0.901684225
vn 0.0184029285 0.562343359 -0.826698959
vn 0.514521778 0.109350003 0.850476325
vn 0.542231321 -0.654754877 0.526575029
vn 0.542231321 -0.654754877 0.526575029
vn 0.0118108904 -0.691960514 -0.721838772
vn 0.542231321 -0.654754877 0.526575029
vn -0.373345375 0.698836148 -0.610115826
vn -0.494588792 0.803928077 -0.330275208
vn 0 0.983346701 0.181739494
vn -0.0707443208 0.402003646 0.912900984
vn 0.39015469 -0.437916905 -0.809943318
vn 0.143041879 0.988201082 0.0547508411
vn -0.627667487 0.142099515 0.765402734
vn -0.996524215 0.038941741 -0.073641412
vn -0.535065353 -0.249343172 -0.807175994
vn -0.574364245 -0.0262461863 -0.818178952
vn -0.993214786 -0.114935085 0.0177315976
vn -0.634342194 -0.193461403 -0.748453617
vn -0.621921837 -0.264205366 -0.73716265
vn 0.361808181 -0.359397173 -0.860190988
vn 0.968054175 -0.212196693 -0.133580506
vn 0.398616701 -0.276294112 -0.874509215
vn 0.376147091 -0.388263196 -0.841287792
vn -0.0924413204 -0.179816604 -0.97934711
vn -0.992259026 0.124058999 0.00561541319
vn -0.999544561 -0.00973540638 0.0285653416
vn 0.364367723 -0.429953218 -0.826060832
vn 0.966577113 -0.229230493 -0.114813603
vn 0.598850787 -0.00192266703 0.800858378
vn -0.539421976 0.122930206 0.833013952
vn -0.53027308 0.0287796799 0.847338319
vn 0.966577113 -0.229230493 -0.114813603
vn 0.968054175 -0.212196693 -0.133580506
vn -0.607788444 -0.193186074 -0.770241678
vn -0.658143818 -0.237774074 -0.714360058
vn 0.438803703 -0.289534807 -0.850659192
vn 0.950972617 -0.265271306 -0.159004003
vn 0.662178099 -0.0235913899 0.748975098
vn -0.406025201 0.36210829 0.839059711
vn 0.950972617 -0.265271306 -0.159004003
vn -0.993394434 0.085300684 0.0767553449
vn -0.976038873 0.216595694 0.0208446905
vn 0.979276001 -0.115729503 -0.166208595
vn 0.970456779 -0.166453004 -0.174662694
vn 0.701535583 0.229379207 0.674709618
vn 0.6933617 0.117528699 0.710940599
vn 0.970456779 -0.166453004 -0.174662694
vn -0.982087314 -0.0499604307 0.181682602
vn -0.526302218 -0.0524928495 -0.848675728
vn 0.503202021 -0.119818687 -0.855821908
vn 0.987809837 -0.108983509 -0.111150309
vn -0.423787922 0.17551522 0.888593435
vn -0.401547492 0.440002292 0.803217113
vn 0.639474452 0.0368064567 0.767930806
vn -0.672798812 -0.0582308695 -0.73753041
vn -0.429802388 -0.133338496 0.893023372
vn 0.979276001 -0.115729503 -0.166208595
vn 0.700993001 -0.185342401 0.688663304
vn 0.45900929 -0.367451608 0.808881879
vn -0.661989748 -0.0742529556 0.745825768
vn -0.160410687 -0.280413568 0.946380794
vn -0.986948371 -0.159674495 -0.0209053699
vn -0.621921837 -0.264205366 -0.73716265
vn 0.398616701 -0.276294112 -0.874509215
vn 0.598850787 -0.00192266703 0.800858378
vn -0.528141201 -0.0820976421 0.845178604
vn -0.993214786 -0.114935085 0.0177315976
vn 0.968054175 -0.212196693 -0.133580506
vn 0.780383885 -0.532992721 -0.326986015
vn 0 -0.879181206 -0.476487607
vn 0 -0.289256811 -0.957251608
vn 0.45900929 -0.367451608 0.808881879
vn 0.968054175 -0.212196693 -0.133580506
vn 0.598850787 -0.00192266703 0.800858378
vn 0 -0.350635111 0.936512172
vn 0 -0.771344125 0.636418402
vn 0 -0.767703176 -0.640805602
vn 0.68781656 0.381035149 -0.617835462
vn 0.987809837 -0.108983509 -0.111150309
vn -0.53027308 0.0287796799 0.847338319
vn 0.780383885 -0.532992721 -0.326986015
vn 0 -0.771344125 0.636418402
vn -0.785599113 0.610478997 -0.100744396
vn -0.0457481109 0.948991179 -0.311966091
vn -0.733588994 0.673222125 -0.092839241
vn 0.617741525 -0.617100656 -0.487424046
vn -0.000213635954 -0.999999881 -0.000366232911
vn 0.770727992 -0.637146115 0.00482195569
vn -0.0296341665 0.966819167 -0.253736973
vn 0.68711102 0.475001991 -0.54977423
vn 0.712716579 0.67758888 -0.181406602
vn 0.000122073994 -1 0.000152592998
vn 0.720010281 -0.671576202 0.174844801
vn 0.745001256 0.649568141 -0.151771381
vn 0.770727992 -0.637146115 0.00482195569
vn 0.720010281 -0.671576202 0.174844801
vn -0.711294293 -0.697468817 0.0871645212
vn -0.947493672 0.133306995 0.290663213
vn -0.771546721 -0.633296371 0.060427241
vn -0.759042501 0.614320576 -0.215556905
vn -0.750314891 -0.661076725 0.0022889371
vn -0.703276455 0.47630772 -0.527762532
vn 0.644353271 -0.763927817 0.0349750482
vn 0.998383224 0.056123551 0.00900292303
vn 0.842357516 0.472191513 -0.259748012
vn -0.0421779677 -0.616280556 -0.786396384
vn -0.0359821282 0.573517025 -0.818403125
vn 0.998383224 0.056123551 0.00900292303
vn 0.71133101 -0.647302628 0.273875207
vn 0.66105485 0.0419339463 0.749164939
vn 0.993865013 0.107580997 -0.0256668292
vn 0.728747129 0.0568579994 0.682418406
vn 0.993865013 0.107580997 -0.0256668292
vn -0.599581242 -0.563721061 0.568085313
vn -0.756913126 -0.00173956098 0.653513193
vn -0.974312186 -0.0961341262 0.203651816
vn -0.489128917 -0.0570706129 0.870342433
vn -0.761310518 0.56613791 -0.316060603
vn -0.118354298 -0.591222107 0.797777414
vn -0.402946413 -0.0733073279 0.912283003
vn -0.00192266703 -0.999993205 0.00314342906
vn 0.317859411 -0.670266807 0.67060262
vn -0.79430902 -0.560527205 0.2342702
vn 0.00259411265 -0.999996603 0.000305192953
vn 0.623508096 -0.778973103 -0.0666235015
vn 0.644353271 -0.763927817 0.0349750482
vn 0.0286877695 0.0136114303 0.999495804
vn 0.0594814382 0.880533695 -0.47023651
vn -0.619903326 -0.641877115 -0.451346487
vn 0.996524215 0.038941741 -0.073641412
vn 0.574364245 -0.0262461863 -0.818178952
vn 0.535065353 -0.249343172 -0.807175994
vn 0.993214786 -0.114935085 0.0177315976
vn 0.621921837 -0.264205366 -0.73716265
vn 0.634342194 -0.193461403 -0.748453617
vn -0.361808181 -0.359397173 -0.860190988
vn -0.398616701 -0.276294112 -0.874509215
vn -0.968054175 -0.212196693 -0.133580506
vn 0.0924413204 -0.179816604 -0.97934711
vn -0.376147091 -0.388263196 -0.841287792
vn 0.992259026 0.124058999 0.00561541319
vn 0.999544561 -0.00973540638 0.0285653416
vn -0.364367723 -0.429953218 -0.826060832
vn -0.966577113 -0.229230493 -0.114813603
vn -0.598850787 -0.00192266703 0.800858378
vn 0.53027308 0.0287796799 0.847338319
vn 0.539421976 0.122930206 0.833013952
vn -0.966577113 -0.229230493 -0.114813603
vn -0.968054175 -0.212196693 -0.133580506
vn 0.658143818 -0.237774074 -0.714360058
vn 0.607788444 -0.193186074 -0.770241678
vn -0.438803703 -0.289534807 -0.850659192
vn -0.950972617 -0.265271306 -0.159004003
vn -0.662178099 -0.0235913899 0.748975098
vn 0.406025201 0.36210829 0.839059711
vn -0.950972617 -0.265271306 -0.159004003
vn 0.993394434 0.085300684 0.0767553449
vn 0.976038873 0.216595694 0.0208446905
vn -0.970456779 -0.166453004 -0.174662694
vn -0.979276001 -0.115729503 -0.166208595
vn -0.701535583 0.229379207 0.674709618
vn -0.6933617 0.117528699 0.710940599
vn -0.970456779 -0.166453004 -0.174662694
vn 0.982087314 -0.0499604307 0.181682602
vn 0.526302218 -0.0524928495 -0.848675728
vn -0.503202021 -0.119818687 -0.855821908
vn -0.987809837 -0.108983509 -0.111150309
vn 0.401547492 0.440002292 0.803217113
vn 0.423787922 0.17551522 0.888593435
vn -0.639474452 0.0368064567 0.767930806
vn 0.672798812 -0.0582308695 -0.73753041
vn 0.429802388 -0.133338496 0.893023372
vn -0.979276001 -0.115729503 -0.166208595
vn -0.700993001 -0.185342401 0.688663304
vn -0.45900929 -0.367451608 0.808881879
vn 0.160410687 -0.280413568 0.946380794
vn 0.661989748 -0.0742529556 0.745825768
vn 0.986948371 -0.159674495 -0.0209053699
vn 0.621921837 -0.264205366 -0.73716265
vn -0.398616701 -0.276294112 -0.874509215
vn -0.598850787 -0.00192266703 0.800858378
vn 0.528141201 -0.0820976421 0.845178604
vn 0.993214786 -0.114935085 0.0177315976
vn -0.780383885 -0.532992721 -0.326986015
vn -0.968054175 -0.212196693 -0.133580506
vn 0 -0.289256811 -0.957251608
vn 0 -0.879181206 -0.476487607
vn -0.45900929 -0.367451608 0.808881879
vn -0.598850787 -0.00192266703 0.800858378
vn -0.968054175 -0.212196693 -0.133580506
vn 0 -0.350635111 0.936512172
vn 0 -0.771344125 0.636418402
vn 0 -0.767703176 -0.640805602
vn -0.68781656 0.381035149 -0.617835462
vn -0.987809837 -0.108983509 -0.111150309
vn 0.53027308 0.0287796799 0.847338319
vn -0.780383885 -0.532992721 -0.326986015
vn 0 -0.771344125 0.636418402
vn 0.0457481109 0.948991179 -0.311966091
vn 0.785599113 0.610478997 -0.100744396
vn 0.733588994 0.673222125 -0.092839241
vn 0.000213635954 -0.999999881 -0.000366232911
vn -0.617741525 -0.617100656 -0.487424046
vn -0.770727992 -0.637146115 0.00482195569
vn 0.0296341665 0.966819167 -0.253736973
vn -0.68711102 0.475001991 -0.54977423
vn 0.0359821282 0.573517025 -0.818403125
vn -0.000122073994 -1 0.000152592998
vn -0.720010281 -0.671576202 0.174844801
vn -0.712716579 0.67758888 -0.181406602
vn -0.745001256 0.649568141 -0.151771381
vn -0.770727992 -0.637146115 0.00482195569
vn 0.711294293 -0.697468817 0.0871645212
vn 0.750314891 -0.661076725 0.0022889371
vn 0.947493672 0.133306995 0.290663213
vn 0.771546721 -0.633296371 0.060427241
vn 0.79430902 -0.560527205 0.2342702
vn 0.703276455 0.47630772 -0.527762532
vn 0.619903326 -0.641877115 -0.451346487
vn -0.998383224 0.056123551 0.00900292303
vn -0.644353271 -0.763927817 0.0349750482
vn -0.842357516 0.472191513 -0.259748012
vn 0.0421779677 -0.616280556 -0.786396384
vn -0.998383224 0.056123551 0.00900292303
vn -0.71133101 -0.647302628 0.273875207
vn -0.623508096 -0.778973103 -0.0666235015
vn -0.993865013 0.107580997 -0.0256668292
vn -0.66105485 0.0419339463 0.749164939
vn 0.599581242 -0.563721061 0.568085313
vn 0.756913126 -0.00173956098 0.653513193
vn 0.974312186 -0.0961341262 0.203651816
vn 0.489128917 -0.0570706129 0.870342433
vn 0.761310518 0.56613791 -0.316060603
vn 0.118354298 -0.591222107 0.797777414
vn 0.402946413 -0.0733073279 0.912283003
vn 0.00192266703 -0.999993205 0.00314342906
vn -0.317859411 -0.670266807 0.67060262
vn -0.623508096 -0.778973103 -0.0666235015
vn -0.00259411265 -0.999996603 0.000305192953
vn -0.644353271 -0.763927817 0.0349750482
vn -0.0286877695 0.0136114303 0.999495804
vn -0.0594814382 0.880533695 -0.47023651
vn 0.0421779677 -0.616280556 -0.786396384
vn 0.759042501 0.614320576 -0.215556905
vn -0.728747129 0.0568579994 0.682418406
vn -0.996838808 -0.0572534204 0.055086609
vn -0.665808976 0.0818527266 0.741618872
vn -0.197427705 0.078250818 0.977189422
vn -0.261609912 -0.0805094168 -0.961810112
vn -0.64230901 -0.133430302 -0.754742086
vn 0.665808976 0.0818527266 0.741618872
vn 0.197427705 0.078250818 0.977189422
vn 0.261609912 -0.0805094168 -0.961810112
vn 0.996838808 -0.0572534204 0.055086609
vn -0.999602318 -0.0242628995 -0.01437461
vn -0.723909616 0.149817497 0.673431218
vn -0.238172904 -0.108496301 -0.965143681
vn -0.627667487 -0.142099515 -0.765402734
vn 0.723909616 0.149817497 0.673431218
vn 0.296520591 0.141637698 0.944465101
vn 0.238172904 -0.108496301 -0.965143681
vn 0.64230901 -0.133430302 -0.754742086
vn 0.999602318 -0.0242628995 -0.01437461
vn 0 0.0319530889 0.999489427
vn 0 0.0863082334 0.996268451
vn 0 -0.0741920397 -0.997244
vn 0 -0.0741920397 -0.997244
vn 0 -0.101657905 -0.994819462
vn 0 -0.101657905 -0.994819462
vn -0.296520591 0.141637698 0.944465101
vn 0.627667487 -0.142099515 -0.765402734
vn -0.0421779677 -0.616280556 -0.786396384
vn 0.617741525 -0.617100656 -0.487424046
vn 0.623508096 -0.778973103 -0.0666235015
vn 0.617741525 -0.617100656 -0.487424046
vn 0.623508096 -0.778973103 -0.0666235015
vn -0.720010281 -0.671576202 0.174844801
vn -0.617741525 -0.617100656 -0.487424046
vn -0.623508096 -0.778973103 -0.0666235015
vn -0.617741525 -0.617100656 -0.487424046
vn -0.993865013 0.107580997 -0.0256668292
f 1/1/1 2/2/2 3/3/3
f 4/4/4 5/5/5 6/6/6
f 7/7/7 8/8/8 5/5/5
f 9/9/9 10/10/10 11/11/11
f 10/10/10 12/12/12 13/13/13
f 14/14/14 7/7/7 4/4/4
f 15/15/15 16/16/16 7/7/7
f 17/17/17 18/18/18 19/19/19
f 20/20/20 21/21/21 19/19/19
f 22/22/22 23/23/23 24/24/24
f 25/25/25 26/26/26 27/27/27
f 28/28/28 6/6/6 2/2/2
f 12/12/12 4/4/4 29/29/29
f 30/30/30 12/12/12 31/31/31
f 32/32/32 33/33/33 34/34/34
f 35/35/35 36/36/36 37/37/37
f 38/38/38 25/25/25 39/39/39
f 12/12/12 1/1/1 13/13/13
f 40/40/40 41/41/41 15/15/15
f 32/32/32 15/15/15 14/14/14
f 42/42/42 43/43/43 40/40/40
f 44/44/44 45/45/45 18/18/18
f 19/19/19 46/46/46 20/20/20
f 47/47/47 48/48/48 23/23/23
f 49/49/49 50/50/50 51/51/51
f 52/52/52 53/53/53 54/54/54
f 31/31/31 33/33/33 30/30/30
f 42/42/42 34/34/34 55/55/55
f 9/9/9 21/21/21 56/56/56
f 57/57/57 58/58/58 59/59/59
f 19/19/19 11/11/11 17/17/17
f 22/22/22 42/42/42 47/47/47
f 60/60/60 61/61/61 54/54/54
f 62/62/62 63/63/63 64/64/64
f 42/42/42 58/58/58 47/47/47
f 9/9/9 65/65/65 31/31/31
f 66/66/66 67/67/67 52/52/52
f 66/66/66 54/54/54 61/61/61
f 68/68/68 66/66/66 69/69/69
f 69/69/69 61/61/61 50/50/50
f 52/52/52 70/70/70 71/71/71
f 64/64/64 68/68/68 72/72/72
f 73/73/73 50/50/50 61/61/61
f 72/72/72 69/69/69 49/49/49
f 53/53/53 74/74/74 75/75/75
f 70/70/70 74/74/74 71/71/71
f 67/67/67 76/76/76 70/70/70
f 60/60/60 53/53/53 77/77/77
f 78/78/78 76/76/76 62/62/62
f 79/79/79 77/77/77 80/80/80
f 75/75/75 81/81/81 82/82/82
f 83/83/83 81/81/81 74/74/74
f 76/76/76 83/83/83 70/70/70
f 77/77/77 75/75/75 84/84/84
f 76/76/76 85/85/85 86/86/86
f 77/77/77 87/87/87 80/80/80
f 82/82/82 88/88/88 89/89/89
f 90/90/90 88/88/88 81/81/81
f 86/86/86 90/90/90 83/83/83
f 75/75/75 91/91/91 84/84/84
f 86/86/86 92/92/92 93/93/93
f 87/87/87 91/91/91 94/94/94
f 88/88/88 95/95/95 89/89/89
f 96/96/96 97/97/97 88/88/88
f 93/93/93 96/96/96 90/90/90
f 82/82/82 98/98/98 91/91/91
f 93/93/93 99/99/99 100/100/100
f 91/91/91 101/101/101 94/94/94
f 102/102/102 103/103/103 97/97/97
f 102/102/102 104/104/104 105/105/105
f 96/96/96 106/106/106 102/102/102
f 89/89/89 107/107/107 98/98/98
f 100/100/100 108/108/108 106/106/106
f 101/101/101 107/107/107 109/109/109
f 95/95/95 110/110/110 111/111/111
f 112/112/112 113/113/113 114/114/114
f 115/115/115 116/116/116 117/117/117
f 118/118/118 119/119/119 120/120/120
f 121/121/121 113/113/113 116/116/116
f 122/122/122 123/123/123 124/124/124
f 125/125/125 126/126/126 122/122/122
f 127/127/127 128/128/128 129/129/129
f 95/95/95 130/130/130 107/107/107
f 131/131/131 132/132/132 133/133/133
f 118/118/118 134/134/134 135/135/135
f 129/129/129 136/136/136 137/137/137
f 138/138/138 139/139/139 112/112/112
f 106/106/106 140/140/140 141/141/141
f 106/106/106 104/104/104 102/102/102
f 136/136/136 142/142/142 143/143/143
f 105/105/105 143/143/143 144/144/144
f 133/133/133 145/145/145 146/146/146
f 137/137/137 143/143/143 104/104/104
f 23/23/23 147/147/147 24/24/24
f 18/18/18 148/148/148 46/46/46
f 48/48/48 149/149/149 23/23/23
f 149/149/149 150/150/150 147/147/147
f 45/45/45 151/151/151 148/148/148
f 149/149/149 152/152/152 153/153/153
f 154/154/154 155/155/155 45/45/45
f 153/153/153 156/156/156 150/150/150
f 151/151/151 157/157/157 158/158/158
f 153/153/153 159/159/159 160/160/160
f 161/161/161 157/157/157 155/155/155
f 39/39/39 162/162/162 163/163/163
f 164/164/164 36/36/36 25/25/25
f 39/39/39 27/27/27 165/165/165
f 166/166/166 167/167/167 168/168/168
f 169/169/169 170/170/170 171/171/171
f 172/172/172 173/173/173 174/174/174
f 174/174/174 8/8/8 16/16/16
f 175/175/175 176/176/176 177/177/177
f 176/176/176 178/178/178 177/177/177
f 179/179/179 174/174/174 180/180/180
f 180/180/180 16/16/16 41/41/41
f 181/181/181 182/182/182 183/183/183
f 184/184/184 185/185/185 183/183/183
f 22/22/22 186/186/186 187/187/187
f 5/5/5 168/168/168 188/188/188
f 189/189/189 190/190/190 191/191/191
f 192/192/192 193/193/193 194/194/194
f 178/178/178 195/195/195 179/179/179
f 178/178/178 196/196/196 177/177/177
f 197/197/197 198/198/198 199/199/199
f 173/173/173 168/168/168 8/8/8
f 191/191/191 200/200/200 167/167/167
f 201/201/201 189/189/189 202/202/202
f 169/169/169 178/178/178 203/203/203
f 204/204/204 41/41/41 43/43/43
f 180/180/180 198/198/198 179/179/179
f 205/205/205 43/43/43 206/206/206
f 207/207/207 208/208/208 181/181/181
f 209/209/209 183/183/183 185/185/185
f 187/187/187 210/210/210 211/211/211
f 212/212/212 213/213/213 214/214/214
f 215/215/215 216/216/216 217/217/217
f 197/197/197 177/177/177 196/196/196
f 205/205/205 199/199/199 204/204/204
f 175/175/175 184/184/184 183/183/183
f 211/211/211 218/218/218 187/187/187
f 183/183/183 219/219/219 175/175/175
f 205/205/205 22/22/22 187/187/187
f 220/220/220 221/221/221 222/222/222
f 223/223/223 224/224/224 225/225/225
f 218/218/218 205/205/205 187/187/187
f 226/226/226 175/175/175 177/177/177
f 227/227/227 228/228/228 223/223/223
f 217/217/217 227/227/227 221/221/221
f 227/227/227 229/229/229 230/230/230
f 221/221/221 230/230/230 212/212/212
f 216/216/216 231/231/231 228/228/228
f 229/229/229 225/225/225 232/232/232
f 222/222/222 212/212/212 214/214/214
f 230/230/230 232/232/232 213/213/213
f 215/215/215 233/233/233 234/234/234
f 233/233/233 231/231/231 234/234/234
f 228/228/228 235/235/235 224/224/224
f 220/220/220 215/215/215 217/217/217
f 235/235/235 236/236/236 224/224/224
f 237/237/237 238/238/238 220/220/220
f 239/239/239 240/240/240 233/233/233
f 240/240/240 241/241/241 233/233/233
f 241/241/241 235/235/235 231/231/231
f 238/238/238 239/239/239 215/215/215
f 235/235/235 242/242/242 243/243/243
f 244/244/244 238/238/238 245/245/245
f 246/246/246 247/247/247 240/240/240
f 247/247/247 248/248/248 240/240/240
f 248/248/248 249/249/249 241/241/241
f 250/250/250 239/239/239 251/251/251
f 249/249/249 252/252/252 242/242/242
f 244/244/244 250/250/250 251/251/251
f 253/253/253 247/247/247 254/254/254
f 255/255/255 256/256/256 247/247/247
f 256/256/256 257/257/257 248/248/248
f 258/258/258 246/246/246 250/250/250
f 257/257/257 259/259/259 252/252/252
f 260/260/260 250/250/250 261/261/261
f 262/262/262 263/263/263 264/264/264
f 265/265/265 266/266/266 267/267/267
f 256/256/256 268/268/268 269/269/269
f 270/270/270 254/254/254 258/258/258
f 269/269/269 271/271/271 259/259/259
f 260/260/260 270/270/270 258/258/258
f 272/272/272 273/273/273 263/263/263
f 274/274/274 267/267/267 255/255/255
f 275/275/275 276/276/276 277/277/277
f 278/278/278 270/270/270 279/279/279
f 280/280/280 275/275/275 281/281/281
f 282/282/282 262/262/262 264/264/264
f 283/283/283 284/284/284 285/285/285
f 286/286/286 287/287/287 284/284/284
f 288/288/288 289/289/289 290/290/290
f 268/268/268 291/291/291 271/271/271
f 292/292/292 293/293/293 294/294/294
f 295/295/295 253/253/253 270/270/270
f 296/296/296 288/288/288 297/297/297
f 298/298/298 114/114/114 299/299/299
f 253/253/253 300/300/300 255/255/255
f 266/266/266 268/268/268 267/267/267
f 301/301/301 296/296/296 302/302/302
f 265/265/265 302/302/302 266/266/266
f 303/303/303 304/304/304 293/293/293
f 302/302/302 297/297/297 266/266/266
f 147/147/147 186/186/186 24/24/24
f 305/305/305 181/181/181 209/209/209
f 306/306/306 210/210/210 186/186/186
f 150/150/150 306/306/306 147/147/147
f 307/307/307 207/207/207 305/305/305
f 306/306/306 308/308/308 309/309/309
f 310/310/310 311/311/311 207/207/207
f 156/156/156 312/312/312 150/150/150
f 307/307/307 313/313/313 310/310/310
f 312/312/312 314/314/314 308/308/308
f 313/313/313 315/315/315 310/310/310
f 316/316/316 317/317/317 318/318/318
f 202/202/202 191/191/191 166/166/166
f 317/317/317 319/319/319 189/189/189
f 188/188/188 37/37/37 36/36/36
f 2/2/2 164/164/164 38/38/38
f 5/5/5 164/164/164 6/6/6
f 170/170/170 202/202/202 193/193/193
f 202/202/202 173/173/173 193/193/193
f 320/320/320 168/168/168 167/167/167
f 320/320/320 37/37/37 168/168/168
f 141/141/141 321/321/321 322/322/322
f 323/323/323 324/324/324 325/325/325
f 130/130/130 326/326/326 327/327/327
f 328/328/328 141/141/141 140/140/140
f 329/329/329 111/111/111 299/299/299
f 330/330/330 131/131/131 331/331/331
f 298/298/298 111/111/111 110/110/110
f 332/332/332 298/298/298 103/103/103
f 107/107/107 327/327/327 109/109/109
f 333/333/333 334/334/334 335/335/335
f 336/336/336 337/337/337 338/338/338
f 339/339/339 295/295/295 278/278/278
f 340/340/340 341/341/341 291/291/291
f 342/342/342 343/343/343 344/344/344
f 292/292/292 345/345/345 333/333/333
f 342/342/342 346/346/346 300/300/300
f 346/346/346 347/347/347 274/274/274
f 348/348/348 349/349/349 282/282/282
f 326/326/326 121/121/121 115/115/115
f 331/331/331 120/120/120 330/330/330
f 299/299/299 121/121/121 329/329/329
f 331/331/331 350/350/350 118/118/118
f 298/298/298 138/138/138 112/112/112
f 264/264/264 346/346/346 344/344/344
f 346/346/346 273/273/273 336/336/336
f 333/333/333 277/277/277 341/341/341
f 281/281/281 333/333/333 345/345/345
f 282/282/282 344/344/344 343/343/343
f 339/339/339 282/282/282 351/351/351
f 27/27/27 352/352/352 353/353/353
f 165/165/165 354/354/354 162/162/162
f 165/165/165 353/353/353 355/355/355
f 319/319/319 356/356/356 190/190/190
f 190/190/190 357/357/357 200/200/200
f 358/358/358 359/359/359 316/316/316
f 359/359/359 360/360/360 319/319/319
f 200/200/200 361/361/361 362/362/362
f 362/362/362 167/167/167 200/200/200
f 163/163/163 363/363/363 364/364/364
f 365/365/365 318/318/318 366/366/366
f 367/367/367 316/316/316 365/365/365
f 162/162/162 368/368/368 363/363/363
f 38/38/38 163/163/163 369/369/369
f 318/318/318 201/201/201 370/370/370
f 38/38/38 3/3/3 2/2/2
f 371/371/371 201/201/201 170/170/170
f 318/318/318 370/370/370 366/366/366
f 364/364/364 369/369/369 163/163/163
f 26/26/26 372/372/372 352/352/352
f 361/361/361 35/35/35 362/362/362
f 362/362/362 37/37/37 320/320/320
f 204/204/204 199/199/199 198/198/198
f 196/196/196 179/179/179 198/198/198
f 40/40/40 32/32/32 34/34/34
f 30/30/30 32/32/32 14/14/14
f 1/1/1 28/28/28 2/2/2
f 4/4/4 7/7/7 5/5/5
f 7/7/7 16/16/16 8/8/8
f 9/9/9 31/31/31 10/10/10
f 10/10/10 31/31/31 12/12/12
f 14/14/14 15/15/15 7/7/7
f 15/15/15 41/41/41 16/16/16
f 17/17/17 44/44/44 18/18/18
f 20/20/20 373/373/373 21/21/21
f 22/22/22 47/47/47 23/23/23
f 25/25/25 36/36/36 26/26/26
f 28/28/28 4/4/4 6/6/6
f 12/12/12 14/14/14 4/4/4
f 30/30/30 14/14/14 12/12/12
f 32/32/32 30/30/30 33/33/33
f 35/35/35 26/26/26 36/36/36
f 38/38/38 164/164/164 25/25/25
f 12/12/12 29/29/29 1/1/1
f 40/40/40 43/43/43 41/41/41
f 32/32/32 40/40/40 15/15/15
f 42/42/42 206/206/206 43/43/43
f 44/44/44 154/154/154 45/45/45
f 19/19/19 18/18/18 46/46/46
f 47/47/47 57/57/57 48/48/48
f 49/49/49 69/69/69 50/50/50
f 52/52/52 71/71/71 53/53/53
f 31/31/31 65/65/65 33/33/33
f 42/42/42 40/40/40 34/34/34
f 9/9/9 19/19/19 21/21/21
f 57/57/57 47/47/47 58/58/58
f 19/19/19 9/9/9 11/11/11
f 22/22/22 206/206/206 42/42/42
f 60/60/60 73/73/73 61/61/61
f 62/62/62 67/67/67 63/63/63
f 42/42/42 55/55/55 58/58/58
f 9/9/9 56/56/56 65/65/65
f 66/66/66 63/63/63 67/67/67
f 66/66/66 52/52/52 54/54/54
f 68/68/68 63/63/63 66/66/66
f 69/69/69 66/66/66 61/61/61
f 52/52/52 67/67/67 70/70/70
f 64/64/64 63/63/63 68/68/68
f 73/73/73 51/51/51 50/50/50
f 72/72/72 68/68/68 69/69/69
f 53/53/53 71/71/71 74/74/74
f 70/70/70 83/83/83 74/74/74
f 67/67/67 62/62/62 76/76/76
f 60/60/60 54/54/54 53/53/53
f 78/78/78 374/374/374 76/76/76
f 79/79/79 60/60/60 77/77/77
f 75/75/75 74/74/74 81/81/81
f 83/83/83 90/90/90 81/81/81
f 76/76/76 86/86/86 83/83/83
f 77/77/77 53/53/53 75/75/75
f 76/76/76 374/374/374 85/85/85
f 77/77/77 84/84/84 87/87/87
f 82/82/82 81/81/81 88/88/88
f 90/90/90 96/96/96 88/88/88
f 86/86/86 93/93/93 90/90/90
f 75/75/75 82/82/82 91/91/91
f 86/86/86 85/85/85 92/92/92
f 87/87/87 84/84/84 91/91/91
f 88/88/88 97/97/97 95/95/95
f 96/96/96 102/102/102 97/97/97
f 93/93/93 100/100/100 96/96/96
f 82/82/82 89/89/89 98/98/98
f 93/93/93 92/92/92 99/99/99
f 91/91/91 98/98/98 101/101/101
f 102/102/102 332/332/332 103/103/103
f 105/105/105 375/375/375 332/332/332
f 332/332/332 102/102/102 105/105/105
f 96/96/96 100/100/100 106/106/106
f 89/89/89 95/95/95 107/107/107
f 100/100/100 99/99/99 108/108/108
f 101/101/101 98/98/98 107/107/107
f 95/95/95 97/97/97 110/110/110
f 112/112/112 139/139/139 113/113/113
f 115/115/115 121/121/121 116/116/116
f 118/118/118 135/135/135 119/119/119
f 121/121/121 114/114/114 113/113/113
f 122/122/122 126/126/126 123/123/123
f 125/125/125 376/376/376 126/126/126
f 137/137/137 106/106/106 129/129/129
f 106/106/106 127/127/127 129/129/129
f 95/95/95 111/111/111 130/130/130
f 131/131/131 323/323/323 132/132/132
f 118/118/118 350/350/350 134/134/134
f 129/129/129 377/377/377 136/136/136
f 138/138/138 119/119/119 139/139/139
f 106/106/106 108/108/108 140/140/140
f 106/106/106 137/137/137 104/104/104
f 136/136/136 378/378/378 142/142/142
f 105/105/105 104/104/104 143/143/143
f 133/133/133 132/132/132 145/145/145
f 137/137/137 136/136/136 143/143/143
f 23/23/23 149/149/149 147/147/147
f 18/18/18 45/45/45 148/148/148
f 48/48/48 379/379/379 149/149/149
f 149/149/149 153/153/153 150/150/150
f 45/45/45 155/155/155 151/151/151
f 149/149/149 379/379/379 152/152/152
f 154/154/154 161/161/161 155/155/155
f 153/153/153 160/160/160 156/156/156
f 151/151/151 155/155/155 157/157/157
f 153/153/153 152/152/152 159/159/159
f 161/161/161 380/380/380 157/157/157
f 39/39/39 165/165/165 162/162/162
f 164/164/164 188/188/188 36/36/36
f 39/39/39 25/25/25 27/27/27
f 166/166/166 191/191/191 167/167/167
f 169/169/169 371/371/371 170/170/170
f 172/172/172 193/193/193 173/173/173
f 174/174/174 173/173/173 8/8/8
f 175/175/175 219/219/219 176/176/176
f 176/176/176 203/203/203 178/178/178
f 179/179/179 172/172/172 174/174/174
f 180/180/180 174/174/174 16/16/16
f 181/181/181 208/208/208 182/182/182
f 184/184/184 381/381/381 185/185/185
f 22/22/22 24/24/24 186/186/186
f 5/5/5 8/8/8 168/168/168
f 189/189/189 319/319/319 190/190/190
f 192/192/192 170/170/170 193/193/193
f 178/178/178 382/382/382 195/195/195
f 178/178/178 179/179/179 196/196/196
f 197/197/197 196/196/196 198/198/198
f 173/173/173 166/166/166 168/168/168
f 191/191/191 190/190/190 200/200/200
f 201/201/201 317/317/317 189/189/189
f 169/169/169 383/383/383 178/178/178
f 204/204/204 180/180/180 41/41/41
f 180/180/180 204/204/204 198/198/198
f 205/205/205 204/204/204 43/43/43
f 207/207/207 311/311/311 208/208/208
f 209/209/209 181/181/181 183/183/183
f 187/187/187 186/186/186 210/210/210
f 212/212/212 230/230/230 213/213/213
f 215/215/215 234/234/234 216/216/216
f 197/197/197 226/226/226 177/177/177
f 205/205/205 384/384/384 199/199/199
f 175/175/175 385/385/385 184/184/184
f 211/211/211 386/386/386 218/218/218
f 183/183/183 182/182/182 219/219/219
f 205/205/205 206/206/206 22/22/22
f 220/220/220 217/217/217 221/221/221
f 223/223/223 228/228/228 224/224/224
f 218/218/218 384/384/384 205/205/205
f 226/226/226 385/385/385 175/175/175
f 227/227/227 216/216/216 228/228/228
f 217/217/217 216/216/216 227/227/227
f 227/227/227 223/223/223 229/229/229
f 221/221/221 227/227/227 230/230/230
f 216/216/216 234/234/234 231/231/231
f 229/229/229 223/223/223 225/225/225
f 222/222/222 221/221/221 212/212/212
f 230/230/230 229/229/229 232/232/232
f 215/215/215 239/239/239 233/233/233
f 233/233/233 241/241/241 231/231/231
f 228/228/228 231/231/231 235/235/235
f 220/220/220 238/238/238 215/215/215
f 235/235/235 243/243/243 236/236/236
f 237/237/237 245/245/245 238/238/238
f 239/239/239 246/246/246 240/240/240
f 240/240/240 248/248/248 241/241/241
f 241/241/241 249/249/249 235/235/235
f 238/238/238 251/251/251 239/239/239
f 235/235/235 249/249/249 242/242/242
f 244/244/244 251/251/251 238/238/238
f 246/246/246 254/254/254 247/247/247
f 247/247/247 256/256/256 248/248/248
f 248/248/248 257/257/257 249/249/249
f 250/250/250 246/246/246 239/239/239
f 249/249/249 257/257/257 252/252/252
f 244/244/244 261/261/261 250/250/250
f 253/253/253 255/255/255 247/247/247
f 255/255/255 267/267/267 256/256/256
f 256/256/256 269/269/269 257/257/257
f 258/258/258 254/254/254 246/246/246
f 257/257/257 269/269/269 259/259/259
f 260/260/260 258/258/258 250/250/250
f 262/262/262 272/272/272 263/263/263
f 267/267/267 347/347/347 265/265/265
f 347/347/347 387/387/387 265/265/265
f 256/256/256 267/267/267 268/268/268
f 270/270/270 253/253/253 254/254/254
f 269/269/269 268/268/268 271/271/271
f 260/260/260 279/279/279 270/270/270
f 272/272/272 280/280/280 273/273/273
f 274/274/274 347/347/347 267/267/267
f 275/275/275 388/388/388 276/276/276
f 278/278/278 295/295/295 270/270/270
f 280/280/280 388/388/388 275/275/275
f 282/282/282 349/349/349 262/262/262
f 283/283/283 286/286/286 284/284/284
f 286/286/286 389/389/389 287/287/287
f 290/290/290 268/268/268 288/288/288
f 268/268/268 297/297/297 288/288/288
f 268/268/268 340/340/340 291/291/291
f 292/292/292 303/303/303 293/293/293
f 295/295/295 342/342/342 253/253/253
f 296/296/296 390/390/390 288/288/288
f 298/298/298 112/112/112 114/114/114
f 253/253/253 342/342/342 300/300/300
f 266/266/266 297/297/297 268/268/268
f 301/301/301 391/391/391 296/296/296
f 265/265/265 392/392/392 302/302/302
f 303/303/303 393/393/393 304/304/304
f 302/302/302 296/296/296 297/297/297
f 147/147/147 306/306/306 186/186/186
f 305/305/305 207/207/207 181/181/181
f 306/306/306 309/309/309 210/210/210
f 150/150/150 312/312/312 306/306/306
f 307/307/307 310/310/310 207/207/207
f 306/306/306 312/312/312 308/308/308
f 310/310/310 315/315/315 311/311/311
f 156/156/156 394/394/394 312/312/312
f 307/307/307 395/395/395 313/313/313
f 312/312/312 394/394/394 314/314/314
f 313/313/313 396/396/396 315/315/315
f 316/316/316 359/359/359 317/317/317
f 202/202/202 189/189/189 191/191/191
f 317/317/317 359/359/359 319/319/319
f 188/188/188 168/168/168 37/37/37
f 2/2/2 6/6/6 164/164/164
f 5/5/5 188/188/188 164/164/164
f 170/170/170 201/201/201 202/202/202
f 202/202/202 166/166/166 173/173/173
f 130/130/130 397/397/397 326/326/326
f 328/328/328 331/331/331 141/141/141
f 329/329/329 130/130/130 111/111/111
f 330/330/330 323/323/323 131/131/131
f 298/298/298 299/299/299 111/111/111
f 332/332/332 398/398/398 298/298/298
f 107/107/107 130/130/130 327/327/327
f 339/339/339 351/351/351 295/295/295
f 340/340/340 333/333/333 341/341/341
f 342/342/342 295/295/295 343/343/343
f 292/292/292 294/294/294 345/345/345
f 342/342/342 344/344/344 346/346/346
f 346/346/346 336/336/336 347/347/347
f 348/348/348 399/399/399 349/349/349
f 326/326/326 397/397/397 121/121/121
f 331/331/331 118/118/118 120/120/120
f 299/299/299 114/114/114 121/121/121
f 331/331/331 328/328/328 350/350/350
f 298/298/298 398/398/398 138/138/138
f 264/264/264 263/263/263 346/346/346
f 346/346/346 263/263/263 273/273/273
f 333/333/333 275/275/275 277/277/277
f 281/281/281 275/275/275 333/333/333
f 282/282/282 264/264/264 344/344/344
f 339/339/339 348/348/348 282/282/282
f 27/27/27 26/26/26 352/352/352
f 165/165/165 355/355/355 354/354/354
f 165/165/165 27/27/27 353/353/353
f 319/319/319 360/360/360 356/356/356
f 190/190/190 356/356/356 357/357/357
f 358/358/358 400/400/400 359/359/359
f 359/359/359 400/400/400 360/360/360
f 200/200/200 357/357/357 361/361/361
f 362/362/362 320/320/320 167/167/167
f 163/163/163 162/162/162 363/363/363
f 365/365/365 316/316/316 318/318/318
f 367/367/367 358/358/358 316/316/316
f 162/162/162 354/354/354 368/368/368
f 38/38/38 39/39/39 163/163/163
f 318/318/318 317/317/317 201/201/201
f 38/38/38 369/369/369 3/3/3
f 371/371/371 370/370/370 201/201/201
f 26/26/26 35/35/35 372/372/372
f 361/361/361 372/372/372 35/35/35
f 362/362/362 35/35/35 37/37/37
f 401/401/401 402/402/402 403/403/403
f 404/404/404 405/405/405 406/406/406
f 407/407/407 408/408/408 409/409/409
f 403/403/403 410/410/410 411/411/411
f 412/412/412 405/405/405 413/413/413
f 414/414/414 415/415/415 407/407/407
f 406/406/406 407/407/407 409/409/409
f 416/416/416 417/417/417 418/418/418
f 419/419/419 416/416/416 420/420/420
f 418/418/418 413/413/413 404/404/404
f 412/412/412 421/421/421 422/422/422
f 423/423/423 424/424/424 414/414/414
f 405/405/405 414/414/414 407/407/407
f 425/425/425 426/426/426 417/417/417
f 427/427/427 425/425/425 419/419/419
f 417/417/417 412/412/412 413/413/413
f 428/428/428 421/421/421 429/429/429
f 423/423/423 430/430/430 431/431/431
f 421/421/421 414/414/414 422/422/422
f 432/432/432 426/426/426 433/433/433
f 434/434/434 433/433/433 427/427/427
f 426/426/426 429/429/429 412/412/412
f 435/435/435 436/436/436 428/428/428
f 437/437/437 438/438/438 430/430/430
f 436/436/436 423/423/423 421/421/421
f 432/432/432 439/439/439 440/440/440
f 434/434/434 441/441/441 432/432/432
f 439/439/439 429/429/429 440/440/440
f 442/442/442 437/437/437 436/436/436
f 441/441/441 443/443/443 439/439/439
f 444/444/444 445/445/445 441/441/441
f 443/443/443 428/428/428 439/439/439
f 446/446/446 447/447/447 448/448/448
f 447/447/447 449/449/449 401/401/401
f 449/449/449 450/450/450 402/402/402
f 402/402/402 451/451/451 410/410/410
f 452/452/452 453/453/453 446/446/446
f 453/453/453 454/454/454 449/449/449
f 410/410/410 455/455/455 456/456/456
f 411/411/411 457/457/457 458/458/458
f 411/411/411 410/410/410 457/457/457
f 459/459/459 460/460/460 461/461/461
f 462/462/462 463/463/463 448/448/448
f 446/446/446 448/448/448 463/463/463
f 464/464/464 457/457/457 410/410/410
f 456/456/456 464/464/464 410/410/410
f 401/401/401 449/449/449 402/402/402
f 404/404/404 413/413/413 405/405/405
f 407/407/407 415/415/415 408/408/408
f 403/403/403 402/402/402 410/410/410
f 412/412/412 422/422/422 405/405/405
f 414/414/414 424/424/424 415/415/415
f 406/406/406 405/405/405 407/407/407
f 416/416/416 425/425/425 417/417/417
f 419/419/419 425/425/425 416/416/416
f 418/418/418 417/417/417 413/413/413
f 412/412/412 429/429/429 421/421/421
f 423/423/423 431/431/431 424/424/424
f 405/405/405 422/422/422 414/414/414
f 425/425/425 433/433/433 426/426/426
f 427/427/427 433/433/433 425/425/425
f 417/417/417 426/426/426 412/412/412
f 428/428/428 436/436/436 421/421/421
f 423/423/423 437/437/437 430/430/430
f 421/421/421 423/423/423 414/414/414
f 432/432/432 440/440/440 426/426/426
f 434/434/434 432/432/432 433/433/433
f 426/426/426 440/440/440 429/429/429
f 435/435/435 442/442/442 436/436/436
f 437/437/437 465/465/465 438/438/438
f 436/436/436 437/437/437 423/423/423
f 432/432/432 441/441/441 439/439/439
f 434/434/434 444/444/444 441/441/441
f 439/439/439 428/428/428 429/429/429
f 442/442/442 465/465/465 437/437/437
f 441/441/441 445/445/445 443/443/443
f 444/444/444 466/466/466 445/445/445
f 443/443/443 435/435/435 428/428/428
f 446/446/446 453/453/453 447/447/447
f 447/447/447 453/453/453 449/449/449
f 449/449/449 454/454/454 450/450/450
f 402/402/402 450/450/450 451/451/451
f 452/452/452 467/467/467 453/453/453
f 453/453/453 467/467/467 454/454/454
f 410/410/410 451/451/451 455/455/455
f 459/459/459 468/468/468 460/460/460
f 468/468/468 459/459/459 469/469/469
f 470/470/470 471/471/471 472/472/472
f 473/473/473 474/474/474 475/475/475
f 476/476/476 477/477/477 478/478/478
f 475/475/475 479/479/479 480/480/480
f 471/471/471 478/478/478 481/481/481
f 481/481/481 482/482/482 483/483/483
f 484/484/484 470/470/470 472/472/472
f 485/485/485 486/486/486 487/487/487
f 488/488/488 489/489/489 470/470/470
f 477/477/477 482/482/482 478/478/478
f 490/490/490 491/491/491 492/492/492
f 493/493/493 477/477/477 494/494/494
f 495/495/495 496/496/496 497/497/497
f 498/498/498 497/497/497 499/499/499
f 465/465/465 491/491/491 500/500/500
f 501/501/501 485/485/485 502/502/502
f 502/502/502 503/503/503 504/504/504
f 485/485/485 505/505/505 503/503/503
f 506/506/506 502/502/502 507/507/507
f 496/496/496 508/508/508 509/509/509
f 508/508/508 510/510/510 501/501/501
f 511/511/511 512/512/512 513/513/513
f 511/511/511 484/484/484 486/486/486
f 497/497/497 509/509/509 514/514/514
f 509/509/509 507/507/507 514/514/514
f 514/514/514 504/504/504 499/499/499
f 504/504/504 507/507/507 502/502/502
f 486/486/486 508/508/508 511/511/511
f 465/465/465 515/515/515 492/492/492
f 474/474/474 516/516/516 488/488/488
f 472/472/472 515/515/515 487/487/487
f 486/486/486 472/472/472 487/487/487
f 481/481/481 490/490/490 492/492/492
f 515/515/515 481/481/481 492/492/492
f 480/480/480 511/511/511 513/513/513
f 493/493/493 489/489/489 516/516/516
f 499/499/499 497/497/497 514/514/514
f 488/488/488 479/479/479 474/474/474
f 505/505/505 515/515/515 465/465/465
f 489/489/489 476/476/476 470/470/470
f 517/517/517 518/518/518 519/519/519
f 520/520/520 521/521/521 522/522/522
f 523/523/523 524/524/524 525/525/525
f 518/518/518 526/526/526 527/527/527
f 528/528/528 529/529/529 522/522/522
f 530/530/530 523/523/523 531/531/531
f 521/521/521 524/524/524 523/523/523
f 532/532/532 533/533/533 534/534/534
f 535/535/535 536/536/536 532/532/532
f 533/533/533 520/520/520 529/529/529
f 528/528/528 537/537/537 538/538/538
f 539/539/539 530/530/530 540/540/540
f 522/522/522 523/523/523 530/530/530
f 541/541/541 534/534/534 542/542/542
f 543/543/543 535/535/535 541/541/541
f 534/534/534 529/529/529 528/528/528
f 544/544/544 545/545/545 538/538/538
f 539/539/539 546/546/546 547/547/547
f 538/538/538 537/537/537 530/530/530
f 548/548/548 549/549/549 542/542/542
f 550/550/550 543/543/543 549/549/549
f 542/542/542 528/528/528 545/545/545
f 551/551/551 544/544/544 552/552/552
f 553/553/553 547/547/547 554/554/554
f 552/552/552 538/538/538 539/539/539
f 548/548/548 555/555/555 556/556/556
f 550/550/550 548/548/548 557/557/557
f 556/556/556 555/555/555 545/545/545
f 558/558/558 552/552/552 553/553/553
f 557/557/557 556/556/556 559/559/559
f 560/560/560 557/557/557 561/561/561
f 559/559/559 556/556/556 544/544/544
f 562/562/562 563/563/563 564/564/564
f 564/564/564 517/517/517 565/565/565
f 565/565/565 519/519/519 566/566/566
f 519/519/519 527/527/527 567/567/567
f 568/568/568 562/562/562 569/569/569
f 569/569/569 565/565/565 570/570/570
f 527/527/527 571/571/571 572/572/572
f 526/526/526 573/573/573 574/574/574
f 526/526/526 574/574/574 527/527/527
f 575/575/575 576/576/576 577/577/577
f 578/578/578 563/563/563 579/579/579
f 562/562/562 579/579/579 563/563/563
f 580/580/580 527/527/527 574/574/574
f 571/571/571 527/527/527 580/580/580
f 517/517/517 519/519/519 565/565/565
f 520/520/520 522/522/522 529/529/529
f 523/523/523 525/525/525 531/531/531
f 518/518/518 527/527/527 519/519/519
f 528/528/528 522/522/522 537/537/537
f 530/530/530 531/531/531 540/540/540
f 521/521/521 523/523/523 522/522/522
f 532/532/532 534/534/534 541/541/541
f 535/535/535 532/532/532 541/541/541
f 533/533/533 529/529/529 534/534/534
f 528/528/528 538/538/538 545/545/545
f 539/539/539 540/540/540 546/546/546
f 522/522/522 530/530/530 537/537/537
f 541/541/541 542/542/542 549/549/549
f 543/543/543 541/541/541 549/549/549
f 534/534/534 528/528/528 542/542/542
f 544/544/544 538/538/538 552/552/552
f 539/539/539 547/547/547 553/553/553
f 538/538/538 530/530/530 539/539/539
f 548/548/548 542/542/542 555/555/555
f 550/550/550 549/549/549 548/548/548
f 542/542/542 545/545/545 555/555/555
f 551/551/551 552/552/552 558/558/558
f 553/553/553 554/554/554 581/581/581
f 552/552/552 539/539/539 553/553/553
f 548/548/548 556/556/556 557/557/557
f 550/550/550 557/557/557 560/560/560
f 556/556/556 545/545/545 544/544/544
f 558/558/558 553/553/553 581/581/581
f 557/557/557 559/559/559 561/561/561
f 560/560/560 561/561/561 582/582/582
f 559/559/559 544/544/544 551/551/551
f 562/562/562 564/564/564 569/569/569
f 564/564/564 565/565/565 569/569/569
f 565/565/565 566/566/566 570/570/570
f 519/519/519 567/567/567 566/566/566
f 568/568/568 569/569/569 583/583/583
f 569/569/569 570/570/570 583/583/583
f 527/527/527 572/572/572 567/567/567
f 575/575/575 577/577/577 584/584/584
f 584/584/584 585/585/585 575/575/575
f 586/586/586 587/587/587 588/588/588
f 589/589/589 590/590/590 591/591/591
f 592/592/592 593/593/593 594/594/594
f 595/595/595 591/591/591 596/596/596
f 586/586/586 597/597/597 592/592/592
f 598/598/598 599/599/599 597/597/597
f 600/600/600 587/587/587 601/601/601
f 602/602/602 603/603/603 604/604/604
f 601/601/601 605/605/605 606/606/606
f 599/599/599 593/593/593 597/597/597
f 607/607/607 608/608/608 609/609/609
f 593/593/593 610/610/610 594/594/594
f 611/611/611 612/612/612 613/613/613
f 614/614/614 615/615/615 611/611/611
f 581/581/581 607/607/607 609/609/609
f 602/602/602 616/616/616 617/617/617
f 618/618/618 617/617/617 619/619/619
f 620/620/620 602/602/602 618/618/618
f 617/617/617 621/621/621 622/622/622
f 623/623/623 612/612/612 624/624/624
f 616/616/616 604/604/604 623/623/623
f 625/625/625 626/626/626 627/627/627
f 626/626/626 600/600/600 595/595/595
f 615/615/615 624/624/624 612/612/612
f 622/622/622 624/624/624 628/628/628
f 628/628/628 619/619/619 622/622/622
f 619/619/619 617/617/617 622/622/622
f 623/623/623 603/603/603 626/626/626
f 581/581/581 609/609/609 629/629/629
f 589/589/589 606/606/606 630/630/630
f 629/629/629 588/588/588 631/631/631
f 603/603/603 588/588/588 600/600/600
f 608/608/608 598/598/598 609/609/609
f 629/629/629 598/598/598 586/586/586
f 626/626/626 596/596/596 627/627/627
f 605/605/605 610/610/610 606/606/606
f 632/632/632 628/628/628 615/615/615
f 601/601/601 595/595/595 600/600/600
f 620/620/620 629/629/629 631/631/631
f 605/605/605 592/592/592 594/594/594
f 468/468/468 584/584/584 580/580/580
f 25/25/25 633/633/633 634/634/634
f 635/635/635 37/37/37 36/36/36
f 39/39/39 163/163/163 636/636/636
f 39/39/39 637/637/637 633/633/633
f 189/189/189 191/191/191 638/638/638
f 191/191/191 167/167/167 639/639/639
f 640/640/640 318/318/318 317/317/317
f 317/317/317 189/189/189 641/641/641
f 633/633/633 642/642/642 643/643/643
f 637/637/637 636/636/636 644/644/644
f 637/637/637 645/645/645 642/642/642
f 641/641/641 638/638/638 646/646/646
f 638/638/638 639/639/639 647/647/647
f 648/648/648 640/640/640 649/649/649
f 649/649/649 641/641/641 650/650/650
f 639/639/639 651/651/651 652/652/652
f 651/651/651 639/639/639 167/167/167
f 163/163/163 364/364/364 653/653/653
f 654/654/654 366/366/366 318/318/318
f 655/655/655 654/654/654 640/640/640
f 636/636/636 653/653/653 656/656/656
f 634/634/634 643/643/643 657/657/657
f 652/652/652 651/651/651 635/635/635
f 651/651/651 320/320/320 37/37/37
f 25/25/25 634/634/634 36/36/36
f 635/635/635 36/36/36 634/634/634
f 39/39/39 636/636/636 637/637/637
f 39/39/39 633/633/633 25/25/25
f 189/189/189 638/638/638 641/641/641
f 191/191/191 639/639/639 638/638/638
f 640/640/640 317/317/317 649/649/649
f 317/317/317 641/641/641 649/649/649
f 633/633/633 643/643/643 634/634/634
f 637/637/637 644/644/644 645/645/645
f 637/637/637 642/642/642 633/633/633
f 641/641/641 646/646/646 650/650/650
f 638/638/638 647/647/647 646/646/646
f 648/648/648 649/649/649 658/658/658
f 649/649/649 650/650/650 658/658/658
f 639/639/639 652/652/652 647/647/647
f 651/651/651 167/167/167 320/320/320
f 163/163/163 653/653/653 636/636/636
f 654/654/654 318/318/318 640/640/640
f 655/655/655 640/640/640 648/648/648
f 636/636/636 656/656/656 644/644/644
f 634/634/634 657/657/657 635/635/635
f 652/652/652 635/635/635 657/657/657
f 651/651/651 37/37/37 635/635/635
f 470/470/470 476/476/476 471/471/471
f 473/473/473 659/659/659 474/474/474
f 476/476/476 494/494/494 477/477/477
f 475/475/475 474/474/474 479/479/479
f 471/471/471 476/476/476 478/478/478
f 481/481/481 478/478/478 482/482/482
f 484/484/484 488/488/488 470/470/470
f 485/485/485 510/510/510 486/486/486
f 488/488/488 516/516/516 489/489/489
f 477/477/477 660/660/660 482/482/482
f 490/490/490 661/661/661 491/491/491
f 493/493/493 662/662/662 477/477/477
f 495/495/495 663/663/663 496/496/496
f 498/498/498 495/495/495 497/497/497
f 465/465/465 492/492/492 491/491/491
f 501/501/501 510/510/510 485/485/485
f 502/502/502 485/485/485 503/503/503
f 485/485/485 487/487/487 505/505/505
f 506/506/506 501/501/501 502/502/502
f 496/496/496 512/512/512 508/508/508
f 501/501/501 506/506/506 508/508/508
f 506/506/506 509/509/509 508/508/508
f 511/511/511 508/508/508 512/512/512
f 511/511/511 479/479/479 484/484/484
f 497/497/497 496/496/496 509/509/509
f 509/509/509 506/506/506 507/507/507
f 514/514/514 507/507/507 504/504/504
f 486/486/486 510/510/510 508/508/508
f 474/474/474 659/659/659 516/516/516
f 472/472/472 471/471/471 515/515/515
f 486/486/486 484/484/484 472/472/472
f 481/481/481 483/483/483 490/490/490
f 515/515/515 471/471/471 481/481/481
f 480/480/480 479/479/479 511/511/511
f 493/493/493 494/494/494 489/489/489
f 488/488/488 484/484/484 479/479/479
f 505/505/505 487/487/487 515/515/515
f 489/489/489 494/494/494 476/476/476
f 586/586/586 592/592/592 587/587/587
f 589/589/589 630/630/630 590/590/590
f 592/592/592 597/597/597 593/593/593
f 595/595/595 589/589/589 591/591/591
f 586/586/586 598/598/598 597/597/597
f 598/598/598 664/664/664 599/599/599
f 600/600/600 588/588/588 587/587/587
f 602/602/602 631/631/631 603/603/603
f 601/601/601 587/587/587 605/605/605
f 599/599/599 665/665/665 593/593/593
f 607/607/607 666/666/666 608/608/608
f 593/593/593 667/667/667 610/610/610
f 611/611/611 615/615/615 612/612/612
f 614/614/614 632/632/632 615/615/615
f 581/581/581 668/668/668 607/607/607
f 602/602/602 604/604/604 616/616/616
f 618/618/618 602/602/602 617/617/617
f 620/620/620 631/631/631 602/602/602
f 617/617/617 616/616/616 621/621/621
f 623/623/623 625/625/625 612/612/612
f 624/624/624 621/621/621 623/623/623
f 621/621/621 616/616/616 623/623/623
f 625/625/625 623/623/623 626/626/626
f 626/626/626 603/603/603 600/600/600
f 615/615/615 628/628/628 624/624/624
f 622/622/622 621/621/621 624/624/624
f 628/628/628 632/632/632 619/619/619
f 623/623/623 604/604/604 603/603/603
f 589/589/589 601/601/601 606/606/606
f 629/629/629 586/586/586 588/588/588
f 603/603/603 631/631/631 588/588/588
f 608/608/608 664/664/664 598/598/598
f 629/629/629 609/609/609 598/598/598
f 626/626/626 595/595/595 596/596/596
f 605/605/605 594/594/594 610/610/610
f 601/601/601 589/589/589 595/595/595
f 620/620/620 581/581/581 629/629/629
f 605/605/605 587/587/587 592/592/592
f 468/468/468 469/469/469 584/584/584
