# Static bind-pose geometry from 0 A.D. PSMD v4
# Y-up, original orientation, uniform scale 8; no skinning or attachments
o base
g base
usemtl base
v 1.62254965 17.2518158 -5.96328402
v 4.55240059 18.8826237 -7.78790617
v 1.73086238 17.2861843 -8.24835968
v 1.54151356 31.1139126 -3.73213196
v 4.0727334 29.708849 -3.76094794
v 3.8518641 30.3300323 -0.605888307
v 1.60498476 40.4843369 -24.6662407
v 2.35142398 38.8688316 -24.5386639
v 2.02068329 40.0976334 -23.5882168
v 5.06413031 26.10812 -9.40875244
v 6.3513298 24.8238316 -10.489192
v 5.74412489 24.7544804 -8.76700783
v 5.9759202 25.9265919 -3.68032074
v 5.07784081 27.7069111 -6.83206558
v 5.6929903 25.2300396 -6.68708944
v 4.09382248 19.1614399 -3.79337668
v 5.66312408 21.1551991 -5.99167681
v 4.79016256 18.8109112 -5.87769508
v 5.64945602 21.6767197 -3.79288721
v 5.64202499 22.9481754 -8.7355442
v 5.63881445 20.9243126 -9.72896004
v 2.20245767 42.3347511 -24.2967606
v 1.90912724 42.3400574 -23.5653515
v 2.20385671 42.9271584 -23.9366074
v 4.24783182 19.2351437 -10.3861122
v 1.61067522 31.0809841 -5.39063835
v 4.26152658 29.4885845 -5.45032167
v 3.4479208 9.4363842 -11.4777603
v 2.83735204 5.19406176 -11.2188644
v 2.89902568 9.46897602 -11.3014002
v 1.52699757 31.1993847 -7.51065063
v 3.68048072 29.6689529 -9.16135216
v 4.06473827 29.3960724 -7.69324064
v 1.43476474 33.5865746 -30.2519684
v 0.679021299 33.1931114 -31.6133289
v 0.717270792 32.7602654 -31.2588711
v 1.93512559 14.5416956 -11.9502401
v 1.85726476 11.7954245 -13.2029037
v 1.90859675 14.7388964 -13.9847755
v 3.62190008 2.0729847 -12.662672
v 3.91198564 2.0389905 -13.6989918
v 3.87486887 1.54912317 -12.5935678
v 0.728146017 17.3624401 -13.5689363
v 0 18.0257282 -16.8312721
v 0 17.1352634 -13.2513199
v 3.24642491 14.6527281 -11.4800158
v 1.63925755 16.5114231 -12.0683842
v 3.46855283 16.9787369 -10.6756001
v 2.04382563 37.9890327 -26.8871765
v 1.97821522 38.5903511 -26.8116322
v 1.89701605 38.1023445 -27.1567993
v 1.74945438 41.4989052 -24.3909512
v 2.12477207 41.8200722 -23.784544
v 1.99688482 41.9430733 -24.3054962
v 6.73058081 25.5894241 -13.8649445
v 5.37790632 26.6225357 -15.0718164
v 5.70573902 25.2772236 -15.8973598
v 5.70573902 25.2772236 -15.8973598
v 5.37790632 26.6225357 -15.0718164
v 3.65822411 26.2576885 -17.8204479
v 4.95982409 27.7778397 -13.9733276
v 5.44906569 27.4515362 -10.6941118
v 5.06413031 26.10812 -9.40875244
v 4.06136322 14.92696 -11.6763601
v 1.07471204 17.3838482 -11.7748804
v 4.24783182 19.2351437 -10.3861122
v 3.30156159 5.16650009 -11.3680162
v 2.83047032 4.25100088 -11.2133684
v 1.0170536 37.0176163 -16.4711914
v 1.97411835 37.2326813 -18.9481831
v 2.2170136 35.9012642 -17.4822407
v 2.02190089 42.6357841 -24.2672634
v 2.29655528 43.1770554 -24.5518169
v 2.50795269 34.2952805 -15.9167356
v 2.53549671 34.3411102 -18.7371197
v 2.91535449 32.5676498 -17.2634563
v 1.4368192 38.5451202 -27.9136238
v 1.08483684 34.3107033 -30.86516
v 1.06521118 33.8797188 -31.8766556
v 0.667503774 34.364521 -32.1703606
v 0.145918801 33.7956963 -31.9179115
v 0.338721186 34.3111534 -30.9810314
v 5.63881445 20.9243126 -9.72896004
v 5.64202499 22.9481754 -8.7355442
v 6.25288725 22.523344 -10.0767841
v 6.62988901 21.0596962 -14.8718557
v 6.94969845 23.2612324 -13.6472397
v 6.09992552 23.4368 -15.2783918
v 3.13897681 14.6500959 -14.7684402
v 3.53550792 11.819808 -13.9625282
v 4.04776144 14.8500319 -14.8805599
v 5.40356064 23.7149353 -16.2380791
v 1.67763436 16.8846951 -14.5336237
v 2.16771126 18.4622803 -16.5770569
v 0.728146017 17.3624401 -13.5689363
v 5.07273102 22.0335197 -16.7483521
v 3.75782967 19.8589687 -16.5562477
v 5.6994977 20.4683685 -16.3335609
v 3.56763363 17.7698002 -15.9841518
v 4.98275423 18.235672 -10.0789843
v 6.53017282 21.3157997 -11.7774401
v 3.60925198 5.16464663 -11.9297361
v 3.35018086 4.24180317 -11.3829203
v 1.97282159 1.91959357 -12.3534803
v 2.81822729 1.19168639 -11.6876001
v 1.63574803 1.34085035 -12.1737442
v 0 35.9330254 -14.4664564
v 1.11549842 35.5592499 -14.8104
v 2.50811028 2.19579124 -14.1510963
v 3.42958713 1.89053845 -14.4162722
v 3.45675111 2.25742722 -14.1856403
v 1.5869 35.5574417 -28.0415363
v 1.00585842 35.6634483 -29.7700958
v 1.3253448 34.7854309 -29.0202312
v 3.42667198 0.852742374 -12.2735519
v 3.4536767 1.23991358 -11.8895435
v 1.76753354 1.60479522 -13.789464
v 1.65927756 -0.00901794434 -12.8857117
v 1.37193763 0.122686319 -15.2203999
v 2.85184646 3.25354791 -11.7326956
v 3.8611424 1.66794717 -13.962224
v 3.87990069 0.0118179284 -13.310008
v 3.82595682 1.16831756 -12.9306402
v 2.87339449 11.8592319 -11.1244717
v 1.78721118 11.7538319 -11.6518879
v 2.3660872 37.5346642 -25.4492168
v 2.22702241 36.2088623 -27.0850964
v 1.82143438 41.1659775 -23.6319523
v 1.6197176 39.4496803 -21.9394474
v 1.17566085 41.2792091 -23.0022888
v 2.42591524 39.0636864 -26.0102482
v 1.32287443 41.4853592 -25.5393753
v 1.29896963 42.8321114 -24.0368729
v 1.63487756 42.9864311 -24.2326393
v 1.76981521 43.7434654 -24.1409035
v 2.02190089 42.6357841 -24.2672634
v 2.00425839 44.4330788 -24.721632
v 1.43655121 41.8347206 -23.3773918
v 0 41.6512413 -22.9988956
v 1.74945438 41.4989052 -24.3909512
v 1.41322875 41.7242165 -25.1200962
v 1.16852558 41.9965858 -24.242712
v 1.58202481 41.9935455 -24.2872963
v 4.30659533 0.11737632 -15.3962002
v 1.56769919 42.5665436 -23.5709915
v 1.43655121 41.8347206 -23.3773918
v 1.16852558 41.9965858 -24.242712
v 1.06474161 41.9251747 -23.8953915
v 0 41.6129189 -24.7076168
v 1.42107999 34.9500542 -25.989624
v 1.90859675 14.7388964 -13.9847755
v 2.54882956 11.7755518 -13.9030724
v 3.53519368 11.819808 -11.3379917
v 0 17.2861843 -8.24498367
v 1.07471204 17.3838482 -11.7748804
v 0 17.6361923 -11.5787363
v 3.69465995 4.32036161 -12.0068884
v 3.24825048 3.26709366 -11.8615036
v 1.95607436 37.2177048 -21.4428883
v 2.14697433 35.8560066 -20.0906162
v 5.7515378 18.4447117 -11.9476881
v 4.19326735 23.7374249 -18.0851593
v 5.40356064 23.7149353 -16.2380791
v 1.06994486 34.0481262 -27.3192959
v 1.87668002 29.4875927 -20.0159607
v 0 31.1185284 -21.4294472
v 0 29.0054646 -20.1741848
v 0 34.4746552 -12.8056717
v 1.31013763 34.100872 -13.149704
v 6.79951286 25.2730408 -11.8626804
v 6.74441051 23.0057602 -11.9639597
v 3.66680312 10.908824 -11.0117998
v 2.85464883 10.9570398 -10.7508564
v 1.49064243 10.8375196 -11.3961515
v 2.0249064 9.37455177 -11.7375278
v 0 41.4853592 -25.5393753
v 1.13288963 40.114872 -27.5001602
v 2.15558553 38.1152496 -26.2832642
v 1.92676556 39.1392555 -26.9926968
v 2.28915524 38.4369202 -25.7628002
v 2.79871988 37.8458176 -23.8802166
v 5.74412489 24.7544804 -8.76700783
v 2.49639845 37.3603058 -22.5299683
v 1.34890556 34.4347191 -23.5887527
v 0.679021299 33.1931114 -31.6133289
v 4.22762251 30.3233128 -15.199008
v 1.83249676 38.6104965 -20.3581524
v 3.78437209 21.6724644 -18.3503284
v 3.75782967 19.8589687 -16.5562477
v 5.07273102 22.0335197 -16.7483521
v 2.11707211 26.9856396 -19.1880474
v 1.65927756 -0.00901794434 -12.8857117
v 2.83635354 0.0432949029 -12.4277515
v 2.90507269 0.0164737683 -13.7237759
v 3.39178872 0.0662479326 -16.1088238
v 2.56658959 0.0243492089 -16.0603848
v 3.38911438 0.0101528158 -12.6130161
v 5.44906569 27.4515362 -10.6941118
v 1.58202481 41.9935455 -24.2872963
v 5.79529524 26.441576 -0.373617113
v 1.84106565 18.3113041 -0.626972139
v 1.73180723 17.7815609 -3.29512811
v 4.95982409 27.7778397 -13.9733276
v 3.12206316 32.429657 -14.1103678
v 5.7933774 18.1972637 -14.7749996
v 4.5288682 14.8197756 -12.6538076
v 0 17.2515354 -5.96629906
v 3.81783509 30.1091518 -11.2423038
v 5.60635996 28.1216316 -11.9878397
v 3.72501683 4.44712782 -12.987608
v 3.51099682 3.40158486 -12.3219442
v 0 32.5320625 -10.1909676
v 0 31.5731602 -7.16591978
v 5.60635996 28.1216316 -11.9878397
v 1.51586318 32.1582794 -10.5363359
v 1.34380484 31.4446716 -21.3701916
v 2.10999846 24.3841114 -18.9350471
v 0 26.8924007 -18.9218636
v 0 24.4590073 -18.9451046
v 1.70350075 1.9785856 -13.5146084
v 2.02272153 2.38927674 -13.3409996
v 2.09125757 21.7592888 -19.0144634
v 2.16771126 18.4622803 -16.5770569
v 2.51696968 10.8575602 -14.0955839
v 3.45057607 9.4363842 -13.6471357
v 3.63749671 10.9076004 -14.1623917
v 0.99130559 38.3269615 -17.8959446
v 0 39.9335022 -19.1978397
v 1.05234635 39.5597191 -19.5417843
v 0.728146017 17.3624401 -13.5689363
v 1.08217919 33.2645836 -22.432888
v 0 34.3677292 -23.5056324
v 0 32.8844223 -22.4066963
v 0 37.3913918 -16.1272488
v 1.702672 10.8887119 -13.3042564
v 2.6311481 9.3998003 -13.59828
v 1.15621281 41.0414543 -21.8936329
v 0 41.4152336 -21.5496883
v 1.38605285 34.1834259 -24.771656
v 4.90662479 17.7982712 -16.2156639
v 0 34.4183769 -25.9889526
v 0 33.6535606 -24.7277126
v 1.58202481 41.9935455 -24.2872963
v 0.900481582 33.4529686 -28.6303196
v 0 37.7771835 -29.4398003
v 0 40.114872 -27.5001602
v 1.268924 36.6957359 -28.8003922
v 0.788801134 36.2066383 -30.3255672
v 0.980821609 37.4571457 -29.3127193
v 0 36.5574799 -30.5056801
v 0.145918801 33.7956963 -31.9179115
v 0 33.0895691 -31.7498474
v 0.965463221 32.0296555 -30.3441677
v 0 32.6086159 -31.5578804
v 0 31.7894402 -29.9246006
v 0 22.0256233 -18.9659367
v 5.8130374 22.3712082 -0.533319414
v 0.667503774 34.364521 -32.1703606
v 0 33.7648811 -31.8757591
v 3.97191525 11.817152 -12.1417437
v 4.60265017 15.0028963 -14.1972561
v 4.00904942 11.817152 -13.4053116
v 0 33.3925743 -27.3075752
v 1.67763436 16.8846951 -14.5336237
v 3.64923525 2.4337616 -13.4768
v 1.86335921 4.25479031 -11.62924
v 2.11419749 3.30661035 -12.0454483
v 4.13133764 10.9045916 -12.1040716
v 4.17487288 10.9045916 -13.5323277
v 3.84380484 9.4341917 -13.1863756
v 3.81174326 9.4341917 -12.1419601
v 1.702672 10.8887119 -13.3042564
v 2.08343124 9.40892792 -13.0196161
v 2.08343124 9.40892792 -13.0196161
v 2.61080408 5.13556099 -13.1613684
v 3.30380726 5.16650009 -13.2026882
v 3.63636708 5.16464663 -12.8130083
v 2.02301931 5.17887497 -12.6719837
v 1.97352326 5.14979935 -11.5876961
v 3.35269523 4.50511503 -13.4200077
v 1.91877282 4.44268942 -12.8289843
v 2.15646315 3.59295845 -12.9263124
v 2.57683444 4.46483374 -13.3785763
v 2.15646315 3.59295845 -12.9263124
v 2.65839028 3.67598319 -13.3375521
v 1.91877282 4.44268942 -12.8289843
v 3.31396246 2.59463692 -13.8352079
v 3.25016713 3.71132326 -13.3638878
v 2.02272153 2.38927674 -13.3409996
v 2.61530328 2.54924393 -13.8097677
v 2.84369993 1.80973601 -11.9954395
v 1.70330405 0.957503974 -12.5395679
v 1.06474161 41.9251747 -23.8953915
v 0 41.8907356 -23.7670002
v 2.82427669 0.800561607 -12.0837603
v 3.53415036 3.61545205 -13.0452404
v 1.76753354 1.60479522 -13.789464
v 2.53029037 1.8310312 -14.38552
v 3.31169748 1.84525442 -12.1441679
v 3.39178872 0.0662479326 -16.1088238
v 3.38911438 0.0101528158 -12.6130161
v 1.37193763 0.122686319 -15.2203999
v 2.56658959 0.0243492089 -16.0603848
v 2.83635354 0.0432949029 -12.4277515
v 0 18.3041763 -0.590566576
v 0 17.7778568 -3.27843285
v 0 34.7661362 -31.8834724
v 1.82143438 41.1659775 -23.6319523
v 0 33.0337296 -28.0195599
v 0.924420774 32.1468163 -28.9022236
v 0 31.906601 -28.4813919
v 1.06521118 33.8797188 -31.8766556
v 4.30659533 0.11737632 -15.3962002
v 3.87990069 0.0118179284 -13.310008
v 1.37193763 0.122686319 -15.2203999
v 3.92934561 20.0011196 -0.590566576
v 1.54151356 31.5706959 -0.590566576
v 0 31.5706959 -0.590566576
v 0 31.0809841 -5.39056778
v 2.15844488 19.2522717 3.23024321
v 0 20.1837597 6.95838165
v 2.47582412 20.1932487 7.08746004
v 4.28661585 31.3685112 5.81476307
v 5.10454702 27.1528969 2.77652407
v 5.7966609 27.433672 6.1880455
v 4.12208414 20.8737831 2.60943198
v 2.42258883 1.8310312 11.5107679
v 1.31032324 0.122686319 10.727376
v 2.50497532 0.0243492089 9.88739967
v 2.85438728 22.9203606 15.0621758
v 1.28991926 22.786808 14.3434324
v 1.33551514 24.3264236 15.6888237
v 1.31032324 0.122686319 10.727376
v 2.83846474 0.0164737683 12.2182159
v 2.50497532 0.0243492089 9.88739967
v 0 32.2481422 2.58432555
v 1.79294324 32.9255905 5.75921822
v 1.66722798 32.2481422 2.58432555
v 2.92680645 31.7118244 2.60799837
v 1.58472002 0.957503974 13.3446321
v 2.7537241 0.0432949029 13.4956961
v 1.58595443 -0.00901794434 13.0485039
v 1.54315126 12.03508 14.1253519
v 2.60141611 10.9864798 15.31812
v 1.80555761 10.2102156 13.9889517
v 5.97784567 17.7797432 9.84902382
v 4.47260141 15.2155838 11.9540644
v 5.87221432 18.1698952 11.9445276
v 3.40229368 18.4612808 14.0323601
v 1.30097926 18.2485523 13.2829285
v 4.78329897 31.2883129 8.57237625
v 5.84328318 29.520216 8.54494381
v 4.39973021 29.9924393 11.6923523
v 3.1747911 25.3681431 15.520752
v 3.50723124 3.463732 13.2138481
v 3.47292566 2.4337616 12.3432636
v 3.4331305 2.0729847 13.1435442
v 5.10169744 18.3494797 13.1274481
v 3.46696806 16.2614079 13.5969601
v 4.45220232 18.5643368 13.705472
v 1.28991926 22.786808 14.3434324
v 0 24.3701916 15.1652555
v 1.33551514 24.3264236 15.6888237
v 3.6714704 4.34774542 13.5289516
v 3.11980963 3.30674171 13.7902956
v 2.93706727 4.18734741 14.3012877
v 1.67978561 11.6979361 12.8444481
v 2.03166962 10.195488 12.9849682
v 2.47582412 20.1932487 7.08746004
v 5.35150576 17.52104 8.13167191
v 5.59722662 21.3864803 6.26078653
v 6.87035036 24.5176487 11.8848
v 6.33207703 23.1939125 13.6655922
v 5.89854145 25.0153599 13.7745438
v 4.30646706 13.2643995 13.7523355
v 4.17390299 15.6869278 13.0645437
v 4.56969738 12.1332636 14.0919437
v 3.98654795 10.1634636 13.2088556
v 3.86182642 10.1730804 14.0964003
v 2.54012489 3.28003931 14.04076
v 1.85116804 4.27527618 13.9117756
v 2.48436642 4.22033691 14.4984636
v 3.30279756 1.23991358 13.9587679
v 2.70273447 0.800561607 13.7971439
v 2.66081834 1.19168639 14.1534643
v 3.52466726 5.18583107 12.9281521
v 3.35106397 4.60466385 12.179328
v 3.82140875 4.49558496 12.7987118
v 1.48233283 1.34085035 13.671752
v 3.11722398 1.84525442 13.6557035
v 3.664644 11.1193361 11.7936563
v 4.62260103 11.8101444 12.7677841
v 6.32053995 23.8001289 5.82889223
v 6.85981274 22.26544 8.58169556
v 7.06576395 24.2159042 8.56342411
v 4.31011534 23.5112476 14.6144876
v 4.84639215 25.2677689 14.5945845
v 1.60183358 20.6359444 9.25627232
v 1.99679923 17.2765522 8.58648014
v 2.62288165 16.2548008 13.7142639
v 1.71953201 13.1857281 13.7830563
v 1.56418884 15.1970797 12.1612644
v 2.64259434 1.80973601 13.7970724
v 1.77521598 1.91959357 13.4429197
v 5.84328318 29.520216 8.54494381
v 6.47926903 27.5437832 11.802824
v 4.39973021 29.9924393 11.6923523
v 2.55388474 4.61237383 12.1574001
v 3.23598409 3.79176879 12.3388958
v 3.55969119 3.6274569 12.7042398
v 2.82633996 4.9917984 14.1446476
v 3.11106968 10.7955923 15.1308556
v 1.55215681 1.9785856 12.3331919
v 1.83205199 2.38927674 12.4631042
v 2.14129829 3.67550635 12.6684322
v 2.43788075 2.54924393 12.0090561
v 2.62381911 3.81074572 12.3253279
v 3.75489998 1.66794717 11.935688
v 3.8126905 0.0118179284 12.6312962
v 3.71162963 1.16831756 12.9582882
v 3.32549047 1.89053845 11.484024
v 4.24497938 0.11737632 10.5515842
v 2.05267119 3.36233521 13.6159039
v 2.14129829 3.67550635 12.6684322
v 5.7966609 27.433672 6.1880455
v 6.87339354 27.7521114 8.51956844
v 1.58595443 -0.00901794434 13.0485039
v 2.7537241 0.0432949029 13.4956961
v 3.33017445 0.0662479326 9.83895206
v 3.31203675 0.0101528158 13.316864
v 2.16271353 32.789856 8.65702438
v 1.60183358 20.6359444 9.25627232
v 0 32.789856 8.65702438
v 0 32.9255905 5.75921822
v 0.968711197 17.5001202 10.2669125
v 6.90569353 22.8485279 11.944912
v 2.58906388 12.4529362 15.8041763
v 2.47352481 5.03253365 14.2968798
v 3.77579355 2.0389905 12.1656399
v 3.72696567 1.54912317 13.2580557
v 3.9746592 14.74576 9.68808842
v 4.51956654 14.9616718 10.6154156
v 3.23956156 13.6072245 15.2610321
v 2.62720728 13.6636877 15.5125761
v 3.479388 12.3717842 15.5578318
v 3.51191998 12.4530563 11.7199516
v 4.35511589 12.9672718 12.534688
v 1.65666163 14.8371363 10.8823681
v 2.45367122 12.4909201 11.8318005
v 2.28618407 14.6629524 10.0892076
v 3.37696171 10.3176956 12.5021677
v 2.53911042 5.27685213 12.4320164
v 3.16038561 5.27088022 12.4478321
v 1.67978561 11.6979361 12.8444481
v 2.14839196 11.1968803 11.9626484
v 0 21.4915199 11.9643841
v 1.20292878 21.4477596 12.4879522
v 0 22.8305759 13.8198643
v 0.968711197 17.5001202 10.2669125
v 1.84517515 12.8757038 12.6051836
v 1.65666163 14.8371363 10.8823681
v 3.40427208 5.07053375 13.4946404
v 2.03166962 10.195488 12.9849682
v 2.22051287 10.4120235 12.5242958
v 1.98539197 4.50262499 12.5956879
v 2.09360313 5.19122744 12.77244
v 1.98539197 4.50262499 12.5956879
v 2.09360313 5.19122744 12.77244
v 3.14118242 2.59463692 11.9887676
v 3.3102839 0.852742374 13.6130877
v 1.83205199 2.38927674 12.4631042
v 2.37008309 2.19579124 11.7114964
v 3.3239255 2.25742722 11.6827278
v 1.64968801 1.60479522 12.0955524
v 1.64968801 1.60479522 12.0955524
v 1.31032324 0.122686319 10.727376
v 3.33017445 0.0662479326 9.83895206
v 3.31203675 0.0101528158 13.316864
v 4.24497938 0.11737632 10.5515842
v 3.8126905 0.0118179284 12.6312962
v 1.95454395 5.05077744 13.6272802
v 5.59722662 21.3864803 6.26078653
v 6.32053995 23.8001289 5.82889223
v 5.53476334 23.1646156 2.67324233
v 0 19.2439671 3.18390727
v 1.99975514 18.7817917 1.30163515
v 0 18.7740726 1.29667044
v 3.981004 30.7521992 2.76235437
v 1.20292878 21.4477596 12.4879522
v 1.60183358 20.6359444 9.25627232
v 2.31639838 32.1708946 12.2377195
v 0 32.1708946 12.2377195
v 2.00304151 26.1031914 15.8442001
v 0 25.3886089 15.33076
v 0 26.4611282 15.33076
v 0 28.4173031 15.4647923
v 0.804008782 29.7954884 15.8680077
v 1.15640879 30.3519764 14.218256
v 2.63482809 28.4505043 15.1342402
v 3.98911834 28.1264801 14.7872324
v 4.48365259 26.5282726 14.7954884
v 1.28896642 28.3752155 15.4431438
v 1.15640879 30.3519764 14.218256
v 0 28.4173031 15.4647923
v 2.40934324 30.0919285 14.1724081
v 5.44165659 27.2001591 13.7390804
v 3.98911834 28.1264801 14.7872324
v 0.804008782 29.7954884 15.8680077
v 0 30.4136562 15.9339676
v 0 28.4562244 16.2227688
v 2.00304151 26.1031914 15.8442001
v 0.318490475 22.0766315 17.9232483
v 0 19.7590809 18.2741203
v 0 22.1451511 18.2547035
v 0 29.5475845 16.9847527
v 0 30.4136562 15.9339676
v 0 26.9276314 17.3108234
v 0.386228085 24.6445446 18.0525036
v 0.391963452 27.0667439 17.9401436
v 0.285111845 17.3038235 18.1838398
v 0 14.6317196 18.2208958
v 0.265953511 14.6335115 18.6228161
v 0 24.6041431 18.3619995
v 0 14.7519035 18.8464088
v 0 17.3382874 18.4443684
v 0 11.1713438 19.5274715
v 0 19.6397285 17.4870567
v 0.311326951 19.6710796 17.9581757
v 0.519004822 28.5440712 17.2365685
v 0 28.6065121 17.6273041
v 0 22.0577049 17.4552402
v 0.81849438 29.2204323 16.6290169
v 0 28.1223125 16.7659283
v 0 27.028511 18.2330799
v 0 24.4975605 17.3875999
v 0 31.4811916 13.6504641
v -1.62254965 17.2518158 -5.96328402
v -4.55240059 18.8826237 -7.78790617
v -4.79016256 18.8109112 -5.87769508
v -1.54151356 31.1139126 -3.73213196
v -3.8518641 30.3300323 -0.605888307
v -4.0727334 29.708849 -3.76094794
v -2.35142398 38.8688316 -24.5386639
v -1.60498476 40.4843369 -24.6662407
v -2.02068329 40.0976334 -23.5882168
v -5.06413031 26.10812 -9.40875244
v -5.74412489 24.7544804 -8.76700783
v -6.3513298 24.8238316 -10.489192
v -5.9759202 25.9265919 -3.68032074
v -5.6929903 25.2300396 -6.68708944
v -5.07784081 27.7069111 -6.83206558
v -4.09382248 19.1614399 -3.79337668
v -5.66312408 21.1551991 -5.99167681
v -5.64945602 21.6767197 -3.79288721
v -5.63881445 20.9243126 -9.72896004
v -5.64202499 22.9481754 -8.7355442
v -2.20245767 42.3347511 -24.2967606
v -1.90912724 42.3400574 -23.5653515
v -2.12477207 41.8200722 -23.784544
v -4.24783182 19.2351437 -10.3861122
v -4.26152658 29.4885845 -5.45032167
v -1.61067522 31.0809841 -5.39063835
v -3.4479208 9.4363842 -11.4777603
v -2.83735204 5.19406176 -11.2188644
v -3.30156159 5.16650009 -11.3680162
v -1.52699757 31.1993847 -7.51065063
v -4.06473827 29.3960724 -7.69324064
v -3.68048072 29.6689529 -9.16135216
v -1.43476474 33.5865746 -30.2519684
v -0.679021299 33.1931114 -31.6133289
v -1.08483684 34.3107033 -30.86516
v -1.93512559 14.5416956 -11.9502401
v -1.85726476 11.7954245 -13.2029037
v -1.78721118 11.7538319 -11.6518879
v -3.62190008 2.0729847 -12.662672
v -3.91198564 2.0389905 -13.6989918
v -3.64923525 2.4337616 -13.4768
v -0.728146017 17.3624401 -13.5689363
v -2.16771126 18.4622803 -16.5770569
v -3.24642491 14.6527281 -11.4800158
v -1.63925755 16.5114231 -12.0683842
v -2.04382563 37.9890327 -26.8871765
v -1.89701605 38.1023445 -27.1567993
v -1.97821522 38.5903511 -26.8116322
v -1.74945438 41.4989052 -24.3909512
v -1.82143438 41.1659775 -23.6319523
v -6.73058081 25.5894241 -13.8649445
v -5.70573902 25.2772236 -15.8973598
v -5.37790632 26.6225357 -15.0718164
v -5.70573902 25.2772236 -15.8973598
v -3.65822411 26.2576885 -17.8204479
v -5.37790632 26.6225357 -15.0718164
v -4.95982409 27.7778397 -13.9733276
v -5.44906569 27.4515362 -10.6941118
v -5.06413031 26.10812 -9.40875244
v -3.46855283 16.9787369 -10.6756001
v -4.06136322 14.92696 -11.6763601
v -1.07471204 17.3838482 -11.7748804
v -4.24783182 19.2351437 -10.3861122
v -2.83047032 4.25100088 -11.2133684
v -3.35018086 4.24180317 -11.3829203
v -1.97411835 37.2326813 -18.9481831
v -1.0170536 37.0176163 -16.4711914
v -2.2170136 35.9012642 -17.4822407
v -2.02190089 42.6357841 -24.2672634
v -2.29655528 43.1770554 -24.5518169
v -2.50795269 34.2952805 -15.9167356
v -2.53549671 34.3411102 -18.7371197
v -1.4368192 38.5451202 -27.9136238
v -1.06521118 33.8797188 -31.8766556
v -0.667503774 34.364521 -32.1703606
v -0.338721186 34.3111534 -30.9810314
v -0.145918801 33.7956963 -31.9179115
v -5.63881445 20.9243126 -9.72896004
v -6.25288725 22.523344 -10.0767841
v -5.64202499 22.9481754 -8.7355442
v -6.62988901 21.0596962 -14.8718557
v -6.09992552 23.4368 -15.2783918
v -6.94969845 23.2612324 -13.6472397
v -3.13897681 14.6500959 -14.7684402
v -3.53550792 11.819808 -13.9625282
v -2.54882956 11.7755518 -13.9030724
v -5.40356064 23.7149353 -16.2380791
v -1.67763436 16.8846951 -14.5336237
v -0.728146017 17.3624401 -13.5689363
v -2.16771126 18.4622803 -16.5770569
v -5.07273102 22.0335197 -16.7483521
v -5.6994977 20.4683685 -16.3335609
v -3.75782967 19.8589687 -16.5562477
v -3.56763363 17.7698002 -15.9841518
v -4.98275423 18.235672 -10.0789843
v -6.53017282 21.3157997 -11.7774401
v -6.74441051 23.0057602 -11.9639597
v -3.60925198 5.16464663 -11.9297361
v -1.97282159 1.91959357 -12.3534803
v -2.81822729 1.19168639 -11.6876001
v -2.84369993 1.80973601 -11.9954395
v -2.50811028 2.19579124 -14.1510963
v -3.42958713 1.89053845 -14.4162722
v -2.53029037 1.8310312 -14.38552
v -1.5869 35.5574417 -28.0415363
v -1.00585842 35.6634483 -29.7700958
v -1.268924 36.6957359 -28.8003922
v -3.87486887 1.54912317 -12.5935678
v -3.42667198 0.852742374 -12.2735519
v -3.82595682 1.16831756 -12.9306402
v -1.76753354 1.60479522 -13.789464
v -1.37193763 0.122686319 -15.2203999
v -1.65927756 -0.00901794434 -12.8857117
v -2.85184646 3.25354791 -11.7326956
v -3.24825048 3.26709366 -11.8615036
v -3.8611424 1.66794717 -13.962224
v -3.87990069 0.0118179284 -13.310008
v -2.87339449 11.8592319 -11.1244717
v -2.3660872 37.5346642 -25.4492168
v -2.22702241 36.2088623 -27.0850964
v -1.82143438 41.1659775 -23.6319523
v -1.17566085 41.2792091 -23.0022888
v -1.6197176 39.4496803 -21.9394474
v -2.42591524 39.0636864 -26.0102482
v -1.32287443 41.4853592 -25.5393753
v -1.99688482 41.9430733 -24.3054962
v -1.29896963 42.8321114 -24.0368729
v -1.76981521 43.7434654 -24.1409035
v -1.63487756 42.9864311 -24.2326393
v -2.00425839 44.4330788 -24.721632
v -2.02190089 42.6357841 -24.2672634
v -1.43655121 41.8347206 -23.3773918
v -1.74945438 41.4989052 -24.3909512
v -1.41322875 41.7242165 -25.1200962
v -1.16852558 41.9965858 -24.242712
v -1.58202481 41.9935455 -24.2872963
v -4.30659533 0.11737632 -15.3962002
v -3.39178872 0.0662479326 -16.1088238
v -2.20385671 42.9271584 -23.9366074
v -1.56769919 42.5665436 -23.5709915
v -1.43655121 41.8347206 -23.3773918
v -1.16852558 41.9965858 -24.242712
v -1.06474161 41.9251747 -23.8953915
v -1.42107999 34.9500542 -25.989624
v -1.90859675 14.7388964 -13.9847755
v -1.85726476 11.7954245 -13.2029037
v -3.53519368 11.819808 -11.3379917
v -1.07471204 17.3838482 -11.7748804
v -1.73086238 17.2861843 -8.24835968
v -3.69465995 4.32036161 -12.0068884
v -3.51099682 3.40158486 -12.3219442
v -1.95607436 37.2177048 -21.4428883
v -1.83249676 38.6104965 -20.3581524
v -5.7515378 18.4447117 -11.9476881
v -4.19326735 23.7374249 -18.0851593
v -1.87668002 29.4875927 -20.0159607
v -1.11549842 35.5592499 -14.8104
v -6.79951286 25.2730408 -11.8626804
v -3.66680312 10.908824 -11.0117998
v -1.49064243 10.8375196 -11.3961515
v -2.89902568 9.46897602 -11.3014002
v -2.85464883 10.9570398 -10.7508564
v -1.13288963 40.114872 -27.5001602
v -2.15558553 38.1152496 -26.2832642
v -1.92676556 39.1392555 -26.9926968
v -2.28915524 38.4369202 -25.7628002
v -2.79871988 37.8458176 -23.8802166
v -5.74412489 24.7544804 -8.76700783
v -2.49639845 37.3603058 -22.5299683
v -1.34890556 34.4347191 -23.5887527
v -0.679021299 33.1931114 -31.6133289
v -4.22762251 30.3233128 -15.199008
v -2.14697433 35.8560066 -20.0906162
v -3.78437209 21.6724644 -18.3503284
v -5.07273102 22.0335197 -16.7483521
v -3.75782967 19.8589687 -16.5562477
v -2.11707211 26.9856396 -19.1880474
v -1.65927756 -0.00901794434 -12.8857117
v -2.90507269 0.0164737683 -13.7237759
v -2.83635354 0.0432949029 -12.4277515
v -2.56658959 0.0243492089 -16.0603848
v -3.39178872 0.0662479326 -16.1088238
v -3.38911438 0.0101528158 -12.6130161
v -5.44906569 27.4515362 -10.6941118
v -1.58202481 41.9935455 -24.2872963
v -5.79529524 26.441576 -0.373617113
v -1.84106565 18.3113041 -0.626972139
v -3.92934561 20.0011196 -0.590566576
v -4.95982409 27.7778397 -13.9733276
v -3.12206316 32.429657 -14.1103678
v -5.7933774 18.1972637 -14.7749996
v -4.5288682 14.8197756 -12.6538076
v -4.60265017 15.0028963 -14.1972561
v -3.81783509 30.1091518 -11.2423038
v -3.72501683 4.44712782 -12.987608
v -5.60635996 28.1216316 -11.9878397
v -1.51586318 32.1582794 -10.5363359
v -2.91535449 32.5676498 -17.2634563
v -1.34380484 31.4446716 -21.3701916
v -2.10999846 24.3841114 -18.9350471
v -1.70350075 1.9785856 -13.5146084
v -1.63574803 1.34085035 -12.1737442
v -2.09125757 21.7592888 -19.0144634
v -2.51696968 10.8575602 -14.0955839
v -3.45057607 9.4363842 -13.6471357
v -2.6311481 9.3998003 -13.59828
v -0.99130559 38.3269615 -17.8959446
v 0 38.7023697 -17.5531368
v -0.728146017 17.3624401 -13.5689363
v -1.67763436 16.8846951 -14.5336237
v -1.08217919 33.2645836 -22.432888
v -1.702672 10.8887119 -13.3042564
v -2.08343124 9.40892792 -13.0196161
v -1.15621281 41.0414543 -21.8936329
v -4.04776144 14.8500319 -14.8805599
v -1.38605285 34.1834259 -24.771656
v -1.06994486 34.0481262 -27.3192959
v -1.3253448 34.7854309 -29.0202312
v -0.788801134 36.2066383 -30.3255672
v -0.980821609 37.4571457 -29.3127193
v -0.145918801 33.7956963 -31.9179115
v -0.965463221 32.0296555 -30.3441677
v -0.717270792 32.7602654 -31.2588711
v -5.40356064 23.7149353 -16.2380791
v -5.8130374 22.3712082 -0.533319414
v -0.667503774 34.364521 -32.1703606
v -1.31013763 34.100872 -13.149704
v -3.97191525 11.817152 -12.1417437
v -0.900481582 33.4529686 -28.6303196
v -4.90662479 17.7982712 -16.2156639
v -1.90859675 14.7388964 -13.9847755
v -3.53415036 3.61545205 -13.0452404
v -1.86335921 4.25479031 -11.62924
v -4.13133764 10.9045916 -12.1040716
v -4.17487288 10.9045916 -13.5323277
v -3.63749671 10.9076004 -14.1623917
v -3.84380484 9.4341917 -13.1863756
v -1.702672 10.8887119 -13.3042564
v -2.0249064 9.37455177 -11.7375278
v -4.00904942 11.817152 -13.4053116
v -3.81174326 9.4341917 -12.1419601
v -2.61080408 5.13556099 -13.1613684
v -2.02301931 5.17887497 -12.6719837
v -3.30380726 5.16650009 -13.2026882
v -3.63636708 5.16464663 -12.8130083
v -2.02301931 5.17887497 -12.6719837
v -1.97352326 5.14979935 -11.5876961
v -3.35269523 4.50511503 -13.4200077
v -2.57683444 4.46483374 -13.3785763
v -1.91877282 4.44268942 -12.8289843
v -2.11419749 3.30661035 -12.0454483
v -2.15646315 3.59295845 -12.9263124
v -1.91877282 4.44268942 -12.8289843
v -2.65839028 3.67598319 -13.3375521
v -3.31396246 2.59463692 -13.8352079
v -2.61530328 2.54924393 -13.8097677
v -1.05234635 39.5597191 -19.5417843
v -2.02272153 2.38927674 -13.3409996
v -3.31169748 1.84525442 -12.1441679
v -1.70350075 1.9785856 -13.5146084
v -3.4536767 1.23991358 -11.8895435
v -3.45675111 2.25742722 -14.1856403
v -1.70330405 0.957503974 -12.5395679
v -1.06474161 41.9251747 -23.8953915
v -2.02272153 2.38927674 -13.3409996
v -2.82427669 0.800561607 -12.0837603
v -3.25016713 3.71132326 -13.3638878
v -1.76753354 1.60479522 -13.789464
v -2.56658959 0.0243492089 -16.0603848
v -3.38911438 0.0101528158 -12.6130161
v -1.37193763 0.122686319 -15.2203999
v -2.83635354 0.0432949029 -12.4277515
v -1.73180723 17.7815609 -3.29512811
v -0.924420774 32.1468163 -28.9022236
v -1.06521118 33.8797188 -31.8766556
v -4.30659533 0.11737632 -15.3962002
v -1.37193763 0.122686319 -15.2203999
v -1.54151356 31.5706959 -0.590566576
v -5.60635996 28.1216316 -11.9878397
v -1.58202481 41.9935455 -24.2872963
v -3.87990069 0.0118179284 -13.310008
v 0 31.2430248 -3.80229998
v -2.15844488 19.2522717 3.23024321
v -2.47582412 20.1932487 7.08746004
v -4.28661585 31.3685112 5.81476307
v -5.7966609 27.433672 6.1880455
v -5.10454702 27.1528969 2.77652407
v -4.12208414 20.8737831 2.60943198
v -2.42258883 1.8310312 11.5107679
v -1.31032324 0.122686319 10.727376
v -1.64968801 1.60479522 12.0955524
v -2.85438728 22.9203606 15.0621758
v -1.33551514 24.3264236 15.6888237
v -1.28991926 22.786808 14.3434324
v -2.83846474 0.0164737683 12.2182159
v -1.31032324 0.122686319 10.727376
v -2.50497532 0.0243492089 9.88739967
v -1.66722798 32.2481422 2.58432555
v -1.79294324 32.9255905 5.75921822
v -2.92680645 31.7118244 2.60799837
v -1.58472002 0.957503974 13.3446321
v -2.7537241 0.0432949029 13.4956961
v -2.70273447 0.800561607 13.7971439
v -1.54315126 12.03508 14.1253519
v -2.60141611 10.9864798 15.31812
v -2.58906388 12.4529362 15.8041763
v -5.97784567 17.7797432 9.84902382
v -4.47260141 15.2155838 11.9540644
v -4.51956654 14.9616718 10.6154156
v -3.40229368 18.4612808 14.0323601
v -1.30097926 18.2485523 13.2829285
v -4.78329897 31.2883129 8.57237625
v -4.39973021 29.9924393 11.6923523
v -5.84328318 29.520216 8.54494381
v -3.1747911 25.3681431 15.520752
v -3.50723124 3.463732 13.2138481
v -3.47292566 2.4337616 12.3432636
v -3.55969119 3.6274569 12.7042398
v -5.10169744 18.3494797 13.1274481
v -3.46696806 16.2614079 13.5969601
v -4.17390299 15.6869278 13.0645437
v -1.28991926 22.786808 14.3434324
v -4.45220232 18.5643368 13.705472
v -4.31011534 23.5112476 14.6144876
v -3.11980963 3.30674171 13.7902956
v -3.6714704 4.34774542 13.5289516
v -2.93706727 4.18734741 14.3012877
v -1.67978561 11.6979361 12.8444481
v -1.80555761 10.2102156 13.9889517
v -2.47582412 20.1932487 7.08746004
v -5.35150576 17.52104 8.13167191
v -1.99679923 17.2765522 8.58648014
v -6.87035036 24.5176487 11.8848
v -6.33207703 23.1939125 13.6655922
v -6.90569353 22.8485279 11.944912
v -4.30646706 13.2643995 13.7523355
v -4.56969738 12.1332636 14.0919437
v -3.98654795 10.1634636 13.2088556
v -4.62260103 11.8101444 12.7677841
v -2.54012489 3.28003931 14.04076
v -1.85116804 4.27527618 13.9117756
v -2.05267119 3.36233521 13.6159039
v -3.30279756 1.23991358 13.9587679
v -3.3102839 0.852742374 13.6130877
v -3.52466726 5.18583107 12.9281521
v -3.35106397 4.60466385 12.179328
v -3.16038561 5.27088022 12.4478321
v -1.48233283 1.34085035 13.671752
v -2.66081834 1.19168639 14.1534643
v -3.4331305 2.0729847 13.1435442
v -3.664644 11.1193361 11.7936563
v -3.37696171 10.3176956 12.5021677
v -6.32053995 23.8001289 5.82889223
v -6.85981274 22.26544 8.58169556
v -5.59722662 21.3864803 6.26078653
v -4.84639215 25.2677689 14.5945845
v -1.60183358 20.6359444 9.25627232
v -0.968711197 17.5001202 10.2669125
v -2.62288165 16.2548008 13.7142639
v -1.71953201 13.1857281 13.7830563
v -2.62720728 13.6636877 15.5125761
v -2.64259434 1.80973601 13.7970724
v -5.84328318 29.520216 8.54494381
v -6.47926903 27.5437832 11.802824
v -6.87339354 27.7521114 8.51956844
v -2.55388474 4.61237383 12.1574001
v -3.23598409 3.79176879 12.3388958
v -2.62381911 3.81074572 12.3253279
v -3.82140875 4.49558496 12.7987118
v -3.86182642 10.1730804 14.0964003
v -2.82633996 4.9917984 14.1446476
v -3.40427208 5.07053375 13.4946404
v -1.77521598 1.91959357 13.4429197
v -1.83205199 2.38927674 12.4631042
v -1.55215681 1.9785856 12.3331919
v -2.14129829 3.67550635 12.6684322
v -2.43788075 2.54924393 12.0090561
v -1.83205199 2.38927674 12.4631042
v -3.75489998 1.66794717 11.935688
v -3.71162963 1.16831756 12.9582882
v -3.8126905 0.0118179284 12.6312962
v -3.32549047 1.89053845 11.484024
v -4.24497938 0.11737632 10.5515842
v -3.33017445 0.0662479326 9.83895206
v -5.7966609 27.433672 6.1880455
v -1.58595443 -0.00901794434 13.0485039
v -2.7537241 0.0432949029 13.4956961
v -3.33017445 0.0662479326 9.83895206
v -3.31203675 0.0101528158 13.316864
v -2.16271353 32.789856 8.65702438
v -1.60183358 20.6359444 9.25627232
v 0 20.6797123 8.58169556
v -7.06576395 24.2159042 8.56342411
v -0.968711197 17.5001202 10.2669125
v -1.56418884 15.1970797 12.1612644
v -5.89854145 25.0153599 13.7745438
v -2.48436642 4.22033691 14.4984636
v -3.77579355 2.0389905 12.1656399
v -3.9746592 14.74576 9.68808842
v -3.11722398 1.84525442 13.6557035
v -3.23956156 13.6072245 15.2610321
v -3.479388 12.3717842 15.5578318
v -3.51191998 12.4530563 11.7199516
v -1.65666163 14.8371363 10.8823681
v -2.45367122 12.4909201 11.8318005
v -1.84517515 12.8757038 12.6051836
v -2.53911042 5.27685213 12.4320164
v -2.22051287 10.4120235 12.5242958
v -1.67978561 11.6979361 12.8444481
v -1.20292878 21.4477596 12.4879522
v -2.28618407 14.6629524 10.0892076
v -5.87221432 18.1698952 11.9445276
v -1.84517515 12.8757038 12.6051836
v -2.47352481 5.03253365 14.2968798
v -2.14839196 11.1968803 11.9626484
v -3.11106968 10.7955923 15.1308556
v -4.35511589 12.9672718 12.534688
v -2.03166962 10.195488 12.9849682
v -2.09360313 5.19122744 12.77244
v -2.14129829 3.67550635 12.6684322
v -2.09360313 5.19122744 12.77244
v -1.95454395 5.05077744 13.6272802
v -1.98539197 4.50262499 12.5956879
v -3.14118242 2.59463692 11.9887676
v -3.72696567 1.54912317 13.2580557
v -2.37008309 2.19579124 11.7114964
v -1.55215681 1.9785856 12.3331919
v -3.3239255 2.25742722 11.6827278
v -1.64968801 1.60479522 12.0955524
v -1.58595443 -0.00901794434 13.0485039
v -2.50497532 0.0243492089 9.88739967
v -3.31203675 0.0101528158 13.316864
v -4.24497938 0.11737632 10.5515842
v -1.98539197 4.50262499 12.5956879
v -5.59722662 21.3864803 6.26078653
v -5.53476334 23.1646156 2.67324233
v -6.32053995 23.8001289 5.82889223
v -3.8126905 0.0118179284 12.6312962
v -1.99975514 18.7817917 1.30163515
v -3.981004 30.7521992 2.76235437
v -1.20292878 21.4477596 12.4879522
v -1.60183358 20.6359444 9.25627232
v -2.31639838 32.1708946 12.2377195
v -2.00304151 26.1031914 15.8442001
v -1.33551514 24.3264236 15.6888237
v -1.15640879 30.3519764 14.218256
v -0.804008782 29.7954884 15.8680077
v -3.98911834 28.1264801 14.7872324
v -2.63482809 28.4505043 15.1342402
v -4.48365259 26.5282726 14.7954884
v -1.28896642 28.3752155 15.4431438
v -1.15640879 30.3519764 14.218256
v -2.40934324 30.0919285 14.1724081
v -5.44165659 27.2001591 13.7390804
v -4.39973021 29.9924393 11.6923523
v -3.98911834 28.1264801 14.7872324
v -0.804008782 29.7954884 15.8680077
v -2.00304151 26.1031914 15.8442001
v -0.318490475 22.0766315 17.9232483
v -0.311326951 19.6710796 17.9581757
v -0.81849438 29.2204323 16.6290169
v -0.386228085 24.6445446 18.0525036
v -0.285111845 17.3038235 18.1838398
v 0 17.2429848 17.7341366
v -0.265953511 14.6335115 18.6228161
v -0.519004822 28.5440712 17.2365685
v -0.391963452 27.0667439 17.9401436
v 1.85726476 11.7954245 -13.2029037
v 2.02301931 5.17887497 -12.6719837
v 1.70350075 1.9785856 -13.5146084
v 1.84517515 12.8757038 12.6051836
v 1.55215681 1.9785856 12.3331919
v -2.08343124 9.40892792 -13.0196161
v -2.15646315 3.59295845 -12.9263124
v -2.03166962 10.195488 12.9849682
v -1.65666163 14.8371363 10.8823681
v -1.31032324 0.122686319 10.727376
vt 0.544957697 0.961736679
vt 0.513073623 0.913605809
vt 0.500914574 0.943881221
vt 0.611316621 0.49619478
vt 0.607824087 0.545806289
vt 0.670333207 0.530465811
vt 0.124673598 0.164081991
vt 0.132964 0.219540775
vt 0.146403596 0.170082629
vt 0.305968791 0.998899162
vt 0.297217995 0.957961742
vt 0.290674895 0.995077074
vt 0.601549506 0.679963887
vt 0.545982003 0.604643613
vt 0.544283926 0.692920208
vt 0.589548707 0.919381678
vt 0.551030397 0.840109006
vt 0.549279213 0.923629351
vt 0.593624592 0.830237299
vt 0.484682113 0.790444598
vt 0.477293313 0.829998106
vt 0.0139275696 0.109561622
vt 0.00806403067 0.139167309
vt 0.0143831298 0.14571017
vt 0.461806715 0.873713896
vt 0.579613805 0.490843117
vt 0.57554853 0.546990812
vt 0.1500213 0.780036002
vt 0.100300498 0.756859407
vt 0.143597007 0.809328899
vt 0.546587408 0.466430008
vt 0.505397677 0.526080191
vt 0.532807708 0.541489899
vt 0.0445087515 0.443450928
vt 0.0204863492 0.459589481
vt 0.0285384003 0.479263484
vt 0.176890895 0.924454987
vt 0.134376898 0.930718191
vt 0.155857906 0.98196245
vt 0.0755136013 0.671116114
vt 0.0753192902 0.640617013
vt 0.0692912936 0.668007195
vt 0.405506611 0.879454799
vt 0.354830593 0.917003639
vt 0.389062613 1
vt 0.194031194 0.882633202
vt 0.192647502 0.953995291
vt 0.217778593 0.914459653
vt 0.0918984413 0.266536415
vt 0.0911315605 0.245039225
vt 0.0864029527 0.264456809
vt 0.00763368607 0.0664868951
vt 0.00705701113 0.108383
vt 0.0111959502 0.0904257894
vt 0.313891113 0.893349901
vt 0.329123706 0.873413906
vt 0.319539905 0.845068097
vt 0.391267091 0.672502309
vt 0.408679396 0.64530471
vt 0.334511608 0.612939894
vt 0.336667687 0.906274982
vt 0.4675726 0.658933312
vt 0.482794493 0.695535809
vt 0.206283003 0.856096998
vt 0.207599804 0.98319716
vt 0.236363798 0.968631931
vt 0.106551401 0.726998597
vt 0.0924116895 0.749069601
vt 0.296907008 0.212653875
vt 0.2443088 0.237780571
vt 0.276793391 0.274036109
vt 0.0259612706 0.114849329
vt 0.0206595007 0.141718924
vt 0.312162191 0.319173872
vt 0.258822113 0.337164998
vt 0.293114811 0.388765275
vt 0.0705232024 0.2542696
vt 0.0303116404 0.422453701
vt 0.0175772905 0.439631581
vt 0.0040097828 0.0107365251
vt 0.00534886122 0.0596920252
vt 0.00897318125 0.033364594
vt 0.252754301 0.964727938
vt 0.272369504 0.98435176
vt 0.27621761 0.94798756
vt 0.279877812 0.837003797
vt 0.294301897 0.8793796
vt 0.301513404 0.842710704
vt 0.221789002 0.697766513
vt 0.190016493 0.715115905
vt 0.225573093 0.747339785
vt 0.30756411 0.820310593
vt 0.246715307 0.636623114
vt 0.283010095 0.698451012
vt 0.263408005 0.62455681
vt 0.294768214 0.792603105
vt 0.283975601 0.738381088
vt 0.279190391 0.797613606
vt 0.255298108 0.709747404
vt 0.237903506 0.912871011
vt 0.271787196 0.902484
vt 0.108964503 0.711178511
vt 0.0984870121 0.71852839
vt 0.0578499995 0.749403805
vt 0.0589227602 0.717693001
vt 0.0514556691 0.743382186
vt 0.355608612 0.17464292
vt 0.333526909 0.251983821
vt 0.0876514316 0.590791911
vt 0.0766419694 0.609166592
vt 0.0805994794 0.61635679
vt 0.0789967105 0.359361112
vt 0.0499495193 0.371619225
vt 0.0633602664 0.393083394
vt 0.0616476499 0.677485913
vt 0.0655999109 0.684597313
vt 0.0444081388 0.797934696
vt 0 0.735168815
vt 0 0.787892893
vt 0.0814013407 0.735855401
vt 0.0716766119 0.632144392
vt 0.0115753403 0.61438641
vt 0.0654781982 0.659125209
vt 0.1653869 0.842900693
vt 0.153367907 0.873623893
vt 0.12066 0.272396982
vt 0.0946529508 0.329998493
vt 0.138800606 0.126671195
vt 0.179844603 0.181231201
vt 0.158265904 0.109378278
vt 0.1045136 0.222964883
vt 0.104995802 0.146677911
vt 0.00899338722 0.188299894
vt 0.0114372903 0.204832077
vt 0.0182128493 0.189176321
vt 0.0080170026 0.211123526
vt 0.0264043808 0.208619773
vt 0.138800606 0.126671195
vt 0.160328001 0.0498862267
vt 0.138800606 0.126671195
vt 0.115750998 0.133360207
vt 0.138800606 0.126671195
vt 0.138800606 0.126671195
vt 0.0187078696 0.574734598
vt 0.007800519 0.159928024
vt 0.00142419303 0.140644491
vt 0.000674931973 0.199838996
vt 0 0.177849829
vt 0.123191603 0.064809382
vt 0.1226018 0.371056795
vt 0.227625102 0.638191909
vt 0.191813707 0.675788492
vt 0.171957105 0.812917501
vt 0.501151919 1
vt 0.428827614 0.905803449
vt 0.440440714 1
vt 0.101145901 0.702246994
vt 0.0881643221 0.704750001
vt 0.197336599 0.255628526
vt 0.227788702 0.293729424
vt 0.247471601 0.873964801
vt 0.331582397 0.691628903
vt 0.385238796 0.695762694
vt 0.0983238816 0.408534527
vt 0.246872798 0.532723188
vt 0.205594003 0.529613197
vt 0.237383902 0.586837798
vt 0.407079399 0.23213762
vt 0.380533904 0.326092422
vt 0.305201888 0.931457229
vt 0.286625594 0.912317939
vt 0.163344905 0.801604599
vt 0.156995997 0.831077501
vt 0.145400494 0.859366298
vt 0.132413194 0.836360201
vt 0.0833955407 0.105255425
vt 0.074483633 0.202140927
vt 0.102822401 0.257940173
vt 0.0857186317 0.22715199
vt 0.111461602 0.243106306
vt 0.149103194 0.25064832
vt 0.490731895 0.741063893
vt 0.176324993 0.258204579
vt 0.167024598 0.367594182
vt 0.0165469609 0.0585212111
vt 0.340419412 0.452626824
vt 0.212710306 0.199517727
vt 0.350957394 0.746685714
vt 0.3837457 0.781042099
vt 0.380724907 0.733098805
vt 0.277341008 0.596755385
vt 0.00353628304 0.884677798
vt 0.000783747993 0.949597072
vt 0.0175116602 0.939477868
vt 0.0492414199 0.939377069
vt 0.0464575216 0.897732697
vt 0.00460666418 0.97588611
vt 0.321255803 0.97768373
vt 0.000939901976 0.205978394
vt 0.663917422 0.67455399
vt 0.6484586 0.96193457
vt 0.596708179 0.96183563
vt 0.424793392 0.638209313
vt 0.357005209 0.382246375
vt 0.255525798 0.812778696
vt 0.2125341 0.823677599
vt 0.544609427 0.999448621
vt 0.466527492 0.502323002
vt 0.448465496 0.639977008
vt 0.105132498 0.678339392
vt 0.0912464187 0.689568907
vt 0.509047806 0.327637374
vt 0.56522119 0.383535028
vt 0.330914706 0.953152481
vt 0.490527004 0.420572221
vt 0.219412103 0.465720296
vt 0.306027502 0.68405959
vt 0.263814598 0.610044211
vt 0.291938603 0.710582286
vt 0.0491239987 0.796909004
vt 0.0547459684 0.798876897
vt 0.325789809 0.776685402
vt 0.388670504 0.831648499
vt 0.181642503 0.671447903
vt 0.164393499 0.697355002
vt 0.180086598 0.707921892
vt 0.262766302 0.18295598
vt 0.249655798 0.0733175278
vt 0.229763001 0.145316184
vt 0.195104107 1
vt 0.193638399 0.409623027
vt 0.160655007 0.425310493
vt 0.182018206 0.477324009
vt 0.316299409 0.141032875
vt 0.182247594 0.614557713
vt 0.166324899 0.665224701
vt 0.180031002 0.109970629
vt 0.186196297 0.0584083796
vt 0.145641699 0.384574294
vt 0.256743699 0.770400599
vt 0.124384001 0.424388111
vt 0.140588 0.418374479
vt 0.0233908799 0.0792319179
vt 0.0760800764 0.43337822
vt 0.0404602811 0.284494102
vt 0.0631317422 0.185535014
vt 0.0644683763 0.328881204
vt 0.0374995992 0.356531799
vt 0.0520367585 0.305883288
vt 0.0275449697 0.342208028
vt 0.0175772905 0.439631581
vt 0.0110296598 0.483112991
vt 0.0437904 0.488423824
vt 0.0262616798 0.503636688
vt 0.0477042682 0.512403607
vt 0.302578688 0.789342105
vt 0.656342626 0.818403393
vt 0.0176091697 0.418103576
vt 0.00638914108 0.458003521
vt 0.177353397 0.790154099
vt 0.223950595 0.783738106
vt 0.184341207 0.756823197
vt 0.108255699 0.438426375
vt 0.173640594 1
vt 0.0807914734 0.647181988
vt 0.0838369727 0.770687506
vt 0.074008517 0.760528907
vt 0.168470994 0.779955998
vt 0.174904406 0.747031093
vt 0.159429595 0.733817399
vt 0.154218405 0.760843605
vt 0.126840904 0.917911299
vt 0.116917603 0.887063302
vt 0.166355401 0.615963697
vt 0.124487303 0.631278902
vt 0.118639298 0.654940486
vt 0.112354599 0.687767386
vt 0.0824749395 0.827581301
vt 0.0916198418 0.779400006
vt 0.111144103 0.648452491
vt 0.075223498 0.820993394
vt 0.0679581091 0.807349607
vt 0.116995797 0.623172611
vt 0.122757897 0.567914993
vt 0.108848803 0.614144206
vt 0.132084906 0.572760999
vt 0.0861063525 0.622968704
vt 0.101373598 0.640543312
vt 0.107284904 0.552704602
vt 0.0918322206 0.600056887
vt 0.0649396703 0.721789896
vt 0.046823021 0.7442545
vt 0.138800606 0.126671195
vt 0.138109207 0.0537543893
vt 0.0540598594 0.713600606
vt 0.095594041 0.667724997
vt 0.0979581401 0.53942439
vt 0.0837874413 0.584269792
vt 0.0717751309 0.687752903
vt 0.0198165104 0.557689101
vt 0.00839334726 0.632076293
vt 0.0291808192 0.516512007
vt 0.0258114301 0.535243392
vt 0 0.670946985
vt 0.64991188 0.996932805
vt 0.597260594 0.998190761
vt 0.0149010997 0.400187671
vt 0.000766118988 0.0910152793
vt 0.0976612493 0.468198001
vt 0.0670011565 0.464866996
vt 0.0859845802 0.493465424
vt 0.0157692991 0.0134956837
vt 0.0425596796 0.99360317
vt 0.0147855803 0.99360317
vt 0.0326092802 0.845354393
vt 0.652071714 0.902215071
vt 0.672051907 0.492360473
vt 0.670790076 0.455648482
vt 0.597771108 0.403743625
vt 0.73492521 0.921282887
vt 0.800023615 0.996318996
vt 0.821391881 0.880631097
vt 0.793825924 0.524677694
vt 0.725795627 0.661679089
vt 0.804340184 0.693303615
vt 0.7146402 0.883878201
vt 0.917677522 0.432300985
vt 0.973294079 0.532918602
vt 0.975557208 0.475529492
vt 0.620984077 0.097661972
vt 0.63230449 0.0460032225
vt 0.604815423 0.0540202856
vt 0.0810032412 0.845354393
vt 0.0660409331 0.939353891
vt 0.0948930308 0.897556402
vt 0.734311879 0.444175005
vt 0.795557201 0.469320297
vt 0.733804584 0.480840385
vt 0.732945204 0.499893129
vt 0.921894372 0.258248985
vt 0.980773628 0.346647203
vt 0.983410478 0.271024585
vt 0.785359681 0.181453586
vt 0.787504613 0.241339624
vt 0.808086812 0.200752795
vt 0.674541414 0.276214123
vt 0.719818592 0.266911626
vt 0.673487484 0.232995629
vt 0.679796815 0.162910879
vt 0.694353223 0.104763687
vt 0.8464095 0.53837809
vt 0.854450703 0.635008097
vt 0.899830878 0.630651593
vt 0.590536714 0.0801749229
vt 0.891457021 0.342783272
vt 0.910075605 0.369146287
vt 0.911459029 0.347982585
vt 0.675116122 0.20386368
vt 0.714296818 0.202309728
vt 0.674818397 0.183802187
vt 0.918596923 0.865328193
vt 1 1
vt 0.944602728 0.812974602
vt 0.879517198 0.334033728
vt 0.891885698 0.326878786
vt 0.880068898 0.314393997
vt 0.798129916 0.144197583
vt 0.82054168 0.174799383
vt 0.665893614 0.412224412
vt 0.676367879 0.313108027
vt 0.629833817 0.320854008
vt 0.59640491 0.181959271
vt 0.613425791 0.160799205
vt 0.592950523 0.140852928
vt 0.755699813 0.264532387
vt 0.718370914 0.233061194
vt 0.769993603 0.27196002
vt 0.796045721 0.30631268
vt 0.795734823 0.285797596
vt 0.891105592 0.312484324
vt 0.880825818 0.249808729
vt 0.879342973 0.306034803
vt 0.919904828 0.33431071
vt 0.924547017 0.32613039
vt 0.918820024 0.324092686
vt 0.869119525 0.342154324
vt 0.878220975 0.360018015
vt 0.878866196 0.347167671
vt 0.917516828 0.260451078
vt 0.912113428 0.333386421
vt 0.780061781 0.326298177
vt 0.771441102 0.297116578
vt 0.597052515 0.3021366
vt 0.618789196 0.262381494
vt 0.595720112 0.246039927
vt 0.6118505 0.121479213
vt 0.590586782 0.116267681
vt 0.684775412 0.441117287
vt 0.702132285 0.396808982
vt 0.717911601 0.181948781
vt 0.771622896 0.164935291
vt 0.741582572 0.113633692
vt 0.91085583 0.322078526
vt 0.910701513 0.257938027
vt 0.530915022 0.195384622
vt 0.561906815 0.158435404
vt 0.525562406 0.122800827
vt 0.877434075 0.39622122
vt 0.889196575 0.365986586
vt 0.890479922 0.354559481
vt 0.869721711 0.308480978
vt 0.788957417 0.253465295
vt 0.918315589 0.218545496
vt 0.912790716 0.216330588
vt 0.888370216 0.447622895
vt 0.906076372 0.420751929
vt 0.887645125 0.402065098
vt 0.923429489 0.378585696
vt 0.979564428 0.375614583
vt 0.925129294 0.354986072
vt 0.921500921 0.3919608
vt 0.977868676 0.416243196
vt 0.892059326 0.255973518
vt 0.897086918 0.217365921
vt 0.553070426 0.261535585
vt 0.555296421 0.215267777
vt 0.0521030985 0.884306498
vt 0.0495148301 0.94867152
vt 0.0977099463 0.939164639
vt 0.0532915518 0.975263121
vt 0.850617826 0.485518396
vt 0.853464901 0.884323798
vt 0.856411815 0.452136219
vt 0.7978338 0.432701588
vt 0.724672318 0.0397236943
vt 0.615912378 0.195180118
vt 0.771390378 0.228045702
vt 0.869456828 0.299598396
vt 0.917769015 0.372847378
vt 0.919330418 0.348993182
vt 0.718656898 0.323512197
vt 0.717421174 0.298936188
vt 0.758325219 0.229063928
vt 0.75987637 0.218431473
vt 0.770694077 0.241493404
vt 0.762750626 0.326124489
vt 0.755626976 0.292221487
vt 0.741723895 0.414370179
vt 0.769072711 0.376961708
vt 0.731973827 0.379780173
vt 0.79482168 0.328730524
vt 0.868915319 0.392971396
vt 0.869139671 0.356440187
vt 0.786325514 0.419367075
vt 0.787187576 0.378408015
vt 0.913340271 1
vt 0.889404714 0.879118398
vt 0.972543001 1
vt 0.719931901 0.425813794
vt 0.780628502 0.127874374
vt 0.747874916 0.0842344165
vt 0.869480371 0.328433216
vt 0.803044796 0.420994699
vt 0.799117804 0.381036997
vt 0.887177885 0.216554284
vt 0.875105202 0.209958196
vt 0.878811121 0.442266285
vt 0.870387912 0.437203586
vt 0.908833206 0.381916881
vt 0.925436914 0.33876878
vt 0.899465203 0.461452425
vt 0.912036121 0.427444398
vt 0.916086972 0.386517584
vt 0.922635317 0.218082786
vt 0.911942124 0.467749119
vt 0.984879792 0.221086979
vt 0.976923883 0.438877225
vt 0.980269194 0.358723879
vt 0.091071479 0.993475378
vt 0.0633653402 0.993475378
vt 0.870946109 0.237259686
vt 0.803027391 0.833561093
vt 0.797032773 0.781937495
vt 0.718699276 0.802824795
vt 0.724967718 0.996625901
vt 0.691691875 0.941608731
vt 0.687439799 0.996779383
vt 0.732079625 0.527571708
vt 0.661071718 0.0363413095
vt 0.678546429 0.000703573227
vt 0.917875111 0.521518499
vt 0.928189814 0.492447376
vt 0.944435418 0.761494398
vt 1 0.786451697
vt 1 0.74380669
vt 0.780585408 0.108561099
vt 0.762169302 0.0677382946
vt 0.763670325 0.0870239735
vt 0.962070286 0.664698392
vt 0.940937281 0.702717096
vt 0.576149404 0.101796985
vt 0.980236411 0.671680093
vt 0.968107104 0.607248515
vt 0.999945521 0.662791997
vt 0.94720912 0.592143297
vt 0.567785203 0.123596489
vt 0.556890607 0.0823748708
vt 1 0.599999905
vt 0.999495506 0.55292359
vt 0.780585408 0.108561099
vt 0.582324028 0.0526701808
vt 0.874480188 0.0774009228
vt 0.906443894 0.0153728724
vt 0.881252825 0.000168085098
vt 0.78059721 0.0297545791
vt 0.763483107 0.039691627
vt 0.812943518 0.129620194
vt 0.846624315 0.0639687777
vt 0.819804609 0.0620921254
vt 0.926706314 0.0826445818
vt 0.952049911 0.134099007
vt 0.958056211 0.0795453787
vt 0.854400396 0.00786662102
vt 0.960905015 0.0384796262
vt 0.933883727 0.0247926712
vt 1 0.0655937195
vt 0.891067624 0.166322887
vt 0.900421321 0.0828086734
vt 0.800751686 0.0715473294
vt 0.807524621 0.0232986808
vt 0.862962723 0.171185076
vt 0.779227078 0.0624065995
vt 0.797884107 0.117852986
vt 0.825493813 0.0178111792
vt 0.838400602 0.152737021
vt 0.959294379 0.528805405
vt 0.544957697 0.961736679
vt 0.513073623 0.913605809
vt 0.549279213 0.923629351
vt 0.611316621 0.49619478
vt 0.670333207 0.530465811
vt 0.607824087 0.545806289
vt 0.132964 0.219540775
vt 0.124673598 0.164081991
vt 0.146403596 0.170082629
vt 0.305968791 0.998899162
vt 0.290674895 0.995077074
vt 0.297217995 0.957961742
vt 0.601549506 0.679963887
vt 0.544283926 0.692920208
vt 0.545982003 0.604643613
vt 0.589548707 0.919381678
vt 0.551030397 0.840109006
vt 0.593624592 0.830237299
vt 0.477293313 0.829998106
vt 0.484682113 0.790444598
vt 0.0139275696 0.109561622
vt 0.00806403067 0.139167309
vt 0.00705701113 0.108383
vt 0.461806715 0.873713896
vt 0.57554853 0.546990812
vt 0.579613805 0.490843117
vt 0.1500213 0.780036002
vt 0.100300498 0.756859407
vt 0.106551401 0.726998597
vt 0.546587408 0.466430008
vt 0.532807708 0.541489899
vt 0.505397677 0.526080191
vt 0.0445087515 0.443450928
vt 0.0204863492 0.459589481
vt 0.0303116404 0.422453701
vt 0.176890895 0.924454987
vt 0.134376898 0.930718191
vt 0.153367907 0.873623893
vt 0.0755136013 0.671116114
vt 0.0753192902 0.640617013
vt 0.0807914734 0.647181988
vt 0.405506611 0.879454799
vt 0.388670504 0.831648499
vt 0.194031194 0.882633202
vt 0.192647502 0.953995291
vt 0.0918984413 0.266536415
vt 0.0864029527 0.264456809
vt 0.0911315605 0.245039225
vt 0.00763368607 0.0664868951
vt 0.000766118988 0.0910152793
vt 0.313891113 0.893349901
vt 0.319539905 0.845068097
vt 0.329123706 0.873413906
vt 0.391267091 0.672502309
vt 0.334511608 0.612939894
vt 0.408679396 0.64530471
vt 0.336667687 0.906274982
vt 0.4675726 0.658933312
vt 0.482794493 0.695535809
vt 0.217778593 0.914459653
vt 0.206283003 0.856096998
vt 0.207599804 0.98319716
vt 0.236363798 0.968631931
vt 0.0924116895 0.749069601
vt 0.0984870121 0.71852839
vt 0.2443088 0.237780571
vt 0.296907008 0.212653875
vt 0.276793391 0.274036109
vt 0.0259612706 0.114849329
vt 0.0206595007 0.141718924
vt 0.312162191 0.319173872
vt 0.258822113 0.337164998
vt 0.0705232024 0.2542696
vt 0.0175772905 0.439631581
vt 0.0040097828 0.0107365251
vt 0.00897318125 0.033364594
vt 0.00534886122 0.0596920252
vt 0.252754301 0.964727938
vt 0.27621761 0.94798756
vt 0.272369504 0.98435176
vt 0.279877812 0.837003797
vt 0.301513404 0.842710704
vt 0.294301897 0.8793796
vt 0.221789002 0.697766513
vt 0.190016493 0.715115905
vt 0.191813707 0.675788492
vt 0.30756411 0.820310593
vt 0.246715307 0.636623114
vt 0.263408005 0.62455681
vt 0.283010095 0.698451012
vt 0.294768214 0.792603105
vt 0.279190391 0.797613606
vt 0.283975601 0.738381088
vt 0.255298108 0.709747404
vt 0.237903506 0.912871011
vt 0.271787196 0.902484
vt 0.286625594 0.912317939
vt 0.108964503 0.711178511
vt 0.0578499995 0.749403805
vt 0.0589227602 0.717693001
vt 0.0649396703 0.721789896
vt 0.0876514316 0.590791911
vt 0.0766419694 0.609166592
vt 0.0837874413 0.584269792
vt 0.0789967105 0.359361112
vt 0.0499495193 0.371619225
vt 0.0644683763 0.328881204
vt 0.0692912936 0.668007195
vt 0.0616476499 0.677485913
vt 0.0654781982 0.659125209
vt 0.0444081388 0.797934696
vt 0 0.787892893
vt 0 0.735168815
vt 0.0814013407 0.735855401
vt 0.0881643221 0.704750001
vt 0.0716766119 0.632144392
vt 0.0115753403 0.61438641
vt 0.1653869 0.842900693
vt 0.12066 0.272396982
vt 0.0946529508 0.329998493
vt 0.138800606 0.126671195
vt 0.158265904 0.109378278
vt 0.179844603 0.181231201
vt 0.1045136 0.222964883
vt 0.104995802 0.146677911
vt 0.0111959502 0.0904257894
vt 0.00899338722 0.188299894
vt 0.0182128493 0.189176321
vt 0.0114372903 0.204832077
vt 0.0264043808 0.208619773
vt 0.0080170026 0.211123526
vt 0.138800606 0.126671195
vt 0.138800606 0.126671195
vt 0.115750998 0.133360207
vt 0.138800606 0.126671195
vt 0.138800606 0.126671195
vt 0.0187078696 0.574734598
vt 0.0198165104 0.557689101
vt 0.0143831298 0.14571017
vt 0.007800519 0.159928024
vt 0.00142419303 0.140644491
vt 0.000674931973 0.199838996
vt 0 0.177849829
vt 0.1226018 0.371056795
vt 0.227625102 0.638191909
vt 0.191330194 0.620825201
vt 0.171957105 0.812917501
vt 0.428827614 0.905803449
vt 0.500914574 0.943881221
vt 0.101145901 0.702246994
vt 0.0912464187 0.689568907
vt 0.197336599 0.255628526
vt 0.212710306 0.199517727
vt 0.247471601 0.873964801
vt 0.331582397 0.691628903
vt 0.246872798 0.532723188
vt 0.333526909 0.251983821
vt 0.305201888 0.931457229
vt 0.163344905 0.801604599
vt 0.145400494 0.859366298
vt 0.143597007 0.809328899
vt 0.156995997 0.831077501
vt 0.074483633 0.202140927
vt 0.102822401 0.257940173
vt 0.0857186317 0.22715199
vt 0.111461602 0.243106306
vt 0.149103194 0.25064832
vt 0.490731895 0.741063893
vt 0.176324993 0.258204579
vt 0.167024598 0.367594182
vt 0.0165469609 0.0585212111
vt 0.340419412 0.452626824
vt 0.227788702 0.293729424
vt 0.350957394 0.746685714
vt 0.380724907 0.733098805
vt 0.3837457 0.781042099
vt 0.277341008 0.596755385
vt 0.00353628304 0.884677798
vt 0.0175116602 0.939477868
vt 0.000783747993 0.949597072
vt 0.0464575216 0.897732697
vt 0.0492414199 0.939377069
vt 0.00460666418 0.97588611
vt 0.321255803 0.97768373
vt 0.000939901976 0.205978394
vt 0.663917422 0.67455399
vt 0.6484586 0.96193457
vt 0.652071714 0.902215071
vt 0.424793392 0.638209313
vt 0.357005209 0.382246375
vt 0.255525798 0.812778696
vt 0.2125341 0.823677599
vt 0.223950595 0.783738106
vt 0.466527492 0.502323002
vt 0.105132498 0.678339392
vt 0.330914706 0.953152481
vt 0.490527004 0.420572221
vt 0.293114811 0.388765275
vt 0.219412103 0.465720296
vt 0.306027502 0.68405959
vt 0.0491239987 0.796909004
vt 0.0514556691 0.743382186
vt 0.325789809 0.776685402
vt 0.181642503 0.671447903
vt 0.164393499 0.697355002
vt 0.166324899 0.665224701
vt 0.262766302 0.18295598
vt 0.285229295 0.1081478
vt 0.195104107 1
vt 0.173640594 1
vt 0.193638399 0.409623027
vt 0.182247594 0.614557713
vt 0.166355401 0.615963697
vt 0.180031002 0.109970629
vt 0.225573093 0.747339785
vt 0.145641699 0.384574294
vt 0.0983238816 0.408534527
vt 0.0633602664 0.393083394
vt 0.0374995992 0.356531799
vt 0.0520367585 0.305883288
vt 0.0175772905 0.439631581
vt 0.0437904 0.488423824
vt 0.0285384003 0.479263484
vt 0.385238796 0.695762694
vt 0.656342626 0.818403393
vt 0.0176091697 0.418103576
vt 0.380533904 0.326092422
vt 0.177353397 0.790154099
vt 0.0760800764 0.43337822
vt 0.256743699 0.770400599
vt 0.155857906 0.98196245
vt 0.095594041 0.667724997
vt 0.0838369727 0.770687506
vt 0.168470994 0.779955998
vt 0.174904406 0.747031093
vt 0.180086598 0.707921892
vt 0.159429595 0.733817399
vt 0.126840904 0.917911299
vt 0.132413194 0.836360201
vt 0.184341207 0.756823197
vt 0.154218405 0.760843605
vt 0.124487303 0.631278902
vt 0.138819501 0.582842797
vt 0.118639298 0.654940486
vt 0.112354599 0.687767386
vt 0.0824749395 0.827581301
vt 0.0916198418 0.779400006
vt 0.111144103 0.648452491
vt 0.116995797 0.623172611
vt 0.075223498 0.820993394
vt 0.074008517 0.760528907
vt 0.122757897 0.567914993
vt 0.132084906 0.572760999
vt 0.108848803 0.614144206
vt 0.0861063525 0.622968704
vt 0.0918322206 0.600056887
vt 0.229763001 0.145316184
vt 0.107284904 0.552704602
vt 0.0717751309 0.687752903
vt 0.101845302 0.545687407
vt 0.0655999109 0.684597313
vt 0.0805994794 0.61635679
vt 0.046823021 0.7442545
vt 0.138800606 0.126671195
vt 0.0547459684 0.798876897
vt 0.0540598594 0.713600606
vt 0.101373598 0.640543312
vt 0.0979581401 0.53942439
vt 0.0258114301 0.535243392
vt 0.00839334726 0.632076293
vt 0.0291808192 0.516512007
vt 0 0.670946985
vt 0.596708179 0.96183563
vt 0.0670011565 0.464866996
vt 0.0157692991 0.0134956837
vt 0.0425596796 0.99360317
vt 0.0326092802 0.845354393
vt 0.672051907 0.492360473
vt 0.448465496 0.639977008
vt 0.0233908799 0.0792319179
vt 0.0147855803 0.99360317
vt 0.621932328 0.420918286
vt 0.73492521 0.921282887
vt 0.821391881 0.880631097
vt 0.793825924 0.524677694
vt 0.804340184 0.693303615
vt 0.725795627 0.661679089
vt 0.7146402 0.883878201
vt 0.917677522 0.432300985
vt 0.973294079 0.532918602
vt 0.911942124 0.467749119
vt 0.620984077 0.097661972
vt 0.604815423 0.0540202856
vt 0.63230449 0.0460032225
vt 0.0660409331 0.939353891
vt 0.0810032412 0.845354393
vt 0.0948930308 0.897556402
vt 0.733804584 0.480840385
vt 0.795557201 0.469320297
vt 0.732945204 0.499893129
vt 0.921894372 0.258248985
vt 0.980773628 0.346647203
vt 0.924547017 0.32613039
vt 0.785359681 0.181453586
vt 0.787504613 0.241339624
vt 0.771390378 0.228045702
vt 0.674541414 0.276214123
vt 0.719818592 0.266911626
vt 0.717421174 0.298936188
vt 0.679796815 0.162910879
vt 0.694353223 0.104763687
vt 0.8464095 0.53837809
vt 0.899830878 0.630651593
vt 0.854450703 0.635008097
vt 0.590536714 0.0801749229
vt 0.891457021 0.342783272
vt 0.910075605 0.369146287
vt 0.890479922 0.354559481
vt 0.675116122 0.20386368
vt 0.714296818 0.202309728
vt 0.718370914 0.233061194
vt 0.918596923 0.865328193
vt 0.674818397 0.183802187
vt 0.6118505 0.121479213
vt 0.891885698 0.326878786
vt 0.879517198 0.334033728
vt 0.880068898 0.314393997
vt 0.798129916 0.144197583
vt 0.808086812 0.200752795
vt 0.665893614 0.412224412
vt 0.676367879 0.313108027
vt 0.702132285 0.396808982
vt 0.59640491 0.181959271
vt 0.613425791 0.160799205
vt 0.615912378 0.195180118
vt 0.755699813 0.264532387
vt 0.769993603 0.27196002
vt 0.796045721 0.30631268
vt 0.771441102 0.297116578
vt 0.891105592 0.312484324
vt 0.880825818 0.249808729
vt 0.892059326 0.255973518
vt 0.919904828 0.33431071
vt 0.925436914 0.33876878
vt 0.869119525 0.342154324
vt 0.878220975 0.360018015
vt 0.869139671 0.356440187
vt 0.917516828 0.260451078
vt 0.918820024 0.324092686
vt 0.911459029 0.347982585
vt 0.780061781 0.326298177
vt 0.79482168 0.328730524
vt 0.597052515 0.3021366
vt 0.618789196 0.262381494
vt 0.629833817 0.320854008
vt 0.590586782 0.116267681
vt 0.684775412 0.441117287
vt 0.719931901 0.425813794
vt 0.717911601 0.181948781
vt 0.771622896 0.164935291
vt 0.75987637 0.218431473
vt 0.91085583 0.322078526
vt 0.530915022 0.195384622
vt 0.561906815 0.158435404
vt 0.555296421 0.215267777
vt 0.877434075 0.39622122
vt 0.889196575 0.365986586
vt 0.887645125 0.402065098
vt 0.878866196 0.347167671
vt 0.795734823 0.285797596
vt 0.869721711 0.308480978
vt 0.869480371 0.328433216
vt 0.910701513 0.257938027
vt 0.912790716 0.216330588
vt 0.918315589 0.218545496
vt 0.888370216 0.447622895
vt 0.906076372 0.420751929
vt 0.899465203 0.461452425
vt 0.923429489 0.378585696
vt 0.925129294 0.354986072
vt 0.979564428 0.375614583
vt 0.921500921 0.3919608
vt 0.977868676 0.416243196
vt 0.976923883 0.438877225
vt 0.553070426 0.261535585
vt 0.0521030985 0.884306498
vt 0.0495148301 0.94867152
vt 0.0977099463 0.939164639
vt 0.0532915518 0.975263121
vt 0.850617826 0.485518396
vt 0.853464901 0.884323798
vt 0.842779696 1
vt 0.595720112 0.246039927
vt 0.724672318 0.0397236943
vt 0.741582572 0.113633692
vt 0.592950523 0.140852928
vt 0.879342973 0.306034803
vt 0.917769015 0.372847378
vt 0.718656898 0.323512197
vt 0.912113428 0.333386421
vt 0.758325219 0.229063928
vt 0.770694077 0.241493404
vt 0.762750626 0.326124489
vt 0.741723895 0.414370179
vt 0.769072711 0.376961708
vt 0.771828413 0.418192029
vt 0.868915319 0.392971396
vt 0.799117804 0.381036997
vt 0.786325514 0.419367075
vt 0.889404714 0.879118398
vt 0.731973827 0.379780173
vt 0.673487484 0.232995629
vt 0.780628502 0.127874374
vt 0.869456828 0.299598396
vt 0.787187576 0.378408015
vt 0.788957417 0.253465295
vt 0.755626976 0.292221487
vt 0.803044796 0.420994699
vt 0.870387912 0.437203586
vt 0.897086918 0.217365921
vt 0.875105202 0.209958196
vt 0.870946109 0.237259686
vt 0.878811121 0.442266285
vt 0.908833206 0.381916881
vt 0.919330418 0.348993182
vt 0.912036121 0.427444398
vt 0.906238317 0.463846982
vt 0.916086972 0.386517584
vt 0.922635317 0.218082786
vt 0.983410478 0.271024585
vt 0.975557208 0.475529492
vt 0.980269194 0.358723879
vt 0.091071479 0.993475378
vt 0.887177885 0.216554284
vt 0.803027391 0.833561093
vt 0.718699276 0.802824795
vt 0.797032773 0.781937495
vt 0.0633653402 0.993475378
vt 0.691691875 0.941608731
vt 0.732079625 0.527571708
vt 0.661071718 0.0363413095
vt 0.678546429 0.000703573227
vt 0.917875111 0.521518499
vt 0.944435418 0.761494398
vt 0.944602728 0.812974602
vt 0.763670325 0.0870239735
vt 0.762169302 0.0677382946
vt 0.940937281 0.702717096
vt 0.962070286 0.664698392
vt 0.576149404 0.101796985
vt 0.980236411 0.671680093
vt 0.968107104 0.607248515
vt 0.94720912 0.592143297
vt 0.567785203 0.123596489
vt 0.525562406 0.122800827
vt 0.556890607 0.0823748708
vt 1 0.599999905
vt 0.582324028 0.0526701808
vt 0.874480188 0.0774009228
vt 0.900421321 0.0828086734
vt 0.779227078 0.0624065995
vt 0.846624315 0.0639687777
vt 0.926706314 0.0826445818
vt 0.91920191 0.162397623
vt 0.958056211 0.0795453787
vt 0.800751686 0.0715473294
vt 0.819804609 0.0620921254
vt 0.191330194 0.620825201
vt 0.138819501 0.582842797
vt 0.101845302 0.545687407
vt 0.771828413 0.418192029
vt 0.906238317 0.463846982
vt 0.116917603 0.887063302
vt 0.0679581091 0.807349607
vt 0.82054168 0.174799383
vt 0.747874916 0.0842344165
vt 0.984879792 0.221086979
vn 0.237683371 -0.967061281 0.0910997242
vn 0.707676351 -0.700016141 -0.0957688466
vn 0.283609599 -0.957522094 -0.0521258116
vn 0.273576111 0.958554029 -0.0795640871
vn 0.726822376 0.685682118 -0.0396143086
vn 0.735013008 0.671076179 -0.0970190093
vn 0.962100506 0.251573205 -0.105231702
vn 0.955230892 0.279009581 -0.0984254852
vn 0.961148918 0.269639313 0.0590550788
vn 0.917121172 0.329420209 0.224435404
vn 0.915977418 0.179667398 0.358754992
vn 0.964212239 0.217416212 0.151739717
vn 0.982923925 0.180946797 -0.0334487483
vn 0.92053771 0.366377801 -0.135564297
vn 0.990258515 0.114630401 -0.079044871
vn 0.692786217 -0.686438203 0.221020103
vn 0.970726609 -0.234510094 0.0519132614
vn 0.74845171 -0.653293014 0.114141598
vn 0.948870718 -0.310837507 0.0549954697
vn 0.979845107 -0.0545070022 0.192178577
vn 0.91494894 -0.313772619 0.253801525
vn 0.769121528 -0.1454864 -0.622322917
vn 0.557523668 0.14154768 0.818004608
vn 0.789316475 0.209391773 0.577178061
vn 0.167853504 -0.674801588 0.718657076
vn 0.308124214 0.950924516 0.0283219796
vn 0.743356645 0.667546868 -0.042452205
vn 0.647065997 -0.151954606 0.747138202
vn -0.0494405515 0.0166022684 0.998639107
vn -0.0666848421 -0.186168298 0.980252326
vn 0.458854049 0.877728283 0.138007179
vn 0.717072904 0.692505181 0.079013519
vn 0.756037891 0.65276283 -0.0480362773
vn 0.989131808 -0.0516997427 -0.13764219
vn 0.599003911 -0.216077194 -0.771041572
vn 0.659977913 -0.470636696 -0.585602582
vn -0.816381574 0.0197762195 0.577174187
vn -0.92929548 0.0714466572 -0.362360835
vn -0.870276213 -0.156531304 -0.467030287
vn 0.903658986 0.239541307 0.354993701
vn 0.93070519 0.321059108 -0.175239593
vn 0.933256209 0.0684857294 0.352622509
vn -0.176006302 -0.964723229 -0.1957829
vn 0 -0.818577588 -0.574396014
vn 0 -0.998830914 -0.0483422801
vn -0.0768161938 -0.0432147868 0.996108294
vn -0.764153421 -0.368129194 0.529670179
vn -0.350940794 -0.180155098 0.918904126
vn 0.940681875 0.131749794 -0.312665403
vn 0.922955096 0.00134283304 -0.384905398
vn 0.886117995 0.147894889 -0.439228833
vn 0.904482305 -0.0448319316 -0.424148589
vn 0.919923186 -0.217116714 0.326499134
vn 0.534424603 -0.209881693 -0.81874299
vn 0.918301105 0.300281286 -0.2579813
vn 0.803664207 0.43837893 -0.402427226
vn 0.808963478 0.2356361 -0.538566411
vn 0.808963478 0.2356361 -0.538566411
vn 0.803664207 0.43837893 -0.402427226
vn 0.689606011 0.215799406 -0.691284478
vn 0.882926106 0.431025445 -0.186168283
vn 0.861330509 0.377028495 0.340528101
vn 0.917121172 0.329420209 0.224435404
vn 0.638147473 -0.255320013 0.726346672
vn -0.196149066 -0.933836997 0.299121976
vn 0.167853504 -0.674801588 0.718657076
vn 0.6286394 0.00979673769 0.777635276
vn -0.0468774922 -0.223156571 0.973654807
vn 0.635056973 0.592359722 0.495795012
vn 0.9402408 0.295915902 0.168466896
vn 0.910939574 0.366994411 0.188426003
vn -0.261824906 -0.094243519 -0.960502923
vn 0.665626526 0.0989436358 -0.73969692
vn 0.896099269 0.402301639 0.187508821
vn 0.981590807 0.072635822 -0.176645398
vn 0.96138531 0.166817904 -0.218883693
vn 0.703223228 0.326738507 -0.63144213
vn 0.953258812 0.151770607 -0.261272609
vn 0.554445267 -0.292161882 -0.779250801
vn 0.405752987 -0.0737954304 -0.910998821
vn 0.308822006 -0.223521307 -0.924482226
vn 0.247541994 -0.464228988 -0.850420117
vn 0.91494894 -0.313772619 0.253801525
vn 0.979845107 -0.0545070022 0.192178577
vn 0.927637517 -0.126686022 0.35133943
vn 0.949167192 -0.109074384 -0.295269966
vn 0.988217115 -0.00756877614 -0.152871504
vn 0.849323571 0.0478848815 -0.525696218
vn -0.296070904 -0.268481106 -0.916656971
vn 0.388051003 -0.048403319 -0.920365989
vn 0.388875693 -0.395956188 -0.831861973
vn 0.822471619 -0.0137337996 -0.568640471
vn -0.708374918 -0.459279388 -0.53597343
vn 0.16181159 -0.669098139 -0.725344658
vn -0.176006302 -0.964723229 -0.1957829
vn 0.744424224 -0.0964101478 -0.660710096
vn 0.315201491 -0.366839886 -0.875258029
vn 0.624811351 -0.113224782 -0.77252239
vn -0.126837999 -0.410819501 -0.902850807
vn 0.369682699 -0.279467106 0.886133671
vn 0.959222913 -0.209362701 0.189891294
vn 0.960911572 0.0186774097 0.276224703
vn 0.619572401 -0.195018396 0.760327518
vn -0.739846826 0.32756269 0.587647378
vn -0.043519672 -0.17493321 0.983618081
vn -0.793527007 -0.0387592316 0.607299507
vn 0 0.756050408 0.654513359
vn 0.602483273 0.622717619 0.499236196
vn -0.371509999 0.589356005 -0.717383981
vn 0.357381791 0.590549827 -0.723553181
vn 0.400774896 0.601498127 -0.691071272
vn 0.94355762 -0.226146206 -0.241985604
vn 0.959659994 0.129098117 -0.249772832
vn 0.995163202 -0.0585353822 -0.0788915604
vn 0.647768676 -0.448600799 0.615754128
vn 0.592557013 -0.130621299 0.794867516
vn -0.89527601 0.293684781 -0.335007578
vn -0.656742513 -0.65665102 0.370808214
vn -0.8042382 -0.343980283 -0.484642535
vn -0.0436729714 -0.335406393 0.941060722
vn 0.946505785 0.22612007 -0.230209664
vn 0.698971331 -0.678371131 0.226388231
vn 0.966695726 -0.159005001 0.200541601
vn -0.0791355222 0.253734171 0.964031398
vn -0.846351385 0.248637795 0.471029401
vn 0.985054195 -0.0862154812 -0.149114683
vn 0.956627369 -0.231763512 -0.176493108
vn 0.955887198 0.0647308826 0.286512911
vn 0.925903022 0.29164511 0.240097493
vn 0.559701145 0.589762986 0.582163572
vn 0.975279629 0.1102973 -0.191478997
vn 0.55609858 0.701555133 -0.445617437
vn -0.903090477 0.421163499 -0.0839580223
vn -0.443838716 0.0518518649 -0.894605339
vn -0.326096863 0.737525225 0.591369152
vn -0.261824906 -0.094243519 -0.960502923
vn 0.0953412578 0.918682277 -0.383318394
vn 0.172770098 0.412682891 0.894339621
vn 0 0.941365123 0.337389797
vn 0.904482305 -0.0448319316 -0.424148589
vn 0.55257678 0.704164624 -0.44588241
vn -0.393975049 0.792802691 -0.465024143
vn 0.129338622 0.39775154 -0.908331037
vn 0.823105574 -0.365438104 -0.434686393
vn -0.280499786 0.383898109 0.879739821
vn 0.172770098 0.412682891 0.894339621
vn -0.393975049 0.792802691 -0.465024143
vn -0.448698133 0.844872236 0.291308939
vn 0 0.970454097 -0.241285935
vn 0.787397981 -0.613743246 -0.0576509126
vn -0.870276213 -0.156531304 -0.467030287
vn -0.432364702 -0.00442522718 -0.90168798
vn 0.638164699 0.166423306 0.7516976
vn 0 -0.999591112 -0.0285963397
vn -0.196149066 -0.933836997 0.299121976
vn 0 -0.997582495 0.069492273
vn 0.961437106 -0.0932352468 0.258739293
vn 0.637583315 -0.26323089 0.72401458
vn 0.994079471 -0.00115972699 0.108649202
vn 0.98972249 0.0323803388 -0.139287502
vn 0.9285115 -0.313308567 0.199258864
vn 0.634700537 0.0691862181 -0.76965487
vn 0.822471619 -0.0137337996 -0.568640471
vn 0.740891635 -0.62250644 0.252121627
vn 0.656163216 -0.215740293 -0.723122418
vn 0 -0.507964075 -0.861378312
vn 0 -0.445613593 -0.895225406
vn 0 0.790717602 0.612181187
vn 0.5626297 0.678604424 0.472169489
vn 0.962035894 0.195019603 0.190929994
vn 0.98207432 -0.0622284412 0.177926406
vn 0.654699683 0.00521874381 0.755871117
vn -0.0674166009 0.03296059 0.997180402
vn -0.866055608 -0.0148019698 0.499728501
vn -0.852068186 -0.187235788 0.488797039
vn 0 0.913523078 -0.406786829
vn 0.37999633 0.550141752 -0.743603945
vn 0.970906913 0.0609162413 -0.231579602
vn 0.856641591 0.216899469 -0.468102455
vn 0.983837605 -0.0910073444 -0.154211879
vn 0.999901414 0.0134284403 0.00412005093
vn 0.964212239 0.217416212 0.151739717
vn 0.945759892 -0.104131483 0.307725281
vn 0.709107518 -0.699707627 -0.0870399997
vn 0.599003911 -0.216077194 -0.771041572
vn 0.940169334 0.312575936 -0.135565519
vn 0.93946749 0.320327789 0.121618301
vn 0.528738022 -0.341535807 -0.777038872
vn 0.315201491 -0.366839886 -0.875258029
vn 0.744424224 -0.0964101478 -0.660710096
vn 0.438831329 -0.115452982 -0.891121507
vn -0.656742513 -0.65665102 0.370808214
vn -0.0317096673 -0.767013788 0.64084655
vn 0.00018311599 -0.999842823 -0.0177316591
vn 0.254926711 -0.334795386 -0.907151878
vn -0.275374144 -0.384937823 -0.880904138
vn 0.418824434 -0.753353 0.506996453
vn 0.861330509 0.377028495 0.340528101
vn 0.129338622 0.39775154 -0.908331037
vn 0.967980921 0.240858302 0.070713222
vn 0.311175674 -0.928308189 0.203503266
vn 0.273271114 -0.945675373 0.176127702
vn 0.882926106 0.431025445 -0.186168283
vn 0.838610888 0.518676519 0.166452587
vn 0.923358977 -0.320512801 -0.211376101
vn 0.944023907 -0.248488367 0.216961876
vn 0 -0.996045887 0.0888405368
vn 0.749183059 0.607269168 0.264478564
vn 0.865256786 0.496429294 0.0699200034
vn 0.938546777 0.00854527857 -0.345046401
vn 0.961970866 -0.129463211 0.240523219
vn 0 0.89469558 0.446676403
vn 0 0.97710669 0.212750196
vn 0.865256786 0.496429294 0.0699200034
vn 0.521210313 0.764297485 0.379722446
vn 0.623728096 -0.328207314 -0.709396482
vn 0.230696604 0.0219739601 -0.972777605
vn 0 -0.277299911 -0.960783422
vn 0 0.009064137 -0.999958992
vn -0.890460074 0.383901536 -0.244337022
vn -0.837065578 0.464554906 -0.28898111
vn 0.179729998 -0.27720961 -0.943849623
vn 0.16181159 -0.669098139 -0.725344658
vn -0.391437054 -0.0665009543 -0.917798758
vn 0.386551231 -0.240396619 -0.890386283
vn 0.392046005 -0.0493795797 -0.918619394
vn 0.661934972 0.574222326 0.481779009
vn 0 0.820198596 0.572078943
vn 0.673277259 0.612605751 0.414019227
vn -0.176006302 -0.964723229 -0.1957829
vn 0.634406507 -0.451229006 -0.627631128
vn 0 -0.966580629 -0.256363094
vn 0 -0.531794608 -0.846873403
vn 0 0.745393813 0.666624427
vn -0.903342366 -0.043673154 -0.426691115
vn -0.408620894 -0.217174307 -0.886489928
vn 0.70789063 0.656923711 0.259503901
vn 0 0.926472306 0.376363099
vn 0.634647906 -0.767772794 -0.0880175233
vn 0.416033894 -0.350570798 -0.839056611
vn 0 -0.999901891 0.0140082799
vn 0 -0.999999583 0.000915582874
vn 0.129338622 0.39775154 -0.908331037
vn 0.868748426 -0.324292809 0.374313205
vn 0 0.677582681 -0.735446632
vn 0 0.653564274 -0.756871104
vn 0.920355976 0.0773956701 -0.383346885
vn 0.737899363 0.38927564 -0.551333964
vn 0.670814216 0.445673287 -0.592776299
vn 0 0.611751437 -0.791050076
vn 0.308822006 -0.223521307 -0.924482226
vn 0 -0.320692271 -0.94718349
vn 0.625560641 -0.733966351 -0.264513582
vn 0 -0.648569345 -0.761155605
vn 0 -0.993173897 -0.116642885
vn 0 -0.213755995 -0.976887107
vn 0.94157809 -0.325304061 0.0872238129
vn 0.405752987 -0.0737954304 -0.910998821
vn 0 -0.142796978 -0.989751995
vn 0.961569905 0.0217602197 0.273696601
vn 0.89846009 -0.342549592 -0.274643898
vn 0.952667117 -0.0175786596 -0.303507
vn 0 -0.871573865 0.490264148
vn -0.708374918 -0.459279388 -0.53597343
vn 0.897567689 0.408284932 -0.166359782
vn -0.835576415 -0.165198594 0.523948073
vn -0.837616205 -0.229225904 0.495837301
vn 0.972763181 -0.0147101199 0.231334195
vn 0.935422003 -0.0343649313 -0.351859003
vn 0.931461513 -0.179877207 -0.316265404
vn 0.957823753 -0.124366909 0.259049416
vn -0.903342366 -0.043673154 -0.426691115
vn -0.90513432 -0.172402203 -0.388599187
vn -0.90513432 -0.172402203 -0.388599187
vn -0.381709009 0.1194233 -0.91653502
vn 0.399615109 0.104954697 -0.910654902
vn 0.952369928 0.0553610884 -0.299877793
vn -0.904461086 0.0918316171 -0.416553915
vn -0.832500458 0.0533473939 0.551449955
vn 0.394762486 0.106083803 -0.912638426
vn -0.896290004 0.02639913 -0.442681998
vn -0.893137395 0.0102848411 -0.449666351
vn -0.366261303 0.107030898 -0.924336016
vn -0.893137395 0.0102848411 -0.449666351
vn -0.369954497 0.147560596 -0.917256594
vn -0.896290004 0.02639913 -0.442681998
vn 0.363486111 0.585453808 -0.724652827
vn 0.395433098 0.127843603 -0.909554124
vn -0.837065578 0.464554906 -0.28898111
vn -0.354141414 0.562310815 -0.747255325
vn -0.0351880714 0.172491893 0.984382272
vn -0.863181591 -0.304584175 0.402673542
vn -0.448698133 0.844872236 0.291308939
vn 0 0.997442424 0.071474731
vn -0.0481894612 -0.584102571 0.810248196
vn 0.945800304 0.000793481886 -0.32474786
vn -0.89527601 0.293684781 -0.335007578
vn -0.339769989 0.594483018 -0.728797913
vn 0.584326446 0.197583273 0.78709811
vn 0.254926711 -0.334795386 -0.907151878
vn 0.418824434 -0.753353 0.506996453
vn -0.8042382 -0.343980283 -0.484642535
vn -0.275374144 -0.384937823 -0.880904138
vn -0.0317096673 -0.767013788 0.64084655
vn 0 -0.975963295 0.217935294
vn 0 -0.981210589 0.192939878
vn 0 0.504294157 -0.863531888
vn 0.955887198 0.0647308826 0.286512911
vn 0 -0.649015188 0.760775506
vn 0.709998608 -0.572936773 0.409445494
vn 0 -0.775098324 0.631840706
vn 0.554445267 -0.292161882 -0.779250801
vn 0.823105574 -0.365438104 -0.434686393
vn 0.698971331 -0.678371131 0.226388231
vn -0.8042382 -0.343980283 -0.484642535
vn 0.711443901 -0.684189916 0.160411298
vn 0.232282773 0.955103099 -0.18390958
vn 0 0.985387981 -0.170324892
vn 0 0.994409084 0.105596587
vn 0.348558992 -0.916611612 0.195780203
vn 0 -0.971484542 0.237103015
vn -0.124486201 -0.93555373 -0.330518603
vn 0.749233723 0.643639088 -0.156133503
vn 0.965824008 0.251595795 -0.0623190887
vn 0.924114108 0.243876994 -0.294172198
vn 0.717373073 -0.694606185 0.0538350306
vn -0.334157705 0.550937474 -0.76472652
vn -0.798567295 -0.356404096 -0.48504281
vn -0.271533281 -0.391963631 -0.878996074
vn 0.0542015992 -0.299787402 0.952465117
vn -0.418837696 -0.536120713 0.732904911
vn -0.144141614 -0.319290638 0.936630547
vn -0.798567295 -0.356404096 -0.48504281
vn 0.000122076977 -0.999843299 -0.0177011974
vn -0.271533281 -0.391963631 -0.878996074
vn 0 0.977988303 -0.208659798
vn 0.253183693 0.963538826 -0.0865512416
vn 0.19715251 0.957166433 -0.212045714
vn 0.52801311 0.828627527 -0.185953602
vn -0.85735333 -0.333059102 0.392450005
vn -0.0271314308 -0.752936423 0.657533824
vn -0.645605743 -0.66257447 0.379721344
vn -0.967721999 0.0187385604 0.251322597
vn -0.349417239 -0.242568612 0.905023873
vn -0.971667707 -0.114385597 0.206828102
vn 0.932267904 -0.35185501 -0.0841106698
vn 0.965004325 -0.1959306 0.174292803
vn 0.90631789 -0.279705107 0.316785514
vn 0.0244152509 -0.1709681 0.984974086
vn -0.801101089 -0.129493386 0.58435303
vn 0.723513603 0.686005771 0.0769688413
vn 0.868027747 0.495418519 -0.0329912342
vn 0.709851265 0.590215147 0.384392232
vn 0.341173291 -0.0492883883 0.938707411
vn 0.947835207 -0.173165992 0.267622977
vn 0.910728335 0.368063539 -0.18735832
vn 0.883028507 0.255877703 0.393430293
vn 0.709483504 -0.250014603 0.65888238
vn 0.413473397 0.0553921983 0.908829808
vn 0.464687139 -0.21986112 0.857745349
vn -0.418837696 -0.536120713 0.732904911
vn 0 -0.445357144 0.89535296
vn -0.144141614 -0.319290638 0.936630547
vn 0.89713937 0.0151069099 0.441489309
vn 0.650731742 -0.214214668 0.728464365
vn 0.549194276 -0.0736429617 0.832443714
vn -0.950858712 -0.0511197411 -0.305375904
vn -0.936241627 -0.122107796 -0.32945621
vn -0.124486201 -0.93555373 -0.330518603
vn 0.525182009 -0.498477191 -0.689713299
vn 0.736667812 -0.543665588 -0.402179509
vn 0.968605578 0.08819931 0.232431099
vn 0.750703275 -0.0598169491 0.657926023
vn 0.743419647 0.0972344652 0.661719561
vn 0.928698897 0.211406395 0.304673105
vn 0.811805606 -0.0499901026 0.58178395
vn 0.936299682 -0.00579863694 0.351154298
vn 0.934935927 -0.271471411 -0.228469297
vn 0.878181994 -0.212594837 0.428485662
vn -0.172130093 -0.321095914 0.931272686
vn -0.922579706 -0.05490309 0.381880194
vn -0.159033701 -0.0951578021 0.982676625
vn 0.575529873 -0.0610077307 0.815501928
vn -0.0494097397 -0.543079913 0.83822608
vn -0.0505695827 -0.127507389 0.990547597
vn 0.966644406 0.17850858 -0.183666378
vn 0.471068531 0.11524161 -0.874536335
vn 0.975135684 0.0750761703 -0.208504215
vn -0.799196184 -0.0378432795 0.599877775
vn 0.537260354 0.269118458 0.799328804
vn 0.360125661 -0.358843863 -0.861127496
vn 0.94638449 -0.110267587 -0.303640276
vn 0.964306593 -0.0623806715 -0.257335603
vn 0.966254711 -0.195625305 -0.167578503
vn 0.991215408 0.00366222742 -0.132206783
vn 0.417504042 -0.141029686 0.897664189
vn 0.572604835 -0.0321369134 0.819201469
vn -0.733289242 -0.678751111 -0.0397972353
vn -0.569582522 -0.335010797 -0.750562191
vn -0.411150604 0.0965312719 0.906441927
vn -0.968194783 0.149727717 0.200450808
vn -0.97532469 -0.0907938406 0.201241896
vn -0.0519125983 0.245768696 0.96793741
vn -0.730021179 0.375234604 0.571198821
vn 0.868027747 0.495418519 -0.0329912342
vn 0.869479895 0.377914011 0.318097204
vn 0.709851265 0.590215147 0.384392232
vn -0.30125007 0.0823089331 -0.9499861
vn 0.447071105 -0.0120854303 -0.894416809
vn 0.946139395 -0.0980869383 -0.308543563
vn 0.581275702 0.0558202788 0.81178987
vn 0.510348976 -0.243332893 0.824823081
vn -0.903437138 0.319630325 -0.285723239
vn -0.844010949 0.443536818 -0.30153054
vn -0.873307288 0.0391866453 -0.485591143
vn -0.362748921 0.47936213 -0.799140334
vn -0.298661113 0.0225841906 -0.954092026
vn 0.945397913 0.249831393 -0.209301695
vn 0.708292186 -0.662329972 0.244215503
vn 0.966680586 -0.103061698 0.234322697
vn 0.368768215 0.570197582 -0.734087765
vn 0.827772439 -0.36381942 -0.427116215
vn -0.915093184 -0.117530085 0.385734439
vn -0.873307288 0.0391866453 -0.485591143
vn 0.924114108 0.243876994 -0.294172198
vn 0.942221522 0.293351203 -0.161752105
vn -0.645605743 -0.66257447 0.379721344
vn -0.0271314308 -0.752936423 0.657533824
vn 0.257034689 -0.339162588 -0.904932022
vn 0.424066693 -0.733929873 0.530579329
vn 0.266707212 0.960774601 0.0760232806
vn -0.733289242 -0.678751111 -0.0397972353
vn 0 0.994067013 0.108769901
vn 0 0.996664464 -0.0816082209
vn -0.966791213 -0.117407799 -0.227002695
vn 0.973273575 -0.118077002 0.196968004
vn -0.345083773 0.0112311188 0.938504696
vn -0.253462732 0.0700417161 0.964806139
vn 0.919865727 0.363752991 -0.146734104
vn 0.911284506 0.143289492 0.386042237
vn 0.344075799 -0.616034329 -0.708599687
vn 0.885720551 -0.425281435 -0.186104417
vn 0.575157344 0.351881772 0.738493919
vn -0.315969229 0.383325934 0.867885232
vn 0.574738681 -0.00946092606 0.818282425
vn 0.36061281 -0.335831404 -0.870158494
vn 0.959439218 -0.0712933466 -0.272752106
vn -0.892993808 -0.323107511 -0.313310802
vn -0.525843918 -0.299789071 -0.79599911
vn -0.487235993 -0.517602503 -0.703341126
vn 0.313093007 -0.413866192 -0.854802728
vn -0.332595497 0.187081099 -0.924327314
vn 0.443231612 0.222577199 -0.86833477
vn -0.950858712 -0.0511197411 -0.305375904
vn -0.572176456 -0.26951617 -0.774580598
vn 0 -0.927841783 0.372973979
vn -0.811196089 -0.513757527 0.279310197
vn 0 -0.74932909 0.662197828
vn -0.966791213 -0.117407799 -0.227002695
vn -0.949103057 -0.117069982 -0.292400271
vn -0.892993808 -0.323107511 -0.313310802
vn 0.876688838 0.111028105 0.468069941
vn -0.936241627 -0.122107796 -0.32945621
vn -0.593598485 -0.294418693 -0.748971701
vn -0.860305607 0.0104985796 -0.509670615
vn -0.866076529 0.133644 -0.481716514
vn -0.860305607 0.0104985796 -0.509670615
vn -0.866076529 0.133644 -0.481716514
vn 0.358327866 0.49847275 -0.789383292
vn 0.650590837 -0.383725643 0.655352056
vn -0.844010949 0.443536818 -0.30153054
vn -0.369744301 0.518710077 -0.77086252
vn 0.405174613 0.583956897 -0.70344013
vn -0.898479104 0.232798874 -0.372209579
vn -0.898479104 0.232798874 -0.372209579
vn -0.798567295 -0.356404096 -0.48504281
vn 0.257034689 -0.339162588 -0.904932022
vn 0.424066693 -0.733929873 0.530579329
vn 0.827772439 -0.36381942 -0.427116215
vn 0.708292186 -0.662329972 0.244215503
vn -0.971215606 0.0955864117 0.218182504
vn 0.736667812 -0.543665588 -0.402179509
vn 0.964306593 -0.0623806715 -0.257335603
vn 0.975661695 -0.214578971 -0.0451680981
vn 0 -0.970659137 0.24045971
vn 0.339925498 -0.918177307 0.203473002
vn 0 -0.970689416 0.240337595
vn 0.840961516 0.521118402 -0.145668998
vn -0.811196089 -0.513757527 0.279310197
vn -0.733289242 -0.678751111 -0.0397972353
vn 0.343518883 0.828614056 0.44203335
vn 0 0.913523078 0.406786829
vn 0.0635720417 0.0560947582 0.996399522
vn 0 -0.044160299 0.99902451
vn 0 0.0238964502 0.999714494
vn 0 -0.210456401 0.977603316
vn 0.944174707 0.185312986 0.272384465
vn 0.393850744 0.648503244 0.651402533
vn 0.254745096 0.382499099 0.888143778
vn 0.530056596 0.405935198 0.744484127
vn 0.555047214 0.113041982 0.824101985
vn 0.0595130883 0.314137787 0.947510302
vn 0.393850744 0.648503244 0.651402533
vn 0 -0.210456401 0.977603316
vn 0.374471992 0.605594814 0.702157915
vn 0.74283731 0.33748129 0.578186214
vn 0.530056596 0.405935198 0.744484127
vn 0.944174707 0.185312986 0.272384465
vn 0 0.850585699 0.525836587
vn 0 -0.933564126 -0.358410507
vn 0.0635720417 0.0560947582 0.996399522
vn 0.996834517 -0.0208442807 0.0767241716
vn 0 0.0374462008 0.999298692
vn 0 -0.0370195508 0.999314606
vn 0 0.670689523 0.7417382
vn 0 0.850585699 0.525836587
vn 0 -0.2376495 -0.971351027
vn 0.979998887 -0.00271618296 0.198984504
vn 0.961259484 0.0524317585 0.270612687
vn 0.993053675 0.00561547186 0.1175282
vn 0 -0.253005803 -0.967464805
vn 0.994410098 -0.0222485587 0.103216186
vn 0 0.00222790171 0.999997497
vn 0 0.169167906 0.985587299
vn 0 0.1182594 0.992982805
vn 0 -0.964249313 0.264996886
vn 0 -0.0618614443 -0.998084784
vn 0.996808708 -0.00286877109 0.0797763988
vn 0.960690916 -0.0177012607 0.277055502
vn 0 0.460106909 0.887863576
vn 0 -0.0228281599 -0.999739408
vn 0.976792693 0.0394611247 0.210520372
vn 0 -0.698309004 -0.715796471
vn 0 0.186287388 0.982495308
vn 0 -0.0138252303 -0.999904513
vn 0 0.90084523 0.434140503
vn -0.237683371 -0.967061281 0.0910997242
vn -0.707676351 -0.700016141 -0.0957688466
vn -0.74845171 -0.653293014 0.114141598
vn -0.273576111 0.958554029 -0.0795640871
vn -0.735013008 0.671076179 -0.0970190093
vn -0.726822376 0.685682118 -0.0396143086
vn -0.955230892 0.279009581 -0.0984254852
vn -0.962100506 0.251573205 -0.105231702
vn -0.961148918 0.269639313 0.0590550788
vn -0.917121172 0.329420209 0.224435404
vn -0.964212239 0.217416212 0.151739717
vn -0.915977418 0.179667398 0.358754992
vn -0.982923925 0.180946797 -0.0334487483
vn -0.990258515 0.114630401 -0.079044871
vn -0.92053771 0.366377801 -0.135564297
vn -0.692786217 -0.686438203 0.221020103
vn -0.970726609 -0.234510094 0.0519132614
vn -0.948870718 -0.310837507 0.0549954697
vn -0.91494894 -0.313772619 0.253801525
vn -0.979845107 -0.0545070022 0.192178577
vn -0.769121528 -0.1454864 -0.622322917
vn -0.557523668 0.14154768 0.818004608
vn -0.919923186 -0.217116714 0.326499134
vn -0.167853504 -0.674801588 0.718657076
vn -0.743356645 0.667546868 -0.042452205
vn -0.308124214 0.950924516 0.0283219796
vn -0.647065997 -0.151954606 0.747138202
vn 0.0494405515 0.0166022684 0.998639107
vn -0.6286394 0.00979673769 0.777635276
vn -0.458854049 0.877728283 0.138007179
vn -0.756037891 0.65276283 -0.0480362773
vn -0.717072904 0.692505181 0.079013519
vn -0.989131808 -0.0516997427 -0.13764219
vn -0.599003911 -0.216077194 -0.771041572
vn -0.953258812 0.151770607 -0.261272609
vn 0.816381574 0.0197762195 0.577174187
vn 0.92929548 0.0714466572 -0.362360835
vn 0.846351385 0.248637795 0.471029401
vn -0.903658986 0.239541307 0.354993701
vn -0.93070519 0.321059108 -0.175239593
vn -0.897567689 0.408284932 -0.166359782
vn 0.176006302 -0.964723229 -0.1957829
vn -0.16181159 -0.669098139 -0.725344658
vn 0.0768161938 -0.0432147868 0.996108294
vn 0.764153421 -0.368129194 0.529670179
vn -0.940681875 0.131749794 -0.312665403
vn -0.886117995 0.147894889 -0.439228833
vn -0.922955096 0.00134283304 -0.384905398
vn -0.904482305 -0.0448319316 -0.424148589
vn -0.955887198 0.0647308826 0.286512911
vn -0.918301105 0.300281286 -0.2579813
vn -0.808963478 0.2356361 -0.538566411
vn -0.803664207 0.43837893 -0.402427226
vn -0.808963478 0.2356361 -0.538566411
vn -0.689606011 0.215799406 -0.691284478
vn -0.803664207 0.43837893 -0.402427226
vn -0.882926106 0.431025445 -0.186168283
vn -0.861330509 0.377028495 0.340528101
vn -0.917121172 0.329420209 0.224435404
vn 0.350940794 -0.180155098 0.918904126
vn -0.638147473 -0.255320013 0.726346672
vn 0.196149066 -0.933836997 0.299121976
vn -0.167853504 -0.674801588 0.718657076
vn 0.0468774922 -0.223156571 0.973654807
vn -0.619572401 -0.195018396 0.760327518
vn -0.9402408 0.295915902 0.168466896
vn -0.635056973 0.592359722 0.495795012
vn -0.910939574 0.366994411 0.188426003
vn 0.261824906 -0.094243519 -0.960502923
vn -0.665626526 0.0989436358 -0.73969692
vn -0.896099269 0.402301639 0.187508821
vn -0.981590807 0.072635822 -0.176645398
vn -0.703223228 0.326738507 -0.63144213
vn -0.554445267 -0.292161882 -0.779250801
vn -0.405752987 -0.0737954304 -0.910998821
vn -0.247541994 -0.464228988 -0.850420117
vn -0.308822006 -0.223521307 -0.924482226
vn -0.91494894 -0.313772619 0.253801525
vn -0.927637517 -0.126686022 0.35133943
vn -0.979845107 -0.0545070022 0.192178577
vn -0.949167192 -0.109074384 -0.295269966
vn -0.849323571 0.0478848815 -0.525696218
vn -0.988217115 -0.00756877614 -0.152871504
vn 0.296070904 -0.268481106 -0.916656971
vn -0.388051003 -0.048403319 -0.920365989
vn 0.432364702 -0.00442522718 -0.90168798
vn -0.822471619 -0.0137337996 -0.568640471
vn 0.708374918 -0.459279388 -0.53597343
vn 0.176006302 -0.964723229 -0.1957829
vn -0.16181159 -0.669098139 -0.725344658
vn -0.744424224 -0.0964101478 -0.660710096
vn -0.624811351 -0.113224782 -0.77252239
vn -0.315201491 -0.366839886 -0.875258029
vn 0.126837999 -0.410819501 -0.902850807
vn -0.369682699 -0.279467106 0.886133671
vn -0.959222913 -0.209362701 0.189891294
vn -0.98207432 -0.0622284412 0.177926406
vn -0.960911572 0.0186774097 0.276224703
vn 0.739846826 0.32756269 0.587647378
vn 0.043519672 -0.17493321 0.983618081
vn 0.0351880714 0.172491893 0.984382272
vn 0.371509999 0.589356005 -0.717383981
vn -0.357381791 0.590549827 -0.723553181
vn 0.339769989 0.594483018 -0.728797913
vn -0.94355762 -0.226146206 -0.241985604
vn -0.959659994 0.129098117 -0.249772832
vn -0.920355976 0.0773956701 -0.383346885
vn -0.933256209 0.0684857294 0.352622509
vn -0.647768676 -0.448600799 0.615754128
vn -0.966695726 -0.159005001 0.200541601
vn 0.89527601 0.293684781 -0.335007578
vn 0.8042382 -0.343980283 -0.484642535
vn 0.656742513 -0.65665102 0.370808214
vn 0.0436729714 -0.335406393 0.941060722
vn -0.637583315 -0.26323089 0.72401458
vn -0.946505785 0.22612007 -0.230209664
vn -0.698985815 -0.678354681 0.226392895
vn 0.0791355222 0.253734171 0.964031398
vn -0.985054195 -0.0862154812 -0.149114683
vn -0.956627369 -0.231763512 -0.176493108
vn -0.955887198 0.0647308826 0.286512911
vn -0.559701145 0.589762986 0.582163572
vn -0.925903022 0.29164511 0.240097493
vn -0.975279629 0.1102973 -0.191478997
vn -0.55609858 0.701555133 -0.445617437
vn -0.534424603 -0.209881693 -0.81874299
vn 0.903090477 0.421163499 -0.0839580223
vn 0.326096863 0.737525225 0.591369152
vn 0.443838716 0.0518518649 -0.894605339
vn -0.0953412578 0.918682277 -0.383318394
vn 0.261824906 -0.094243519 -0.960502923
vn -0.172770098 0.412682891 0.894339621
vn -0.904482305 -0.0448319316 -0.424148589
vn -0.55257678 0.704164624 -0.44588241
vn 0.393975049 0.792802691 -0.465024143
vn -0.129338622 0.39775154 -0.908331037
vn -0.823105574 -0.365438104 -0.434686393
vn -0.254926711 -0.334795386 -0.907151878
vn -0.789316475 0.209391773 0.577178061
vn 0.280499786 0.383898109 0.879739821
vn -0.172770098 0.412682891 0.894339621
vn 0.393975049 0.792802691 -0.465024143
vn 0.448698133 0.844872236 0.291308939
vn -0.787397981 -0.613743246 -0.0576509126
vn 0.870276213 -0.156531304 -0.467030287
vn 0.92929548 0.0714466572 -0.362360835
vn -0.638164699 0.166423306 0.7516976
vn 0.196149066 -0.933836997 0.299121976
vn -0.283609599 -0.957522094 -0.0521258116
vn -0.961437106 -0.0932352468 0.258739293
vn -0.961970866 -0.129463211 0.240523219
vn -0.994079471 -0.00115972699 0.108649202
vn -0.93946749 0.320327789 0.121618301
vn -0.9285115 -0.313308567 0.199258864
vn -0.634700537 0.0691862181 -0.76965487
vn -0.656163216 -0.215740293 -0.723122418
vn -0.602483273 0.622717619 0.499236196
vn -0.962035894 0.195019603 0.190929994
vn -0.654699683 0.00521874381 0.755871117
vn 0.866055608 -0.0148019698 0.499728501
vn 0.0666848421 -0.186168298 0.980252326
vn 0.0674166009 0.03296059 0.997180402
vn -0.37999633 0.550141752 -0.743603945
vn -0.970906913 0.0609162413 -0.231579602
vn -0.856641591 0.216899469 -0.468102455
vn -0.983837605 -0.0910073444 -0.154211879
vn -0.999901414 0.0134284403 0.00412005093
vn -0.964212239 0.217416212 0.151739717
vn -0.945759892 -0.104131483 0.307725281
vn -0.709107518 -0.699707627 -0.0870399997
vn -0.599003911 -0.216077194 -0.771041572
vn -0.940169334 0.312575936 -0.135565519
vn -0.98972249 0.0323803388 -0.139287502
vn -0.528738022 -0.341535807 -0.777038872
vn -0.744424224 -0.0964101478 -0.660710096
vn -0.315201491 -0.366839886 -0.875258029
vn -0.438831329 -0.115452982 -0.891121507
vn 0.656742513 -0.65665102 0.370808214
vn -0.00018311599 -0.999842823 -0.0177316591
vn 0.0317096673 -0.767013788 0.64084655
vn 0.275374144 -0.384937823 -0.880904138
vn -0.254926711 -0.334795386 -0.907151878
vn -0.418824434 -0.753353 0.506996453
vn -0.861330509 0.377028495 0.340528101
vn -0.129338622 0.39775154 -0.908331037
vn -0.967980921 0.240858302 0.070713222
vn -0.311175674 -0.928308189 0.203503266
vn -0.711443901 -0.684189916 0.160411298
vn -0.882926106 0.431025445 -0.186168283
vn -0.838610888 0.518676519 0.166452587
vn -0.923358977 -0.320512801 -0.211376101
vn -0.944023907 -0.248488367 0.216961876
vn -0.89846009 -0.342549592 -0.274643898
vn -0.749183059 0.607269168 0.264478564
vn -0.938546777 0.00854527857 -0.345046401
vn -0.865256786 0.496429294 0.0699200034
vn -0.521210313 0.764297485 0.379722446
vn -0.96138531 0.166817904 -0.218883693
vn -0.623728096 -0.328207314 -0.709396482
vn -0.230696604 0.0219739601 -0.972777605
vn 0.890460074 0.383901536 -0.244337022
vn 0.793527007 -0.0387592316 0.607299507
vn -0.179729998 -0.27720961 -0.943849623
vn 0.391437054 -0.0665009543 -0.917798758
vn -0.386551231 -0.240396619 -0.890386283
vn 0.408620894 -0.217174307 -0.886489928
vn -0.661934972 0.574222326 0.481779009
vn 0 0.768896282 0.639373541
vn 0.176006302 -0.964723229 -0.1957829
vn 0.708374918 -0.459279388 -0.53597343
vn -0.634406507 -0.451229006 -0.627631128
vn 0.903342366 -0.043673154 -0.426691115
vn 0.90513432 -0.172402203 -0.388599187
vn -0.70789063 0.656923711 0.259503901
vn -0.388875693 -0.395956188 -0.831861973
vn -0.634647906 -0.767772794 -0.0880175233
vn -0.740891635 -0.62250644 0.252121627
vn -0.995163202 -0.0585353822 -0.0788915604
vn -0.737899363 0.38927564 -0.551333964
vn -0.670814216 0.445673287 -0.592776299
vn -0.308822006 -0.223521307 -0.924482226
vn -0.625560641 -0.733966351 -0.264513582
vn -0.659977913 -0.470636696 -0.585602582
vn -0.822471619 -0.0137337996 -0.568640471
vn -0.94157809 -0.325304061 0.0872238129
vn -0.405752987 -0.0737954304 -0.910998821
vn -0.5626297 0.678604424 0.472169489
vn -0.961569905 0.0217602197 0.273696601
vn -0.868748426 -0.324292809 0.374313205
vn -0.416033894 -0.350570798 -0.839056611
vn 0.870276213 -0.156531304 -0.467030287
vn -0.945800304 0.000793481886 -0.32474786
vn 0.835576415 -0.165198594 0.523948073
vn -0.972763181 -0.0147101199 0.231334195
vn -0.935422003 -0.0343649313 -0.351859003
vn -0.392046005 -0.0493795797 -0.918619394
vn -0.931461513 -0.179877207 -0.316265404
vn 0.903342366 -0.043673154 -0.426691115
vn 0.852068186 -0.187235788 0.488797039
vn -0.952667117 -0.0175786596 -0.303507
vn -0.957823753 -0.124366909 0.259049416
vn 0.381709009 0.1194233 -0.91653502
vn 0.904461086 0.0918316171 -0.416553915
vn -0.399615109 0.104954697 -0.910654902
vn -0.952369928 0.0553610884 -0.299877793
vn 0.904461086 0.0918316171 -0.416553915
vn 0.832500458 0.0533473939 0.551449955
vn -0.394762486 0.106083803 -0.912638426
vn 0.366261303 0.107030898 -0.924336016
vn 0.896290004 0.02639913 -0.442681998
vn 0.837616205 -0.229225904 0.495837301
vn 0.893137395 0.0102848411 -0.449666351
vn 0.896290004 0.02639913 -0.442681998
vn 0.369954497 0.147560596 -0.917256594
vn -0.363486111 0.585453808 -0.724652827
vn 0.354141414 0.562310815 -0.747255325
vn -0.673277259 0.612605751 0.414019227
vn 0.837065578 0.464554906 -0.28898111
vn -0.584326446 0.197583273 0.78709811
vn 0.890460074 0.383901536 -0.244337022
vn -0.592557013 -0.130621299 0.794867516
vn -0.400774896 0.601498127 -0.691071272
vn 0.863181591 -0.304584175 0.402673542
vn 0.448698133 0.844872236 0.291308939
vn 0.837065578 0.464554906 -0.28898111
vn 0.0481894612 -0.584102571 0.810248196
vn -0.395433098 0.127843603 -0.909554124
vn 0.89527601 0.293684781 -0.335007578
vn 0.275374144 -0.384937823 -0.880904138
vn -0.418824434 -0.753353 0.506996453
vn 0.8042382 -0.343980283 -0.484642535
vn 0.0317096673 -0.767013788 0.64084655
vn -0.273271114 -0.945675373 0.176127702
vn -0.709998608 -0.572936773 0.409445494
vn -0.554445267 -0.292161882 -0.779250801
vn -0.823105574 -0.365438104 -0.434686393
vn 0.8042382 -0.343980283 -0.484642535
vn -0.232282773 0.955103099 -0.18390958
vn -0.865256786 0.496429294 0.0699200034
vn -0.129338622 0.39775154 -0.908331037
vn -0.698985815 -0.678354681 0.226392895
vn 0 0.99483794 -0.101476707
vn -0.348558992 -0.916611612 0.195780203
vn 0.124486201 -0.93555373 -0.330518603
vn -0.749233723 0.643639088 -0.156133503
vn -0.924114108 0.243876994 -0.294172198
vn -0.965824008 0.251595795 -0.0623190887
vn -0.717373073 -0.694606185 0.0538350306
vn 0.334157705 0.550937474 -0.76472652
vn 0.798567295 -0.356404096 -0.48504281
vn 0.898479104 0.232798874 -0.372209579
vn -0.0542015992 -0.299787402 0.952465117
vn 0.144141614 -0.319290638 0.936630547
vn 0.418837696 -0.536120713 0.732904911
vn -0.000122076977 -0.999843299 -0.0177011974
vn 0.798567295 -0.356404096 -0.48504281
vn 0.271533281 -0.391963631 -0.878996074
vn -0.19715251 0.957166433 -0.212045714
vn -0.253183693 0.963538826 -0.0865512416
vn -0.52801311 0.828627527 -0.185953602
vn 0.85735333 -0.333059102 0.392450005
vn 0.0271314308 -0.752936423 0.657533824
vn 0.0494097397 -0.543079913 0.83822608
vn 0.967721999 0.0187385604 0.251322597
vn 0.349417239 -0.242568612 0.905023873
vn 0.345083773 0.0112311188 0.938504696
vn -0.932267904 -0.35185501 -0.0841106698
vn -0.965004325 -0.1959306 0.174292803
vn -0.885720551 -0.425281435 -0.186104417
vn -0.0244152509 -0.1709681 0.984974086
vn 0.801101089 -0.129493386 0.58435303
vn -0.723513603 0.686005771 0.0769688413
vn -0.709851265 0.590215147 0.384392232
vn -0.868027747 0.495418519 -0.0329912342
vn -0.341173291 -0.0492883883 0.938707411
vn -0.947835207 -0.173165992 0.267622977
vn -0.910728335 0.368063539 -0.18735832
vn -0.946139395 -0.0980869383 -0.308543563
vn -0.709483504 -0.250014603 0.65888238
vn -0.413473397 0.0553921983 0.908829808
vn -0.811805606 -0.0499901026 0.58178395
vn 0.418837696 -0.536120713 0.732904911
vn -0.464687139 -0.21986112 0.857745349
vn -0.417504042 -0.141029686 0.897664189
vn -0.650731742 -0.214214668 0.728464365
vn -0.89713937 0.0151069099 0.441489309
vn -0.549194276 -0.0736429617 0.832443714
vn 0.950858712 -0.0511197411 -0.305375904
vn 0.971667707 -0.114385597 0.206828102
vn 0.124486201 -0.93555373 -0.330518603
vn -0.525182009 -0.498477191 -0.689713299
vn 0.569582522 -0.335010797 -0.750562191
vn -0.968605578 0.08819931 0.232431099
vn -0.750703275 -0.0598169491 0.657926023
vn -0.973273575 -0.118077002 0.196968004
vn -0.928698897 0.211406395 0.304673105
vn -0.936299682 -0.00579863694 0.351154298
vn -0.934935927 -0.271471411 -0.228469297
vn -0.94638449 -0.110267587 -0.303640276
vn 0.172130093 -0.321095914 0.931272686
vn 0.922579706 -0.05490309 0.381880194
vn 0.915093184 -0.117530085 0.385734439
vn -0.575529873 -0.0610077307 0.815501928
vn -0.650590837 -0.383725643 0.655352056
vn -0.966644406 0.17850858 -0.183666378
vn -0.471068531 0.11524161 -0.874536335
vn -0.443231612 0.222577199 -0.86833477
vn 0.799196184 -0.0378432795 0.599877775
vn 0.0505695827 -0.127507389 0.990547597
vn -0.883028507 0.255877703 0.393430293
vn -0.360125661 -0.358843863 -0.861127496
vn -0.313093007 -0.413866192 -0.854802728
vn -0.964306593 -0.0623806715 -0.257335603
vn -0.966254711 -0.195625305 -0.167578503
vn -0.736667812 -0.543665588 -0.402179509
vn -0.572604835 -0.0321369134 0.819201469
vn 0.733289242 -0.678751111 -0.0397972353
vn 0.966791213 -0.117407799 -0.227002695
vn 0.411150604 0.0965312719 0.906441927
vn 0.968194783 0.149727717 0.200450808
vn 0.315969229 0.383325934 0.867885232
vn 0.0519125983 0.245768696 0.96793741
vn -0.868027747 0.495418519 -0.0329912342
vn -0.869479895 0.377914011 0.318097204
vn -0.942221522 0.293351203 -0.161752105
vn 0.30125007 0.0823089331 -0.9499861
vn -0.447071105 -0.0120854303 -0.894416809
vn 0.298661113 0.0225841906 -0.954092026
vn -0.975135684 0.0750761703 -0.208504215
vn -0.878181994 -0.212594837 0.428485662
vn -0.581275702 0.0558202788 0.81178987
vn -0.876688838 0.111028105 0.468069941
vn 0.730021179 0.375234604 0.571198821
vn 0.844010949 0.443536818 -0.30153054
vn 0.903437138 0.319630325 -0.285723239
vn 0.873307288 0.0391866453 -0.485591143
vn 0.362748921 0.47936213 -0.799140334
vn 0.844010949 0.443536818 -0.30153054
vn -0.945397913 0.249831393 -0.209301695
vn -0.966680586 -0.103061698 0.234322697
vn -0.708292186 -0.662329972 0.244215503
vn -0.368768215 0.570197582 -0.734087765
vn -0.827772439 -0.36381942 -0.427116215
vn -0.257034689 -0.339162588 -0.904932022
vn -0.924114108 0.243876994 -0.294172198
vn 0.645605743 -0.66257447 0.379721344
vn 0.0271314308 -0.752936423 0.657533824
vn -0.257034689 -0.339162588 -0.904932022
vn -0.424066693 -0.733929873 0.530579329
vn -0.266707212 0.960774601 0.0760232806
vn 0.733289242 -0.678751111 -0.0397972353
vn 0 -0.962884784 0.269912899
vn -0.991215408 0.00366222742 -0.132206783
vn 0.966791213 -0.117407799 -0.227002695
vn 0.97532469 -0.0907938406 0.201241896
vn -0.743419647 0.0972344652 0.661719561
vn 0.159033701 -0.0951578021 0.982676625
vn -0.919865727 0.363752991 -0.146734104
vn -0.344075799 -0.616034329 -0.708599687
vn -0.537260354 0.269118458 0.799328804
vn -0.575157344 0.351881772 0.738493919
vn -0.574738681 -0.00946092606 0.818282425
vn -0.36061281 -0.335831404 -0.870158494
vn 0.892993808 -0.323107511 -0.313310802
vn 0.525843918 -0.299789071 -0.79599911
vn 0.949103057 -0.117069982 -0.292400271
vn 0.332595497 0.187081099 -0.924327314
vn 0.593598485 -0.294418693 -0.748971701
vn 0.950858712 -0.0511197411 -0.305375904
vn 0.811196089 -0.513757527 0.279310197
vn 0.487235993 -0.517602503 -0.703341126
vn -0.90631789 -0.279705107 0.316785514
vn 0.949103057 -0.117069982 -0.292400271
vn 0.253462732 0.0700417161 0.964806139
vn 0.572176456 -0.26951617 -0.774580598
vn -0.510348976 -0.243332893 0.824823081
vn -0.959439218 -0.0712933466 -0.272752106
vn 0.936241627 -0.122107796 -0.32945621
vn 0.866076529 0.133644 -0.481716514
vn 0.873307288 0.0391866453 -0.485591143
vn 0.866076529 0.133644 -0.481716514
vn 0.971215606 0.0955864117 0.218182504
vn 0.860305607 0.0104985796 -0.509670615
vn -0.358327866 0.49847275 -0.789383292
vn -0.911284506 0.143289492 0.386042237
vn 0.369744301 0.518710077 -0.77086252
vn 0.903437138 0.319630325 -0.285723239
vn -0.405174613 0.583956897 -0.70344013
vn 0.898479104 0.232798874 -0.372209579
vn 0.645605743 -0.66257447 0.379721344
vn 0.271533281 -0.391963631 -0.878996074
vn -0.424066693 -0.733929873 0.530579329
vn -0.827772439 -0.36381942 -0.427116215
vn 0.860305607 0.0104985796 -0.509670615
vn -0.736667812 -0.543665588 -0.402179509
vn -0.975661695 -0.214578971 -0.0451680981
vn -0.964306593 -0.0623806715 -0.257335603
vn -0.708292186 -0.662329972 0.244215503
vn -0.339925498 -0.918177307 0.203473002
vn -0.840961516 0.521118402 -0.145668998
vn 0.811196089 -0.513757527 0.279310197
vn 0.733289242 -0.678751111 -0.0397972353
vn -0.343518883 0.828614056 0.44203335
vn -0.0635720417 0.0560947582 0.996399522
vn 0.144141614 -0.319290638 0.936630547
vn -0.393850744 0.648503244 0.651402533
vn -0.944174707 0.185312986 0.272384465
vn -0.530056596 0.405935198 0.744484127
vn -0.254745096 0.382499099 0.888143778
vn -0.555047214 0.113041982 0.824101985
vn -0.0595130883 0.314137787 0.947510302
vn -0.393850744 0.648503244 0.651402533
vn -0.374471992 0.605594814 0.702157915
vn -0.74283731 0.33748129 0.578186214
vn -0.709851265 0.590215147 0.384392232
vn -0.530056596 0.405935198 0.744484127
vn -0.944174707 0.185312986 0.272384465
vn -0.0635720417 0.0560947582 0.996399522
vn -0.996834517 -0.0208442807 0.0767241716
vn -0.996808708 -0.00286877109 0.0797763988
vn -0.976792693 0.0394611247 0.210520372
vn -0.979998887 -0.00271618296 0.198984504
vn -0.993053675 0.00561547186 0.1175282
vn 0 -0.1428269 -0.989747703
vn -0.994410098 -0.0222485587 0.103216186
vn -0.960690916 -0.0177012607 0.277055502
vn -0.961259484 0.0524317585 0.270612687
vn -0.92929548 0.0714466572 -0.362360835
vn -0.904461086 0.0918316171 -0.416553915
vn -0.890460074 0.383901536 -0.244337022
vn -0.949103057 -0.117069982 -0.292400271
vn -0.903437138 0.319630325 -0.285723239
vn 0.90513432 -0.172402203 -0.388599187
vn 0.893137395 0.0102848411 -0.449666351
vn 0.936241627 -0.122107796 -0.32945621
vn 0.892993808 -0.323107511 -0.313310802
vn 0.798567295 -0.356404096 -0.48504281
f 1/1/1 2/2/2 3/3/3
f 4/4/4 5/5/5 6/6/6
f 7/7/7 8/8/8 9/9/9
f 10/10/10 11/11/11 12/12/12
f 13/13/13 14/14/14 15/15/15
f 16/16/16 17/17/17 18/18/18
f 19/19/19 15/15/15 17/17/17
f 17/17/17 20/20/20 21/21/21
f 22/22/22 23/23/23 24/24/24
f 2/2/2 21/21/21 25/25/25
f 5/5/5 26/26/26 27/27/27
f 15/15/15 19/19/19 13/13/13
f 28/28/28 29/29/29 30/30/30
f 31/31/31 32/32/32 33/33/33
f 34/34/34 35/35/35 36/36/36
f 37/37/37 38/38/38 39/39/39
f 40/40/40 41/41/41 42/42/42
f 43/43/43 44/44/44 45/45/45
f 46/46/46 47/47/47 48/48/48
f 49/49/49 50/50/50 51/51/51
f 52/52/52 53/53/53 54/54/54
f 55/55/55 56/56/56 57/57/57
f 58/58/58 59/59/59 60/60/60
f 56/56/56 55/55/55 61/61/61
f 62/62/62 63/63/63 33/33/33
f 48/48/48 64/64/64 46/46/46
f 65/65/65 66/66/66 47/47/47
f 67/67/67 68/68/68 29/29/29
f 69/69/69 70/70/70 71/71/71
f 72/72/72 22/22/22 73/73/73
f 74/74/74 75/75/75 76/76/76
f 51/51/51 50/50/50 77/77/77
f 78/78/78 79/79/79 35/35/35
f 80/80/80 81/81/81 82/82/82
f 83/83/83 84/84/84 85/85/85
f 86/86/86 87/87/87 88/88/88
f 89/89/89 90/90/90 91/91/91
f 88/88/88 57/57/57 92/92/92
f 33/33/33 14/14/14 27/27/27
f 33/33/33 32/32/32 62/62/62
f 93/93/93 94/94/94 95/95/95
f 96/96/96 97/97/97 98/98/98
f 93/93/93 99/99/99 94/94/94
f 66/66/66 100/100/100 48/48/48
f 85/85/85 101/101/101 83/83/83
f 102/102/102 103/103/103 67/67/67
f 104/104/104 105/105/105 106/106/106
f 107/107/107 69/69/69 108/108/108
f 109/109/109 110/110/110 111/111/111
f 112/112/112 113/113/113 114/114/114
f 42/42/42 115/115/115 116/116/116
f 117/117/117 118/118/118 119/119/119
f 103/103/103 120/120/120 68/68/68
f 121/121/121 122/122/122 123/123/123
f 37/37/37 124/124/124 125/125/125
f 126/126/126 49/49/49 127/127/127
f 128/128/128 129/129/129 130/130/130
f 131/131/131 7/7/7 132/132/132
f 54/54/54 53/53/53 22/22/22
f 133/133/133 134/134/134 135/135/135
f 134/134/134 136/136/136 137/137/137
f 138/138/138 130/130/130 139/139/139
f 140/140/140 141/141/141 7/7/7
f 142/142/142 141/141/141 143/143/143
f 110/110/110 144/144/144 121/121/121
f 135/135/135 73/73/73 24/24/24
f 135/135/135 134/134/134 137/137/137
f 22/22/22 24/24/24 73/73/73
f 145/145/145 133/133/133 135/135/135
f 145/145/145 24/24/24 23/23/23
f 146/146/146 145/145/145 23/23/23
f 147/147/147 133/133/133 148/148/148
f 149/149/149 141/141/141 142/142/142
f 127/127/127 150/150/150 126/126/126
f 151/151/151 152/152/152 89/89/89
f 46/46/46 153/153/153 124/124/124
f 154/154/154 155/155/155 156/156/156
f 157/157/157 158/158/158 103/103/103
f 70/70/70 159/159/159 160/160/160
f 83/83/83 161/161/161 100/100/100
f 58/58/58 162/162/162 163/163/163
f 150/150/150 112/112/112 164/164/164
f 165/165/165 166/166/166 167/167/167
f 168/168/168 108/108/108 169/169/169
f 170/170/170 87/87/87 171/171/171
f 124/124/124 172/172/172 173/173/173
f 174/174/174 30/30/30 175/175/175
f 176/176/176 177/177/177 132/132/132
f 178/178/178 50/50/50 49/49/49
f 77/77/77 179/179/179 177/177/177
f 180/180/180 178/178/178 126/126/126
f 131/131/131 50/50/50 180/180/180
f 179/179/179 50/50/50 131/131/131
f 181/181/181 9/9/9 8/8/8
f 131/131/131 180/180/180 8/8/8
f 33/33/33 63/63/63 14/14/14
f 20/20/20 15/15/15 182/182/182
f 17/17/17 15/15/15 20/20/20
f 14/14/14 13/13/13 27/27/27
f 183/183/183 184/184/184 159/159/159
f 81/81/81 185/185/185 82/82/82
f 59/59/59 186/186/186 60/60/60
f 129/129/129 159/159/159 187/187/187
f 99/99/99 97/97/97 94/94/94
f 71/71/71 160/160/160 75/75/75
f 188/188/188 189/189/189 190/190/190
f 186/186/186 191/191/191 60/60/60
f 192/192/192 193/193/193 194/194/194
f 194/194/194 195/195/195 196/196/196
f 197/197/197 194/194/194 193/193/193
f 137/137/137 72/72/72 73/73/73
f 10/10/10 198/198/198 11/11/11
f 199/199/199 134/134/134 147/147/147
f 6/6/6 5/5/5 200/200/200
f 201/201/201 16/16/16 202/202/202
f 19/19/19 17/17/17 16/16/16
f 17/17/17 2/2/2 18/18/18
f 203/203/203 204/204/204 186/186/186
f 11/11/11 171/171/171 85/85/85
f 205/205/205 206/206/206 161/161/161
f 1/1/1 154/154/154 207/207/207
f 62/62/62 208/208/208 209/209/209
f 210/210/210 211/211/211 157/157/157
f 212/212/212 31/31/31 213/213/213
f 26/26/26 213/213/213 31/31/31
f 214/214/214 55/55/55 170/170/170
f 168/168/168 215/215/215 212/212/212
f 93/93/93 89/89/89 99/99/99
f 76/76/76 216/216/216 165/165/165
f 217/217/217 218/218/218 219/219/219
f 3/3/3 25/25/25 155/155/155
f 104/104/104 220/220/220 221/221/221
f 222/222/222 44/44/44 223/223/223
f 96/96/96 86/86/86 88/88/88
f 55/55/55 88/88/88 87/87/87
f 224/224/224 225/225/225 226/226/226
f 85/85/85 12/12/12 11/11/11
f 227/227/227 228/228/228 229/229/229
f 47/47/47 230/230/230 65/65/65
f 231/231/231 232/232/232 233/233/233
f 191/191/191 167/167/167 218/218/218
f 204/204/204 76/76/76 186/186/186
f 186/186/186 165/165/165 191/191/191
f 75/75/75 231/231/231 216/216/216
f 216/216/216 233/233/233 166/166/166
f 234/234/234 227/227/227 69/69/69
f 235/235/235 236/236/236 224/224/224
f 139/139/139 237/237/237 238/238/238
f 184/184/184 181/181/181 239/239/239
f 99/99/99 91/91/91 240/240/240
f 239/239/239 241/241/241 242/242/242
f 129/129/129 181/181/181 183/183/183
f 54/54/54 72/72/72 243/243/243
f 164/164/164 114/114/114 244/244/244
f 245/245/245 77/77/77 246/246/246
f 247/247/247 248/248/248 113/113/113
f 249/249/249 250/250/250 248/248/248
f 141/141/141 176/176/176 132/132/132
f 177/177/177 131/131/131 132/132/132
f 251/251/251 252/252/252 35/35/35
f 253/253/253 254/254/254 255/255/255
f 217/217/217 256/256/256 222/222/222
f 190/190/190 162/162/162 188/188/188
f 101/101/101 87/87/87 86/86/86
f 200/200/200 13/13/13 257/257/257
f 258/258/258 259/259/259 251/251/251
f 32/32/32 215/215/215 208/208/208
f 204/204/204 208/208/208 169/169/169
f 64/64/64 260/260/260 153/153/153
f 232/232/232 239/239/239 242/242/242
f 261/261/261 90/90/90 262/262/262
f 63/63/63 15/15/15 14/14/14
f 241/241/241 164/164/164 263/263/263
f 244/244/244 263/263/263 164/164/164
f 98/98/98 205/205/205 86/86/86
f 47/47/47 39/39/39 264/264/264
f 97/97/97 240/240/240 98/98/98
f 172/172/172 30/30/30 173/173/173
f 152/152/152 235/235/235 224/224/224
f 239/239/239 126/126/126 150/150/150
f 211/211/211 265/265/265 40/40/40
f 266/266/266 120/120/120 267/267/267
f 224/224/224 90/90/90 152/152/152
f 125/125/125 173/173/173 174/174/174
f 153/153/153 268/268/268 172/172/172
f 269/269/269 225/225/225 270/270/270
f 268/268/268 270/270/270 271/271/271
f 272/272/272 175/175/175 273/273/273
f 262/262/262 268/268/268 260/260/260
f 28/28/28 102/102/102 67/67/67
f 274/274/274 275/275/275 236/236/236
f 270/270/270 276/276/276 277/277/277
f 271/271/271 277/277/277 102/102/102
f 90/90/90 269/269/269 262/262/262
f 268/268/268 28/28/28 172/172/172
f 277/277/277 157/157/157 102/102/102
f 266/266/266 278/278/278 279/279/279
f 275/275/275 280/280/280 276/276/276
f 86/86/86 161/161/161 101/101/101
f 236/236/236 276/276/276 225/225/225
f 281/281/281 267/267/267 282/282/282
f 283/283/283 284/284/284 285/285/285
f 276/276/276 210/210/210 277/277/277
f 275/275/275 286/286/286 283/283/283
f 285/285/285 287/287/287 288/288/288
f 70/70/70 229/229/229 187/187/187
f 285/285/285 289/289/289 290/290/290
f 158/158/158 291/291/291 120/120/120
f 267/267/267 291/291/291 104/104/104
f 289/289/289 109/109/109 290/290/290
f 291/291/291 116/116/116 105/105/105
f 265/265/265 111/111/111 41/41/41
f 220/220/220 292/292/292 117/117/117
f 293/293/293 139/139/139 294/294/294
f 287/287/287 109/109/109 111/111/111
f 267/267/267 221/221/221 282/282/282
f 111/111/111 121/121/121 41/41/41
f 106/106/106 295/295/295 292/292/292
f 296/296/296 287/287/287 265/265/265
f 109/109/109 297/297/297 298/298/298
f 299/299/299 42/42/42 116/116/116
f 298/298/298 300/300/300 110/110/110
f 123/123/123 301/301/301 115/115/115
f 298/298/298 302/302/302 303/303/303
f 115/115/115 304/304/304 295/295/295
f 116/116/116 295/295/295 105/105/105
f 292/292/292 304/304/304 118/118/118
f 35/35/35 254/254/254 36/36/36
f 114/114/114 78/78/78 34/34/34
f 279/279/279 68/68/68 266/266/266
f 50/50/50 178/178/178 180/180/180
f 129/129/129 229/229/229 237/237/237
f 71/71/71 108/108/108 69/69/69
f 175/175/175 278/278/278 273/273/273
f 74/74/74 169/169/169 108/108/108
f 305/305/305 202/202/202 306/306/306
f 142/142/142 294/294/294 149/149/149
f 128/128/128 7/7/7 9/9/9
f 148/148/148 145/145/145 146/146/146
f 248/248/248 307/307/307 258/258/258
f 146/146/146 53/53/53 308/308/308
f 127/127/127 51/51/51 247/247/247
f 240/240/240 261/261/261 205/205/205
f 248/248/248 78/78/78 113/113/113
f 309/309/309 310/310/310 311/311/311
f 125/125/125 272/272/272 38/38/38
f 206/206/206 262/262/262 260/260/260
f 160/160/160 184/184/184 231/231/231
f 210/210/210 288/288/288 296/296/296
f 283/283/283 288/288/288 280/280/280
f 158/158/158 40/40/40 299/299/299
f 161/161/161 64/64/64 100/100/100
f 41/41/41 123/123/123 42/42/42
f 229/229/229 238/238/238 237/237/237
f 77/77/77 247/247/247 51/51/51
f 155/155/155 45/45/45 156/156/156
f 126/126/126 8/8/8 180/180/180
f 34/34/34 310/310/310 244/244/244
f 175/175/175 29/29/29 279/279/279
f 312/312/312 82/82/82 185/185/185
f 222/222/222 189/189/189 188/188/188
f 60/60/60 217/217/217 162/162/162
f 162/162/162 222/222/222 188/188/188
f 310/310/310 255/255/255 311/311/311
f 313/313/313 194/194/194 314/314/314
f 315/315/315 194/194/194 196/196/196
f 129/129/129 128/128/128 9/9/9
f 198/198/198 214/214/214 170/170/170
f 316/316/316 257/257/257 19/19/19
f 6/6/6 317/317/317 4/4/4
f 209/209/209 204/204/204 203/203/203
f 48/48/48 100/100/100 64/64/64
f 77/77/77 177/177/177 246/246/246
f 244/244/244 114/114/114 34/34/34
f 34/34/34 36/36/36 253/253/253
f 78/78/78 258/258/258 79/79/79
f 88/88/88 92/92/92 96/96/96
f 66/66/66 83/83/83 100/100/100
f 47/47/47 66/66/66 48/48/48
f 117/117/117 292/292/292 118/118/118
f 121/121/121 144/144/144 122/122/122
f 126/126/126 178/178/178 49/49/49
f 7/7/7 141/141/141 132/132/132
f 140/140/140 143/143/143 141/141/141
f 135/135/135 137/137/137 73/73/73
f 145/145/145 135/135/135 24/24/24
f 147/147/147 134/134/134 133/133/133
f 243/243/243 52/52/52 54/54/54
f 112/112/112 127/127/127 247/247/247
f 169/169/169 208/208/208 215/215/215
f 197/197/197 314/314/314 194/194/194
f 26/26/26 33/33/33 27/27/27
f 27/27/27 13/13/13 5/5/5
f 130/130/130 129/129/129 237/237/237
f 130/130/130 138/138/138 128/128/128
f 5/5/5 13/13/13 200/200/200
f 13/13/13 19/19/19 257/257/257
f 16/16/16 316/316/316 19/19/19
f 306/306/306 1/1/1 207/207/207
f 16/16/16 1/1/1 202/202/202
f 5/5/5 4/4/4 26/26/26
f 77/77/77 50/50/50 179/179/179
f 318/318/318 4/4/4 317/317/317
f 4/4/4 319/319/319 26/26/26
f 208/208/208 204/204/204 209/209/209
f 11/11/11 198/198/198 170/170/170
f 320/320/320 321/321/321 322/322/322
f 323/323/323 324/324/324 325/325/325
f 326/326/326 257/257/257 316/316/316
f 327/327/327 328/328/328 329/329/329
f 330/330/330 331/331/331 332/332/332
f 333/333/333 334/334/334 335/335/335
f 317/317/317 336/336/336 318/318/318
f 337/337/337 338/338/338 339/339/339
f 340/340/340 341/341/341 342/342/342
f 343/343/343 344/344/344 345/345/345
f 346/346/346 347/347/347 348/348/348
f 331/331/331 349/349/349 350/350/350
f 351/351/351 352/352/352 353/353/353
f 332/332/332 354/354/354 330/330/330
f 355/355/355 356/356/356 357/357/357
f 358/358/358 359/359/359 360/360/360
f 361/361/361 362/362/362 363/363/363
f 330/330/330 360/360/360 349/349/349
f 364/364/364 365/365/365 366/366/366
f 367/367/367 345/345/345 368/368/368
f 369/369/369 370/370/370 371/371/371
f 372/372/372 373/373/373 374/374/374
f 347/347/347 375/375/375 376/376/376
f 377/377/377 378/378/378 379/379/379
f 380/380/380 381/381/381 382/382/382
f 383/383/383 384/384/384 385/385/385
f 386/386/386 387/387/387 388/388/388
f 389/389/389 384/384/384 340/340/340
f 365/365/365 357/357/357 390/390/390
f 391/391/391 378/378/378 392/392/392
f 393/393/393 394/394/394 395/395/395
f 396/396/396 354/354/354 397/397/397
f 398/398/398 399/399/399 369/369/369
f 400/400/400 401/401/401 402/402/402
f 349/349/349 359/359/359 400/400/400
f 403/403/403 389/389/389 404/404/404
f 405/405/405 406/406/406 407/407/407
f 408/408/408 409/409/409 387/387/387
f 364/364/364 410/410/410 355/355/355
f 379/379/379 411/411/411 412/412/412
f 404/404/404 413/413/413 414/414/414
f 415/415/415 416/416/416 417/417/417
f 418/418/418 419/419/419 420/420/420
f 421/421/421 422/422/422 418/418/418
f 423/423/423 414/414/414 424/424/424
f 405/405/405 425/425/425 426/426/426
f 427/427/427 428/428/428 334/334/334
f 334/334/334 429/429/429 335/335/335
f 430/430/430 334/334/334 428/428/428
f 323/323/323 431/431/431 337/337/337
f 326/326/326 320/320/320 322/322/322
f 321/321/321 432/432/432 322/322/322
f 323/323/323 352/352/352 351/351/351
f 426/426/426 372/372/372 406/406/406
f 337/337/337 433/433/433 434/434/434
f 373/373/373 360/360/360 396/396/396
f 402/402/402 435/435/435 350/350/350
f 395/395/395 436/436/436 372/372/372
f 374/374/374 396/396/396 397/397/397
f 394/394/394 370/370/370 346/346/346
f 401/401/401 437/437/437 343/343/343
f 411/411/411 382/382/382 438/438/438
f 357/357/357 439/439/439 440/440/440
f 346/346/346 441/441/441 442/442/442
f 365/365/365 403/403/403 380/380/380
f 443/443/443 437/437/437 444/444/444
f 375/375/375 445/445/445 443/443/443
f 446/446/446 392/392/392 447/447/447
f 448/448/448 449/449/449 450/450/450
f 451/451/451 452/452/452 453/453/453
f 449/449/449 454/454/454 455/455/455
f 432/432/432 456/456/456 457/457/457
f 457/457/457 458/458/458 361/361/361
f 459/459/459 450/450/450 399/399/399
f 348/348/348 376/376/376 358/358/358
f 394/394/394 348/348/348 436/436/436
f 450/450/450 446/446/446 441/441/441
f 402/402/402 460/460/460 461/461/461
f 442/442/442 446/446/446 447/447/447
f 400/400/400 443/443/443 444/444/444
f 438/438/438 345/345/345 344/344/344
f 449/449/449 391/391/391 446/446/446
f 350/350/350 400/400/400 402/402/402
f 364/364/364 411/411/411 462/462/462
f 455/455/455 451/451/451 391/391/391
f 445/445/445 344/344/344 437/437/437
f 447/447/447 377/377/377 375/375/375
f 378/378/378 453/453/453 386/386/386
f 412/412/412 438/438/438 344/344/344
f 463/463/463 452/452/452 464/464/464
f 379/379/379 386/386/386 462/462/462
f 462/462/462 388/388/388 364/364/364
f 453/453/453 408/408/408 387/387/387
f 381/381/381 424/424/424 465/465/465
f 345/345/345 466/466/466 368/368/368
f 388/388/388 409/409/409 410/410/410
f 366/366/366 380/380/380 382/382/382
f 467/467/467 417/417/417 408/408/408
f 468/468/468 408/408/408 452/452/452
f 417/417/417 469/469/469 409/409/409
f 410/410/410 469/469/469 356/356/356
f 440/440/440 470/470/470 383/383/383
f 423/423/423 403/403/403 404/404/404
f 471/471/471 472/472/472 416/416/416
f 403/403/403 383/383/383 385/385/385
f 356/356/356 473/473/473 439/439/439
f 425/425/425 395/395/395 426/426/426
f 469/469/469 472/472/472 473/473/473
f 473/473/473 418/418/418 439/439/439
f 439/439/439 420/420/420 440/440/440
f 413/413/413 340/340/340 474/474/474
f 473/473/473 327/327/327 421/421/421
f 472/472/472 475/475/475 327/327/327
f 390/390/390 440/440/440 383/383/383
f 474/474/474 342/342/342 476/476/476
f 421/421/421 329/329/329 477/477/477
f 420/420/420 478/478/478 470/470/470
f 470/470/470 341/341/341 384/384/384
f 479/479/479 334/334/334 480/480/480
f 399/399/399 441/441/441 370/370/370
f 436/436/436 358/358/358 373/373/373
f 401/401/401 367/367/367 460/460/460
f 481/481/481 465/465/465 466/466/466
f 322/322/322 482/482/482 326/326/326
f 482/482/482 483/483/483 484/484/484
f 483/483/483 325/325/325 324/324/324
f 484/484/484 257/257/257 326/326/326
f 200/200/200 484/484/484 324/324/324
f 347/347/347 442/442/442 447/447/447
f 404/404/404 389/389/389 413/413/413
f 418/418/418 422/422/422 419/419/419
f 430/430/430 480/480/480 334/334/334
f 485/485/485 486/486/486 487/487/487
f 323/323/323 488/488/488 324/324/324
f 257/257/257 484/484/484 200/200/200
f 200/200/200 324/324/324 6/6/6
f 326/326/326 482/482/482 484/484/484
f 320/320/320 326/326/326 486/486/486
f 6/6/6 488/488/488 339/339/339
f 375/375/375 359/359/359 376/376/376
f 412/412/412 377/377/377 379/379/379
f 381/381/381 438/438/438 382/382/382
f 489/489/489 435/435/435 490/490/490
f 350/350/350 489/489/489 331/331/331
f 454/454/454 464/464/464 455/455/455
f 324/324/324 484/484/484 483/483/483
f 338/338/338 434/434/434 336/336/336
f 324/324/324 488/488/488 6/6/6
f 339/339/339 317/317/317 6/6/6
f 339/339/339 323/323/323 337/337/337
f 487/487/487 201/201/201 305/305/305
f 486/486/486 316/316/316 201/201/201
f 351/351/351 491/491/491 431/431/431
f 431/431/431 492/492/492 433/433/433
f 493/493/493 494/494/494 495/495/495
f 496/496/496 497/497/497 498/498/498
f 493/493/493 499/499/499 500/500/500
f 354/354/354 501/501/501 397/397/397
f 494/494/494 363/363/363 362/362/362
f 495/495/495 502/502/502 493/493/493
f 493/493/493 502/502/502 499/499/499
f 503/503/503 502/502/502 504/504/504
f 491/491/491 505/505/505 503/503/503
f 397/397/397 506/506/506 374/374/374
f 506/506/506 507/507/507 407/407/407
f 406/406/406 374/374/374 506/506/506
f 406/406/406 506/506/506 407/407/407
f 505/505/505 502/502/502 503/503/503
f 353/353/353 505/505/505 491/491/491
f 503/503/503 508/508/508 509/509/509
f 496/496/496 510/510/510 497/497/497
f 511/511/511 501/501/501 354/354/354
f 332/332/332 511/511/511 354/354/354
f 507/507/507 506/506/506 501/501/501
f 512/512/512 513/513/513 514/514/514
f 497/497/497 515/515/515 516/516/516
f 517/517/517 518/518/518 519/519/519
f 520/520/520 521/521/521 522/522/522
f 518/518/518 514/514/514 523/523/523
f 520/520/520 524/524/524 525/525/525
f 526/526/526 522/522/522 521/521/521
f 524/524/524 522/522/522 526/526/526
f 527/527/527 520/520/520 528/528/528
f 515/515/515 529/529/529 530/530/530
f 531/531/531 528/528/528 512/512/512
f 510/510/510 529/529/529 532/532/532
f 528/528/528 525/525/525 513/513/513
f 533/533/533 519/519/519 529/529/529
f 530/530/530 519/519/519 534/534/534
f 535/535/535 512/512/512 518/518/518
f 534/534/534 518/518/518 523/523/523
f 497/497/497 510/510/510 532/532/532
f 505/505/505 500/500/500 499/499/499
f 500/500/500 505/505/505 353/353/353
f 330/330/330 354/354/354 396/396/396
f 509/509/509 536/536/536 503/503/503
f 503/503/503 536/536/536 492/492/492
f 492/492/492 491/491/491 503/503/503
f 537/537/537 538/538/538 539/539/539
f 540/540/540 541/541/541 542/542/542
f 543/543/543 544/544/544 545/545/545
f 546/546/546 547/547/547 548/548/548
f 549/549/549 550/550/550 551/551/551
f 552/552/552 539/539/539 553/553/553
f 554/554/554 553/553/553 550/550/550
f 553/553/553 555/555/555 556/556/556
f 557/557/557 558/558/558 559/559/559
f 538/538/538 560/560/560 555/555/555
f 542/542/542 561/561/561 562/562/562
f 550/550/550 549/549/549 554/554/554
f 563/563/563 564/564/564 565/565/565
f 566/566/566 567/567/567 568/568/568
f 569/569/569 570/570/570 571/571/571
f 572/572/572 573/573/573 574/574/574
f 575/575/575 576/576/576 577/577/577
f 578/578/578 44/44/44 579/579/579
f 580/580/580 581/581/581 572/572/572
f 582/582/582 583/583/583 584/584/584
f 585/585/585 559/559/559 586/586/586
f 587/587/587 588/588/588 589/589/589
f 590/590/590 591/591/591 592/592/592
f 589/589/589 593/593/593 587/587/587
f 594/594/594 567/567/567 595/595/595
f 596/596/596 580/580/580 597/597/597
f 598/598/598 581/581/581 599/599/599
f 565/565/565 600/600/600 601/601/601
f 602/602/602 603/603/603 604/604/604
f 605/605/605 606/606/606 557/557/557
f 607/607/607 608/608/608 604/604/604
f 583/583/583 609/609/609 584/584/584
f 571/571/571 570/570/570 610/610/610
f 611/611/611 612/612/612 613/613/613
f 614/614/614 615/615/615 616/616/616
f 617/617/617 618/618/618 619/619/619
f 620/620/620 621/621/621 622/622/622
f 618/618/618 623/623/623 588/588/588
f 567/567/567 561/561/561 551/551/551
f 567/567/567 594/594/594 568/568/568
f 624/624/624 625/625/625 626/626/626
f 627/627/627 628/628/628 629/629/629
f 624/624/624 626/626/626 630/630/630
f 599/599/599 596/596/596 631/631/631
f 615/615/615 632/632/632 633/633/633
f 601/601/601 634/634/634 565/565/565
f 635/635/635 636/636/636 637/637/637
f 107/107/107 603/603/603 234/234/234
f 638/638/638 639/639/639 640/640/640
f 641/641/641 642/642/642 643/643/643
f 644/644/644 645/645/645 646/646/646
f 647/647/647 648/648/648 649/649/649
f 601/601/601 650/650/650 651/651/651
f 652/652/652 646/646/646 653/653/653
f 572/572/572 654/654/654 580/580/580
f 655/655/655 656/656/656 582/582/582
f 657/657/657 658/658/658 659/659/659
f 660/660/660 661/661/661 544/544/544
f 662/662/662 557/557/557 559/559/559
f 663/663/663 664/664/664 665/665/665
f 665/665/665 666/666/666 667/667/667
f 668/668/668 139/139/139 658/658/658
f 669/669/669 544/544/544 670/670/670
f 671/671/671 672/672/672 670/670/670
f 639/639/639 673/673/673 674/674/674
f 664/664/664 675/675/675 606/606/606
f 664/664/664 666/666/666 665/665/665
f 557/557/557 606/606/606 675/675/675
f 676/676/676 664/664/664 663/663/663
f 676/676/676 558/558/558 675/675/675
f 677/677/677 558/558/558 676/676/676
f 678/678/678 679/679/679 663/663/663
f 149/149/149 671/671/671 670/670/670
f 656/656/656 655/655/655 680/680/680
f 681/681/681 622/622/622 682/682/682
f 580/580/580 683/683/683 597/597/597
f 154/154/154 684/684/684 685/685/685
f 686/686/686 651/651/651 687/687/687
f 602/602/602 688/688/688 689/689/689
f 614/614/614 690/690/690 632/632/632
f 590/590/590 691/691/691 591/591/591
f 680/680/680 641/641/641 656/656/656
f 166/166/166 692/692/692 167/167/167
f 168/168/168 693/693/693 107/107/107
f 694/694/694 619/619/619 587/587/587
f 654/654/654 695/695/695 683/683/683
f 696/696/696 697/697/697 698/698/698
f 176/176/176 699/699/699 246/246/246
f 700/700/700 582/582/582 584/584/584
f 609/609/609 699/699/699 701/701/701
f 702/702/702 655/655/655 700/700/700
f 660/660/660 702/702/702 584/584/584
f 701/701/701 660/660/660 584/584/584
f 703/703/703 543/543/543 545/545/545
f 660/660/660 543/543/543 702/702/702
f 567/567/567 551/551/551 595/595/595
f 556/556/556 704/704/704 550/550/550
f 553/553/553 556/556/556 550/550/550
f 551/551/551 561/561/561 549/549/549
f 705/705/705 688/688/688 706/706/706
f 613/613/613 612/612/612 707/707/707
f 708/708/708 592/592/592 591/591/591
f 688/688/688 659/659/659 689/689/689
f 630/630/630 626/626/626 629/629/629
f 604/604/604 709/709/709 602/602/602
f 710/710/710 711/711/711 712/712/712
f 708/708/708 591/591/591 713/713/713
f 714/714/714 715/715/715 716/716/716
f 715/715/715 717/717/717 718/718/718
f 719/719/719 716/716/716 715/715/715
f 666/666/666 606/606/606 605/605/605
f 546/546/546 548/548/548 720/720/720
f 721/721/721 665/665/665 667/667/667
f 541/541/541 722/722/722 542/542/542
f 723/723/723 552/552/552 724/724/724
f 554/554/554 552/552/552 553/553/553
f 553/553/553 538/538/538 555/555/555
f 725/725/725 708/708/708 726/726/726
f 548/548/548 633/633/633 694/694/694
f 727/727/727 728/728/728 729/729/729
f 537/537/537 154/154/154 685/685/685
f 594/594/594 730/730/730 568/568/568
f 687/687/687 731/731/731 686/686/686
f 566/566/566 212/212/212 213/213/213
f 562/562/562 213/213/213 319/319/319
f 732/732/732 587/587/587 593/593/593
f 733/733/733 168/168/168 212/212/212
f 624/624/624 620/620/620 681/681/681
f 734/734/734 735/735/735 608/608/608
f 736/736/736 218/218/218 713/713/713
f 685/685/685 560/560/560 538/538/538
f 635/635/635 737/737/737 738/738/738
f 739/739/739 44/44/44 256/256/256
f 617/617/617 627/627/627 618/618/618
f 587/587/587 618/618/618 588/588/588
f 740/740/740 741/741/741 742/742/742
f 615/615/615 547/547/547 616/616/616
f 743/743/743 228/228/228 744/744/744
f 581/581/581 745/745/745 746/746/746
f 747/747/747 232/232/232 706/706/706
f 713/713/713 167/167/167 692/692/692
f 726/726/726 734/734/734 607/607/607
f 708/708/708 692/692/692 734/734/734
f 608/608/608 747/747/747 709/709/709
f 735/735/735 233/233/233 747/747/747
f 234/234/234 743/743/743 744/744/744
f 748/748/748 742/742/742 749/749/749
f 750/750/750 139/139/139 238/238/238
f 706/706/706 703/703/703 705/705/705
f 630/630/630 751/751/751 620/620/620
f 752/752/752 241/241/241 680/680/680
f 659/659/659 703/703/703 545/545/545
f 662/662/662 605/605/605 557/557/557
f 753/753/753 754/754/754 641/641/641
f 609/609/609 245/245/245 246/246/246
f 643/643/643 755/755/755 756/756/756
f 756/756/756 250/250/250 245/245/245
f 670/670/670 176/176/176 149/149/149
f 699/699/699 660/660/660 701/701/701
f 757/757/757 252/252/252 259/259/259
f 758/758/758 254/254/254 759/759/759
f 736/736/736 256/256/256 219/219/219
f 711/711/711 691/691/691 760/760/760
f 632/632/632 619/619/619 633/633/633
f 722/722/722 761/761/761 549/549/549
f 762/762/762 259/259/259 307/307/307
f 568/568/568 733/733/733 566/566/566
f 726/726/726 763/763/763 730/730/730
f 597/597/597 764/764/764 728/728/728
f 232/232/232 752/752/752 706/706/706
f 729/729/729 621/621/621 751/751/751
f 595/595/595 550/550/550 704/704/704
f 241/241/241 753/753/753 680/680/680
f 263/263/263 765/765/765 753/753/753
f 628/628/628 727/727/727 766/766/766
f 581/581/581 767/767/767 572/572/572
f 629/629/629 766/766/766 630/630/630
f 695/695/695 697/697/697 563/563/563
f 622/622/622 748/748/748 682/682/682
f 752/752/752 655/655/655 703/703/703
f 687/687/687 577/577/577 768/768/768
f 769/769/769 650/650/650 600/600/600
f 621/621/621 740/740/740 622/622/622
f 574/574/574 698/698/698 654/654/654
f 683/683/683 770/770/770 764/764/764
f 771/771/771 741/741/741 772/772/772
f 770/770/770 773/773/773 771/771/771
f 774/774/774 775/775/775 696/696/696
f 776/776/776 770/770/770 771/771/771
f 563/563/563 634/634/634 777/777/777
f 749/749/749 778/778/778 779/779/779
f 773/773/773 780/780/780 741/741/741
f 777/777/777 781/781/781 773/773/773
f 621/621/621 771/771/771 772/772/772
f 770/770/770 563/563/563 777/777/777
f 781/781/781 686/686/686 731/731/731
f 782/782/782 769/769/769 783/783/783
f 778/778/778 784/784/784 785/785/785
f 617/617/617 690/690/690 727/727/727
f 742/742/742 780/780/780 778/778/778
f 786/786/786 787/787/787 769/769/769
f 785/785/785 788/788/788 789/789/789
f 780/780/780 731/731/731 784/784/784
f 778/778/778 789/789/789 779/779/779
f 790/790/790 791/791/791 792/792/792
f 793/793/793 602/602/602 689/689/689
f 790/790/790 794/794/794 788/788/788
f 651/651/651 637/637/637 795/795/795
f 787/787/787 637/637/637 650/650/650
f 794/794/794 638/638/638 796/796/796
f 637/637/637 797/797/797 795/795/795
f 577/577/577 798/798/798 791/791/791
f 737/737/737 799/799/799 738/738/738
f 800/800/800 139/139/139 668/668/668
f 791/791/791 638/638/638 792/792/792
f 787/787/787 801/801/801 635/635/635
f 798/798/798 652/652/652 639/639/639
f 738/738/738 802/802/802 636/636/636
f 768/768/768 791/791/791 803/803/803
f 638/638/638 804/804/804 796/796/796
f 795/795/795 644/644/644 575/575/575
f 640/640/640 674/674/674 805/805/805
f 646/646/646 806/806/806 653/653/653
f 640/640/640 807/807/807 804/804/804
f 645/645/645 808/808/808 806/806/806
f 797/797/797 802/802/802 645/645/645
f 799/799/799 808/808/808 802/802/802
f 570/570/570 254/254/254 252/252/252
f 754/754/754 571/571/571 642/642/642
f 783/783/783 600/600/600 564/564/564
f 584/584/584 702/702/702 700/700/700
f 659/659/659 793/793/793 689/689/689
f 604/604/604 693/693/693 607/607/607
f 775/775/775 782/782/782 783/783/783
f 607/607/607 763/763/763 726/726/726
f 305/305/305 809/809/809 723/723/723
f 671/671/671 294/294/294 800/800/800
f 657/657/657 544/544/544 669/669/669
f 679/679/679 676/676/676 663/663/663
f 755/755/755 307/307/307 250/250/250
f 677/677/677 559/559/559 558/558/558
f 656/656/656 583/583/583 582/582/582
f 766/766/766 729/729/729 751/751/751
f 755/755/755 571/571/571 762/762/762
f 309/309/309 810/810/810 765/765/765
f 574/574/574 774/774/774 696/696/696
f 728/728/728 776/776/776 729/729/729
f 709/709/709 706/706/706 688/688/688
f 731/731/731 803/803/803 784/784/784
f 785/785/785 803/803/803 790/790/790
f 651/651/651 575/575/575 687/687/687
f 690/690/690 597/597/597 728/728/728
f 576/576/576 646/646/646 652/652/652
f 793/793/793 238/238/238 228/228/228
f 609/609/609 643/643/643 756/756/756
f 684/684/684 45/45/45 578/578/578
f 655/655/655 543/543/543 703/703/703
f 569/569/569 810/810/810 758/758/758
f 775/775/775 564/564/564 697/697/697
f 811/811/811 612/612/612 611/611/611
f 739/739/739 712/712/712 579/579/579
f 591/591/591 736/736/736 713/713/713
f 691/691/691 739/739/739 736/736/736
f 810/810/810 255/255/255 758/758/758
f 812/812/812 715/715/715 718/718/718
f 715/715/715 813/813/813 717/717/717
f 659/659/659 545/545/545 657/657/657
f 720/720/720 694/694/694 732/732/732
f 724/724/724 554/554/554 761/761/761
f 541/541/541 540/540/540 814/814/814
f 815/815/815 725/725/725 726/726/726
f 596/596/596 597/597/597 631/631/631
f 609/609/609 246/246/246 699/699/699
f 765/765/765 569/569/569 754/754/754
f 569/569/569 758/758/758 759/759/759
f 571/571/571 610/610/610 762/762/762
f 618/618/618 627/627/627 623/623/623
f 599/599/599 631/631/631 614/614/614
f 581/581/581 596/596/596 599/599/599
f 647/647/647 649/649/649 799/799/799
f 652/652/652 653/653/653 673/673/673
f 655/655/655 582/582/582 700/700/700
f 544/544/544 661/661/661 670/670/670
f 669/669/669 670/670/670 672/672/672
f 664/664/664 606/606/606 666/666/666
f 676/676/676 675/675/675 664/664/664
f 678/678/678 663/663/663 665/665/665
f 816/816/816 662/662/662 585/585/585
f 641/641/641 643/643/643 656/656/656
f 763/763/763 733/733/733 730/730/730
f 719/719/719 715/715/715 817/817/817
f 567/567/567 562/562/562 561/561/561
f 561/561/561 542/542/542 549/549/549
f 658/658/658 750/750/750 659/659/659
f 658/658/658 657/657/657 668/668/668
f 542/542/542 722/722/722 549/549/549
f 549/549/549 761/761/761 554/554/554
f 552/552/552 554/554/554 724/724/724
f 306/306/306 537/537/537 809/809/809
f 537/537/537 552/552/552 809/809/809
f 542/542/542 562/562/562 540/540/540
f 609/609/609 701/701/701 584/584/584
f 318/318/318 540/540/540 818/818/818
f 540/540/540 319/319/319 818/818/818
f 730/730/730 815/815/815 726/726/726
f 548/548/548 694/694/694 720/720/720
f 321/321/321 819/819/819 820/820/820
f 821/821/821 822/822/822 823/823/823
f 824/824/824 724/724/724 761/761/761
f 825/825/825 826/826/826 827/827/827
f 828/828/828 829/829/829 830/830/830
f 831/831/831 832/832/832 833/833/833
f 814/814/814 336/336/336 834/834/834
f 835/835/835 836/836/836 834/834/834
f 837/837/837 838/838/838 839/839/839
f 840/840/840 841/841/841 842/842/842
f 843/843/843 844/844/844 845/845/845
f 846/846/846 830/830/830 847/847/847
f 848/848/848 849/849/849 850/850/850
f 829/829/829 828/828/828 851/851/851
f 852/852/852 853/853/853 854/854/854
f 855/855/855 856/856/856 857/857/857
f 858/858/858 362/362/362 458/458/458
f 828/828/828 859/859/859 860/860/860
f 861/861/861 862/862/862 863/863/863
f 864/864/864 865/865/865 840/840/840
f 866/866/866 867/867/867 868/868/868
f 869/869/869 870/870/870 871/871/871
f 872/872/872 844/844/844 857/857/857
f 873/873/873 874/874/874 875/875/875
f 876/876/876 877/877/877 878/878/878
f 879/879/879 839/839/839 880/880/880
f 881/881/881 882/882/882 883/883/883
f 884/884/884 839/839/839 885/885/885
f 861/861/861 886/886/886 852/852/852
f 887/887/887 874/874/874 888/888/888
f 889/889/889 890/890/890 891/891/891
f 860/860/860 892/892/892 851/851/851
f 893/893/893 868/868/868 894/894/894
f 895/895/895 896/896/896 897/897/897
f 846/846/846 856/856/856 859/859/859
f 898/898/898 884/884/884 885/885/885
f 899/899/899 900/900/900 901/901/901
f 902/902/902 903/903/903 904/904/904
f 862/862/862 854/854/854 905/905/905
f 906/906/906 907/907/907 908/908/908
f 909/909/909 910/910/910 911/911/911
f 912/912/912 913/913/913 914/914/914
f 915/915/915 916/916/916 917/917/917
f 918/918/918 919/919/919 920/920/920
f 878/878/878 910/910/910 909/909/909
f 899/899/899 901/901/901 921/921/921
f 922/922/922 831/831/831 923/923/923
f 831/831/831 833/833/833 924/924/924
f 925/925/925 923/923/923 831/831/831
f 821/821/821 926/926/926 848/848/848
f 824/824/824 820/820/820 819/819/819
f 321/321/321 927/927/927 928/928/928
f 821/821/821 850/850/850 822/822/822
f 901/901/901 869/869/869 929/929/929
f 835/835/835 433/433/433 926/926/926
f 870/870/870 859/859/859 855/855/855
f 930/930/930 931/931/931 847/847/847
f 929/929/929 871/871/871 890/890/890
f 932/932/932 860/860/860 870/870/870
f 890/890/890 867/867/867 891/891/891
f 896/896/896 842/842/842 897/897/897
f 907/907/907 933/933/933 863/863/863
f 886/886/886 934/934/934 853/853/853
f 843/843/843 935/935/935 867/867/867
f 861/861/861 898/898/898 936/936/936
f 937/937/937 842/842/842 938/938/938
f 872/872/872 938/938/938 873/873/873
f 939/939/939 875/875/875 887/887/887
f 940/940/940 941/941/941 942/942/942
f 888/888/888 943/943/943 944/944/944
f 941/941/941 945/945/945 942/942/942
f 927/927/927 456/456/456 928/928/928
f 946/946/946 458/458/458 456/456/456
f 894/894/894 947/947/947 940/940/940
f 948/948/948 857/857/857 844/844/844
f 890/890/890 948/948/948 843/843/843
f 947/947/947 939/939/939 941/941/941
f 931/931/931 949/949/949 896/896/896
f 845/845/845 939/939/939 935/935/935
f 895/895/895 937/937/937 856/856/856
f 865/865/865 950/950/950 841/841/841
f 941/941/941 887/887/887 951/951/951
f 847/847/847 895/895/895 846/846/846
f 907/907/907 862/862/862 908/908/908
f 951/951/951 888/888/888 944/944/944
f 938/938/938 841/841/841 952/952/952
f 953/953/953 873/873/873 875/875/875
f 874/874/874 883/883/883 888/888/888
f 952/952/952 950/950/950 907/907/907
f 954/954/954 943/943/943 955/955/955
f 906/906/906 881/881/881 874/874/874
f 908/908/908 905/905/905 881/881/881
f 883/883/883 902/902/902 943/943/943
f 877/877/877 956/956/956 878/878/878
f 865/865/865 957/957/957 958/958/958
f 905/905/905 903/903/903 882/882/882
f 863/863/863 876/876/876 861/861/861
f 959/959/959 904/904/904 912/912/912
f 955/955/955 902/902/902 959/959/959
f 904/904/904 960/960/960 913/913/913
f 854/854/854 960/960/960 903/903/903
f 961/961/961 880/880/880 916/916/916
f 878/878/878 898/898/898 876/876/876
f 914/914/914 962/962/962 963/963/963
f 898/898/898 879/879/879 936/936/936
f 853/853/853 964/964/964 960/960/960
f 921/921/921 929/929/929 889/889/889
f 960/960/960 962/962/962 913/913/913
f 964/964/964 915/915/915 918/918/918
f 934/934/934 916/916/916 915/915/915
f 911/911/911 837/837/837 884/884/884
f 964/964/964 825/825/825 962/962/962
f 962/962/962 827/827/827 963/963/963
f 936/936/936 961/961/961 886/886/886
f 965/965/965 966/966/966 837/837/837
f 918/918/918 967/967/967 825/825/825
f 916/916/916 968/968/968 917/917/917
f 880/880/880 838/838/838 968/968/968
f 969/969/969 831/831/831 924/924/924
f 868/868/868 935/935/935 947/947/947
f 871/871/871 855/855/855 948/948/948
f 896/896/896 864/864/864 840/840/840
f 958/958/958 970/970/970 877/877/877
f 820/820/820 824/824/824 971/971/971
f 971/971/971 972/972/972 973/973/973
f 973/973/973 823/823/823 822/822/822
f 972/972/972 824/824/824 761/761/761
f 722/722/722 823/823/823 972/972/972
f 844/844/844 953/953/953 845/845/845
f 909/909/909 911/911/911 884/884/884
f 915/915/915 917/917/917 919/919/919
f 925/925/925 831/831/831 974/974/974
f 485/485/485 975/975/975 819/819/819
f 821/821/821 823/823/823 976/976/976
f 761/761/761 722/722/722 972/972/972
f 722/722/722 541/541/541 823/823/823
f 824/824/824 972/972/972 971/971/971
f 819/819/819 975/975/975 824/824/824
f 541/541/541 836/836/836 976/976/976
f 856/856/856 872/872/872 857/857/857
f 952/952/952 873/873/873 938/938/938
f 877/877/877 950/950/950 958/958/958
f 977/977/977 978/978/978 930/930/930
f 977/977/977 847/847/847 830/830/830
f 945/945/945 944/944/944 954/954/954
f 823/823/823 973/973/973 972/972/972
f 434/434/434 834/834/834 336/336/336
f 823/823/823 541/541/541 976/976/976
f 836/836/836 814/814/814 834/834/834
f 836/836/836 821/821/821 976/976/976
f 487/487/487 723/723/723 975/975/975
f 975/975/975 724/724/724 824/824/824
f 848/848/848 979/979/979 849/849/849
f 926/926/926 492/492/492 979/979/979
f 980/980/980 494/494/494 981/981/981
f 496/496/496 982/982/982 983/983/983
f 980/980/980 984/984/984 985/985/985
f 851/851/851 892/892/892 986/986/986
f 494/494/494 362/362/362 981/981/981
f 495/495/495 987/987/987 504/504/504
f 980/980/980 985/985/985 987/987/987
f 988/988/988 504/504/504 987/987/987
f 979/979/979 988/988/988 989/989/989
f 990/990/990 892/892/892 932/932/932
f 990/990/990 991/991/991 992/992/992
f 900/900/900 932/932/932 869/869/869
f 900/900/900 991/991/991 990/990/990
f 987/987/987 989/989/989 988/988/988
f 849/849/849 979/979/979 989/989/989
f 988/988/988 509/509/509 993/993/993
f 496/496/496 983/983/983 510/510/510
f 986/986/986 994/994/994 851/851/851
f 829/829/829 851/851/851 994/994/994
f 992/992/992 986/986/986 990/990/990
f 995/995/995 513/513/513 996/996/996
f 983/983/983 515/515/515 997/997/997
f 517/517/517 998/998/998 535/535/535
f 999/999/999 521/521/521 1000/1000/1000
f 998/998/998 514/514/514 995/995/995
f 999/999/999 524/524/524 1001/1001/1001
f 526/526/526 521/521/521 1001/1001/1001
f 524/524/524 526/526/526 1001/1001/1001
f 999/999/999 527/527/527 996/996/996
f 515/515/515 1002/1002/1002 997/997/997
f 531/531/531 996/996/996 527/527/527
f 510/510/510 1002/1002/1002 533/533/533
f 996/996/996 525/525/525 999/999/999
f 533/533/533 1003/1003/1003 517/517/517
f 530/530/530 1003/1003/1003 1002/1002/1002
f 535/535/535 995/995/995 531/531/531
f 534/534/534 998/998/998 1003/1003/1003
f 983/983/983 997/997/997 510/510/510
f 989/989/989 985/985/985 984/984/984
f 984/984/984 849/849/849 989/989/989
f 828/828/828 860/860/860 851/851/851
f 509/509/509 988/988/988 536/536/536
f 988/988/988 492/492/492 536/536/536
f 492/492/492 988/988/988 979/979/979
f 1/1/1 18/18/18 2/2/2
f 7/7/7 131/131/131 8/8/8
f 22/22/22 53/53/53 23/23/23
f 28/28/28 67/67/67 29/29/29
f 34/34/34 78/78/78 35/35/35
f 37/37/37 125/125/125 38/38/38
f 40/40/40 265/265/265 41/41/41
f 43/43/43 223/223/223 44/44/44
f 46/46/46 37/37/37 47/47/47
f 52/52/52 308/308/308 53/53/53
f 67/67/67 103/103/103 68/68/68
f 69/69/69 227/227/227 70/70/70
f 74/74/74 71/71/71 75/75/75
f 89/89/89 152/152/152 90/90/90
f 85/85/85 171/171/171 101/101/101
f 102/102/102 157/157/157 103/103/103
f 104/104/104 291/291/291 105/105/105
f 107/107/107 234/234/234 69/69/69
f 109/109/109 298/298/298 110/110/110
f 112/112/112 247/247/247 113/113/113
f 42/42/42 123/123/123 115/115/115
f 103/103/103 158/158/158 120/120/120
f 37/37/37 46/46/46 124/124/124
f 110/110/110 300/300/300 144/144/144
f 151/151/151 1004/1004/1004 152/152/152
f 46/46/46 64/64/64 153/153/153
f 154/154/154 3/3/3 155/155/155
f 157/157/157 211/211/211 158/158/158
f 70/70/70 187/187/187 159/159/159
f 83/83/83 101/101/101 161/161/161
f 58/58/58 60/60/60 162/162/162
f 150/150/150 127/127/127 112/112/112
f 165/165/165 216/216/216 166/166/166
f 168/168/168 107/107/107 108/108/108
f 170/170/170 55/55/55 87/87/87
f 124/124/124 153/153/153 172/172/172
f 174/174/174 173/173/173 30/30/30
f 176/176/176 246/246/246 177/177/177
f 59/59/59 203/203/203 186/186/186
f 129/129/129 183/183/183 159/159/159
f 71/71/71 70/70/70 160/160/160
f 199/199/199 136/136/136 134/134/134
f 201/201/201 316/316/316 16/16/16
f 17/17/17 21/21/21 2/2/2
f 11/11/11 170/170/170 171/171/171
f 205/205/205 261/261/261 206/206/206
f 1/1/1 3/3/3 154/154/154
f 62/62/62 32/32/32 208/208/208
f 210/210/210 296/296/296 211/211/211
f 212/212/212 215/215/215 31/31/31
f 26/26/26 319/319/319 213/213/213
f 214/214/214 61/61/61 55/55/55
f 168/168/168 169/169/169 215/215/215
f 93/93/93 151/151/151 89/89/89
f 76/76/76 75/75/75 216/216/216
f 217/217/217 191/191/191 218/218/218
f 3/3/3 2/2/2 25/25/25
f 104/104/104 106/106/106 220/220/220
f 222/222/222 256/256/256 44/44/44
f 96/96/96 98/98/98 86/86/86
f 55/55/55 57/57/57 88/88/88
f 224/224/224 236/236/236 225/225/225
f 85/85/85 84/84/84 12/12/12
f 227/227/227 744/744/744 228/228/228
f 47/47/47 264/264/264 230/230/230
f 231/231/231 184/184/184 232/232/232
f 191/191/191 165/165/165 167/167/167
f 204/204/204 74/74/74 76/76/76
f 186/186/186 76/76/76 165/165/165
f 75/75/75 160/160/160 231/231/231
f 216/216/216 231/231/231 233/233/233
f 234/234/234 744/744/744 227/227/227
f 235/235/235 274/274/274 236/236/236
f 139/139/139 130/130/130 237/237/237
f 184/184/184 183/183/183 181/181/181
f 99/99/99 89/89/89 91/91/91
f 239/239/239 150/150/150 241/241/241
f 129/129/129 9/9/9 181/181/181
f 54/54/54 22/22/22 72/72/72
f 164/164/164 112/112/112 114/114/114
f 245/245/245 249/249/249 77/77/77
f 247/247/247 249/249/249 248/248/248
f 249/249/249 245/245/245 250/250/250
f 141/141/141 149/149/149 176/176/176
f 177/177/177 179/179/179 131/131/131
f 251/251/251 259/259/259 252/252/252
f 253/253/253 36/36/36 254/254/254
f 217/217/217 219/219/219 256/256/256
f 190/190/190 163/163/163 162/162/162
f 101/101/101 171/171/171 87/87/87
f 258/258/258 307/307/307 259/259/259
f 32/32/32 31/31/31 215/215/215
f 64/64/64 206/206/206 260/260/260
f 232/232/232 184/184/184 239/239/239
f 261/261/261 91/91/91 90/90/90
f 63/63/63 182/182/182 15/15/15
f 241/241/241 150/150/150 164/164/164
f 244/244/244 309/309/309 263/263/263
f 98/98/98 240/240/240 205/205/205
f 47/47/47 37/37/37 39/39/39
f 97/97/97 99/99/99 240/240/240
f 172/172/172 28/28/28 30/30/30
f 152/152/152 1004/1004/1004 235/235/235
f 239/239/239 181/181/181 126/126/126
f 211/211/211 296/296/296 265/265/265
f 266/266/266 68/68/68 120/120/120
f 224/224/224 226/226/226 90/90/90
f 125/125/125 124/124/124 173/173/173
f 153/153/153 260/260/260 268/268/268
f 269/269/269 226/226/226 225/225/225
f 268/268/268 269/269/269 270/270/270
f 272/272/272 174/174/174 175/175/175
f 262/262/262 269/269/269 268/268/268
f 28/28/28 271/271/271 102/102/102
f 274/274/274 1005/1005/1005 275/275/275
f 270/270/270 225/225/225 276/276/276
f 271/271/271 270/270/270 277/277/277
f 90/90/90 226/226/226 269/269/269
f 268/268/268 271/271/271 28/28/28
f 277/277/277 210/210/210 157/157/157
f 266/266/266 281/281/281 278/278/278
f 275/275/275 283/283/283 280/280/280
f 86/86/86 205/205/205 161/161/161
f 236/236/236 275/275/275 276/276/276
f 281/281/281 266/266/266 267/267/267
f 283/283/283 286/286/286 284/284/284
f 276/276/276 280/280/280 210/210/210
f 275/275/275 1005/1005/1005 286/286/286
f 285/285/285 290/290/290 287/287/287
f 70/70/70 227/227/227 229/229/229
f 285/285/285 284/284/284 289/289/289
f 158/158/158 299/299/299 291/291/291
f 267/267/267 120/120/120 291/291/291
f 289/289/289 1006/1006/1006 109/109/109
f 291/291/291 299/299/299 116/116/116
f 265/265/265 287/287/287 111/111/111
f 220/220/220 106/106/106 292/292/292
f 293/293/293 138/138/138 139/139/139
f 287/287/287 290/290/290 109/109/109
f 267/267/267 104/104/104 221/221/221
f 111/111/111 110/110/110 121/121/121
f 106/106/106 105/105/105 295/295/295
f 296/296/296 288/288/288 287/287/287
f 109/109/109 1006/1006/1006 297/297/297
f 299/299/299 40/40/40 42/42/42
f 298/298/298 303/303/303 300/300/300
f 123/123/123 122/122/122 301/301/301
f 298/298/298 297/297/297 302/302/302
f 115/115/115 301/301/301 304/304/304
f 116/116/116 115/115/115 295/295/295
f 292/292/292 295/295/295 304/304/304
f 35/35/35 252/252/252 254/254/254
f 114/114/114 113/113/113 78/78/78
f 279/279/279 29/29/29 68/68/68
f 129/129/129 187/187/187 229/229/229
f 71/71/71 74/74/74 108/108/108
f 175/175/175 279/279/279 278/278/278
f 74/74/74 204/204/204 169/169/169
f 305/305/305 201/201/201 202/202/202
f 142/142/142 293/293/293 294/294/294
f 128/128/128 140/140/140 7/7/7
f 148/148/148 133/133/133 145/145/145
f 248/248/248 250/250/250 307/307/307
f 146/146/146 23/23/23 53/53/53
f 127/127/127 49/49/49 51/51/51
f 240/240/240 91/91/91 261/261/261
f 248/248/248 258/258/258 78/78/78
f 309/309/309 244/244/244 310/310/310
f 125/125/125 174/174/174 272/272/272
f 206/206/206 261/261/261 262/262/262
f 160/160/160 159/159/159 184/184/184
f 210/210/210 280/280/280 288/288/288
f 283/283/283 285/285/285 288/288/288
f 158/158/158 211/211/211 40/40/40
f 161/161/161 206/206/206 64/64/64
f 41/41/41 121/121/121 123/123/123
f 229/229/229 228/228/228 238/238/238
f 77/77/77 249/249/249 247/247/247
f 155/155/155 43/43/43 45/45/45
f 126/126/126 181/181/181 8/8/8
f 34/34/34 253/253/253 310/310/310
f 175/175/175 30/30/30 29/29/29
f 312/312/312 80/80/80 82/82/82
f 222/222/222 223/223/223 189/189/189
f 60/60/60 191/191/191 217/217/217
f 162/162/162 217/217/217 222/222/222
f 310/310/310 253/253/253 255/255/255
f 313/313/313 195/195/195 194/194/194
f 315/315/315 192/192/192 194/194/194
f 26/26/26 31/31/31 33/33/33
f 306/306/306 202/202/202 1/1/1
f 16/16/16 18/18/18 1/1/1
f 318/318/318 818/818/818 4/4/4
f 4/4/4 818/818/818 319/319/319
f 320/320/320 485/485/485 321/321/321
f 327/327/327 475/475/475 328/328/328
f 333/333/333 427/427/427 334/334/334
f 317/317/317 338/338/338 336/336/336
f 340/340/340 384/384/384 341/341/341
f 343/343/343 437/437/437 344/344/344
f 346/346/346 442/442/442 347/347/347
f 331/331/331 330/330/330 349/349/349
f 355/355/355 410/410/410 356/356/356
f 358/358/358 376/376/376 359/359/359
f 361/361/361 458/458/458 362/362/362
f 330/330/330 396/396/396 360/360/360
f 364/364/364 355/355/355 365/365/365
f 367/367/367 343/343/343 345/345/345
f 369/369/369 399/399/399 370/370/370
f 372/372/372 436/436/436 373/373/373
f 347/347/347 447/447/447 375/375/375
f 377/377/377 392/392/392 378/378/378
f 380/380/380 423/423/423 381/381/381
f 383/383/383 470/470/470 384/384/384
f 386/386/386 453/453/453 387/387/387
f 389/389/389 385/385/385 384/384/384
f 365/365/365 355/355/355 357/357/357
f 391/391/391 451/451/451 378/378/378
f 393/393/393 371/371/371 394/394/394
f 398/398/398 459/459/459 399/399/399
f 400/400/400 444/444/444 401/401/401
f 349/349/349 360/360/360 359/359/359
f 403/403/403 385/385/385 389/389/389
f 405/405/405 426/426/426 406/406/406
f 408/408/408 417/417/417 409/409/409
f 364/364/364 388/388/388 410/410/410
f 379/379/379 462/462/462 411/411/411
f 415/415/415 471/471/471 416/416/416
f 421/421/421 477/477/477 422/422/422
f 423/423/423 404/404/404 414/414/414
f 323/323/323 351/351/351 431/431/431
f 321/321/321 928/928/928 432/432/432
f 323/323/323 325/325/325 352/352/352
f 426/426/426 395/395/395 372/372/372
f 337/337/337 431/431/431 433/433/433
f 373/373/373 358/358/358 360/360/360
f 402/402/402 461/461/461 435/435/435
f 395/395/395 394/394/394 436/436/436
f 374/374/374 373/373/373 396/396/396
f 394/394/394 371/371/371 370/370/370
f 401/401/401 444/444/444 437/437/437
f 411/411/411 366/366/366 382/382/382
f 357/357/357 356/356/356 439/439/439
f 346/346/346 370/370/370 441/441/441
f 365/365/365 390/390/390 403/403/403
f 443/443/443 445/445/445 437/437/437
f 375/375/375 377/377/377 445/445/445
f 446/446/446 391/391/391 392/392/392
f 448/448/448 1007/1007/1007 449/449/449
f 451/451/451 464/464/464 452/452/452
f 449/449/449 1007/1007/1007 454/454/454
f 432/432/432 928/928/928 456/456/456
f 457/457/457 456/456/456 458/458/458
f 459/459/459 448/448/448 450/450/450
f 348/348/348 347/347/347 376/376/376
f 394/394/394 346/346/346 348/348/348
f 450/450/450 449/449/449 446/446/446
f 402/402/402 401/401/401 460/460/460
f 442/442/442 441/441/441 446/446/446
f 400/400/400 359/359/359 443/443/443
f 438/438/438 481/481/481 345/345/345
f 449/449/449 455/455/455 391/391/391
f 350/350/350 349/349/349 400/400/400
f 364/364/364 366/366/366 411/411/411
f 455/455/455 464/464/464 451/451/451
f 445/445/445 412/412/412 344/344/344
f 447/447/447 392/392/392 377/377/377
f 378/378/378 451/451/451 453/453/453
f 412/412/412 411/411/411 438/438/438
f 463/463/463 468/468/468 452/452/452
f 379/379/379 378/378/378 386/386/386
f 462/462/462 386/386/386 388/388/388
f 453/453/453 452/452/452 408/408/408
f 381/381/381 423/423/423 424/424/424
f 345/345/345 481/481/481 466/466/466
f 388/388/388 387/387/387 409/409/409
f 366/366/366 365/365/365 380/380/380
f 467/467/467 415/415/415 417/417/417
f 468/468/468 467/467/467 408/408/408
f 417/417/417 416/416/416 469/469/469
f 410/410/410 409/409/409 469/469/469
f 440/440/440 420/420/420 470/470/470
f 423/423/423 380/380/380 403/403/403
f 471/471/471 1008/1008/1008 472/472/472
f 403/403/403 390/390/390 383/383/383
f 356/356/356 469/469/469 473/473/473
f 425/425/425 393/393/393 395/395/395
f 469/469/469 416/416/416 472/472/472
f 473/473/473 421/421/421 418/418/418
f 439/439/439 418/418/418 420/420/420
f 413/413/413 389/389/389 340/340/340
f 473/473/473 472/472/472 327/327/327
f 472/472/472 1008/1008/1008 475/475/475
f 390/390/390 357/357/357 440/440/440
f 474/474/474 340/340/340 342/342/342
f 421/421/421 327/327/327 329/329/329
f 420/420/420 419/419/419 478/478/478
f 470/470/470 478/478/478 341/341/341
f 479/479/479 429/429/429 334/334/334
f 399/399/399 450/450/450 441/441/441
f 436/436/436 348/348/348 358/358/358
f 401/401/401 343/343/343 367/367/367
f 481/481/481 381/381/381 465/465/465
f 485/485/485 320/320/320 486/486/486
f 375/375/375 443/443/443 359/359/359
f 412/412/412 445/445/445 377/377/377
f 381/381/381 481/481/481 438/438/438
f 350/350/350 435/435/435 489/489/489
f 454/454/454 463/463/463 464/464/464
f 338/338/338 337/337/337 434/434/434
f 339/339/339 338/338/338 317/317/317
f 339/339/339 488/488/488 323/323/323
f 487/487/487 486/486/486 201/201/201
f 486/486/486 326/326/326 316/316/316
f 351/351/351 353/353/353 491/491/491
f 431/431/431 491/491/491 492/492/492
f 493/493/493 363/363/363 494/494/494
f 495/495/495 504/504/504 502/502/502
f 397/397/397 501/501/501 506/506/506
f 406/406/406 372/372/372 374/374/374
f 505/505/505 499/499/499 502/502/502
f 511/511/511 507/507/507 501/501/501
f 512/512/512 528/528/528 513/513/513
f 497/497/497 532/532/532 515/515/515
f 517/517/517 535/535/535 518/518/518
f 520/520/520 1000/1000/1000 521/521/521
f 518/518/518 512/512/512 514/514/514
f 520/520/520 522/522/522 524/524/524
f 527/527/527 1000/1000/1000 520/520/520
f 515/515/515 532/532/532 529/529/529
f 531/531/531 527/527/527 528/528/528
f 510/510/510 533/533/533 529/529/529
f 528/528/528 520/520/520 525/525/525
f 533/533/533 517/517/517 519/519/519
f 530/530/530 529/529/529 519/519/519
f 535/535/535 531/531/531 512/512/512
f 534/534/534 519/519/519 518/518/518
f 537/537/537 685/685/685 538/538/538
f 543/543/543 660/660/660 544/544/544
f 557/557/557 675/675/675 558/558/558
f 563/563/563 697/697/697 564/564/564
f 569/569/569 759/759/759 570/570/570
f 572/572/572 767/767/767 573/573/573
f 575/575/575 644/644/644 576/576/576
f 578/578/578 45/45/45 44/44/44
f 580/580/580 596/596/596 581/581/581
f 585/585/585 662/662/662 559/559/559
f 565/565/565 564/564/564 600/600/600
f 602/602/602 743/743/743 603/603/603
f 607/607/607 734/734/734 608/608/608
f 620/620/620 751/751/751 621/621/621
f 615/615/615 614/614/614 632/632/632
f 601/601/601 686/686/686 634/634/634
f 635/635/635 738/738/738 636/636/636
f 107/107/107 693/693/693 603/603/603
f 638/638/638 798/798/798 639/639/639
f 641/641/641 754/754/754 642/642/642
f 644/644/644 797/797/797 645/645/645
f 601/601/601 600/600/600 650/650/650
f 572/572/572 574/574/574 654/654/654
f 639/639/639 652/652/652 673/673/673
f 681/681/681 620/620/620 622/622/622
f 580/580/580 654/654/654 683/683/683
f 154/154/154 156/156/156 684/684/684
f 686/686/686 601/601/601 651/651/651
f 602/602/602 709/709/709 688/688/688
f 614/614/614 631/631/631 690/690/690
f 590/590/590 760/760/760 691/691/691
f 680/680/680 753/753/753 641/641/641
f 166/166/166 735/735/735 692/692/692
f 168/168/168 763/763/763 693/693/693
f 694/694/694 633/633/633 619/619/619
f 654/654/654 698/698/698 695/695/695
f 696/696/696 775/775/775 697/697/697
f 176/176/176 661/661/661 699/699/699
f 708/708/708 725/725/725 592/592/592
f 688/688/688 705/705/705 659/659/659
f 604/604/604 608/608/608 709/709/709
f 721/721/721 678/678/678 665/665/665
f 723/723/723 809/809/809 552/552/552
f 553/553/553 539/539/539 538/538/538
f 548/548/548 615/615/615 633/633/633
f 727/727/727 690/690/690 728/728/728
f 537/537/537 207/207/207 154/154/154
f 594/594/594 815/815/815 730/730/730
f 687/687/687 768/768/768 731/731/731
f 566/566/566 733/733/733 212/212/212
f 562/562/562 566/566/566 213/213/213
f 732/732/732 694/694/694 587/587/587
f 733/733/733 763/763/763 168/168/168
f 624/624/624 630/630/630 620/620/620
f 734/734/734 692/692/692 735/735/735
f 736/736/736 219/219/219 218/218/218
f 685/685/685 684/684/684 560/560/560
f 635/635/635 801/801/801 737/737/737
f 739/739/739 579/579/579 44/44/44
f 617/617/617 628/628/628 627/627/627
f 587/587/587 619/619/619 618/618/618
f 740/740/740 772/772/772 741/741/741
f 615/615/615 548/548/548 547/547/547
f 743/743/743 793/793/793 228/228/228
f 581/581/581 598/598/598 745/745/745
f 747/747/747 233/233/233 232/232/232
f 713/713/713 218/218/218 167/167/167
f 726/726/726 708/708/708 734/734/734
f 708/708/708 713/713/713 692/692/692
f 608/608/608 735/735/735 747/747/747
f 735/735/735 166/166/166 233/233/233
f 234/234/234 603/603/603 743/743/743
f 748/748/748 740/740/740 742/742/742
f 750/750/750 658/658/658 139/139/139
f 706/706/706 752/752/752 703/703/703
f 630/630/630 766/766/766 751/751/751
f 752/752/752 242/242/242 241/241/241
f 659/659/659 705/705/705 703/703/703
f 662/662/662 816/816/816 605/605/605
f 753/753/753 765/765/765 754/754/754
f 609/609/609 756/756/756 245/245/245
f 643/643/643 642/642/642 755/755/755
f 756/756/756 755/755/755 250/250/250
f 670/670/670 661/661/661 176/176/176
f 699/699/699 661/661/661 660/660/660
f 757/757/757 570/570/570 252/252/252
f 758/758/758 255/255/255 254/254/254
f 736/736/736 739/739/739 256/256/256
f 711/711/711 710/710/710 691/691/691
f 632/632/632 617/617/617 619/619/619
f 762/762/762 757/757/757 259/259/259
f 568/568/568 730/730/730 733/733/733
f 597/597/597 683/683/683 764/764/764
f 232/232/232 242/242/242 752/752/752
f 729/729/729 776/776/776 621/621/621
f 595/595/595 551/551/551 550/550/550
f 241/241/241 263/263/263 753/753/753
f 263/263/263 309/309/309 765/765/765
f 628/628/628 617/617/617 727/727/727
f 581/581/581 746/746/746 767/767/767
f 629/629/629 628/628/628 766/766/766
f 695/695/695 698/698/698 697/697/697
f 622/622/622 740/740/740 748/748/748
f 752/752/752 680/680/680 655/655/655
f 687/687/687 575/575/575 577/577/577
f 769/769/769 787/787/787 650/650/650
f 621/621/621 772/772/772 740/740/740
f 574/574/574 696/696/696 698/698/698
f 683/683/683 695/695/695 770/770/770
f 771/771/771 773/773/773 741/741/741
f 770/770/770 777/777/777 773/773/773
f 774/774/774 1009/1009/1009 775/775/775
f 776/776/776 764/764/764 770/770/770
f 563/563/563 565/565/565 634/634/634
f 749/749/749 742/742/742 778/778/778
f 773/773/773 781/781/781 780/780/780
f 777/777/777 634/634/634 781/781/781
f 621/621/621 776/776/776 771/771/771
f 770/770/770 695/695/695 563/563/563
f 781/781/781 634/634/634 686/686/686
f 782/782/782 786/786/786 769/769/769
f 778/778/778 780/780/780 784/784/784
f 617/617/617 632/632/632 690/690/690
f 742/742/742 741/741/741 780/780/780
f 786/786/786 1010/1010/1010 787/787/787
f 785/785/785 790/790/790 788/788/788
f 780/780/780 781/781/781 731/731/731
f 778/778/778 785/785/785 789/789/789
f 790/790/790 803/803/803 791/791/791
f 793/793/793 743/743/743 602/602/602
f 790/790/790 792/792/792 794/794/794
f 651/651/651 650/650/650 637/637/637
f 787/787/787 635/635/635 637/637/637
f 794/794/794 792/792/792 638/638/638
f 637/637/637 636/636/636 797/797/797
f 577/577/577 576/576/576 798/798/798
f 737/737/737 647/647/647 799/799/799
f 800/800/800 294/294/294 139/139/139
f 791/791/791 798/798/798 638/638/638
f 787/787/787 1010/1010/1010 801/801/801
f 798/798/798 576/576/576 652/652/652
f 738/738/738 799/799/799 802/802/802
f 768/768/768 577/577/577 791/791/791
f 638/638/638 640/640/640 804/804/804
f 795/795/795 797/797/797 644/644/644
f 640/640/640 639/639/639 674/674/674
f 646/646/646 645/645/645 806/806/806
f 640/640/640 805/805/805 807/807/807
f 645/645/645 802/802/802 808/808/808
f 797/797/797 636/636/636 802/802/802
f 799/799/799 649/649/649 808/808/808
f 570/570/570 759/759/759 254/254/254
f 754/754/754 569/569/569 571/571/571
f 783/783/783 769/769/769 600/600/600
f 659/659/659 750/750/750 793/793/793
f 604/604/604 603/603/603 693/693/693
f 775/775/775 1009/1009/1009 782/782/782
f 607/607/607 693/693/693 763/763/763
f 305/305/305 306/306/306 809/809/809
f 671/671/671 149/149/149 294/294/294
f 657/657/657 545/545/545 544/544/544
f 679/679/679 677/677/677 676/676/676
f 755/755/755 762/762/762 307/307/307
f 677/677/677 586/586/586 559/559/559
f 656/656/656 643/643/643 583/583/583
f 766/766/766 727/727/727 729/729/729
f 755/755/755 642/642/642 571/571/571
f 309/309/309 311/311/311 810/810/810
f 574/574/574 573/573/573 774/774/774
f 728/728/728 764/764/764 776/776/776
f 709/709/709 747/747/747 706/706/706
f 731/731/731 768/768/768 803/803/803
f 785/785/785 784/784/784 803/803/803
f 651/651/651 795/795/795 575/575/575
f 690/690/690 631/631/631 597/597/597
f 576/576/576 644/644/644 646/646/646
f 793/793/793 750/750/750 238/238/238
f 609/609/609 583/583/583 643/643/643
f 684/684/684 156/156/156 45/45/45
f 655/655/655 702/702/702 543/543/543
f 569/569/569 765/765/765 810/810/810
f 775/775/775 783/783/783 564/564/564
f 811/811/811 707/707/707 612/612/612
f 739/739/739 710/710/710 712/712/712
f 591/591/591 691/691/691 736/736/736
f 691/691/691 710/710/710 739/739/739
f 810/810/810 311/311/311 255/255/255
f 812/812/812 817/817/817 715/715/715
f 715/715/715 714/714/714 813/813/813
f 567/567/567 566/566/566 562/562/562
f 306/306/306 207/207/207 537/537/537
f 537/537/537 539/539/539 552/552/552
f 318/318/318 814/814/814 540/540/540
f 540/540/540 562/562/562 319/319/319
f 321/321/321 485/485/485 819/819/819
f 825/825/825 967/967/967 826/826/826
f 831/831/831 922/922/922 832/832/832
f 814/814/814 318/318/318 336/336/336
f 837/837/837 966/966/966 838/838/838
f 840/840/840 865/865/865 841/841/841
f 843/843/843 948/948/948 844/844/844
f 846/846/846 828/828/828 830/830/830
f 852/852/852 886/886/886 853/853/853
f 855/855/855 859/859/859 856/856/856
f 858/858/858 981/981/981 362/362/362
f 828/828/828 846/846/846 859/859/859
f 861/861/861 852/852/852 862/862/862
f 864/864/864 1011/1011/1011 865/865/865
f 866/866/866 891/891/891 867/867/867
f 869/869/869 932/932/932 870/870/870
f 872/872/872 953/953/953 844/844/844
f 873/873/873 906/906/906 874/874/874
f 876/876/876 933/933/933 877/877/877
f 879/879/879 885/885/885 839/839/839
f 881/881/881 905/905/905 882/882/882
f 884/884/884 837/837/837 839/839/839
f 861/861/861 936/936/936 886/886/886
f 887/887/887 875/875/875 874/874/874
f 889/889/889 929/929/929 890/890/890
f 893/893/893 866/866/866 868/868/868
f 895/895/895 931/931/931 896/896/896
f 846/846/846 895/895/895 856/856/856
f 898/898/898 909/909/909 884/884/884
f 899/899/899 991/991/991 900/900/900
f 902/902/902 882/882/882 903/903/903
f 862/862/862 852/852/852 854/854/854
f 906/906/906 952/952/952 907/907/907
f 912/912/912 904/904/904 913/913/913
f 918/918/918 915/915/915 919/919/919
f 878/878/878 956/956/956 910/910/910
f 821/821/821 835/835/835 926/926/926
f 321/321/321 820/820/820 927/927/927
f 821/821/821 848/848/848 850/850/850
f 901/901/901 900/900/900 869/869/869
f 835/835/835 434/434/434 433/433/433
f 870/870/870 860/860/860 859/859/859
f 930/930/930 1012/1012/1012 931/931/931
f 929/929/929 869/869/869 871/871/871
f 932/932/932 892/892/892 860/860/860
f 890/890/890 843/843/843 867/867/867
f 896/896/896 840/840/840 842/842/842
f 907/907/907 950/950/950 933/933/933
f 886/886/886 961/961/961 934/934/934
f 843/843/843 845/845/845 935/935/935
f 861/861/861 876/876/876 898/898/898
f 937/937/937 897/897/897 842/842/842
f 872/872/872 937/937/937 938/938/938
f 939/939/939 953/953/953 875/875/875
f 940/940/940 947/947/947 941/941/941
f 888/888/888 883/883/883 943/943/943
f 941/941/941 951/951/951 945/945/945
f 927/927/927 946/946/946 456/456/456
f 946/946/946 858/858/858 458/458/458
f 894/894/894 868/868/868 947/947/947
f 948/948/948 855/855/855 857/857/857
f 890/890/890 871/871/871 948/948/948
f 947/947/947 935/935/935 939/939/939
f 931/931/931 1012/1012/1012 949/949/949
f 845/845/845 953/953/953 939/939/939
f 895/895/895 897/897/897 937/937/937
f 865/865/865 958/958/958 950/950/950
f 941/941/941 939/939/939 887/887/887
f 847/847/847 931/931/931 895/895/895
f 907/907/907 863/863/863 862/862/862
f 951/951/951 887/887/887 888/888/888
f 938/938/938 842/842/842 841/841/841
f 953/953/953 872/872/872 873/873/873
f 874/874/874 881/881/881 883/883/883
f 952/952/952 841/841/841 950/950/950
f 954/954/954 944/944/944 943/943/943
f 906/906/906 908/908/908 881/881/881
f 908/908/908 862/862/862 905/905/905
f 883/883/883 882/882/882 902/902/902
f 877/877/877 970/970/970 956/956/956
f 865/865/865 1011/1011/1011 957/957/957
f 905/905/905 854/854/854 903/903/903
f 863/863/863 933/933/933 876/876/876
f 959/959/959 902/902/902 904/904/904
f 955/955/955 943/943/943 902/902/902
f 904/904/904 903/903/903 960/960/960
f 854/854/854 853/853/853 960/960/960
f 961/961/961 879/879/879 880/880/880
f 878/878/878 909/909/909 898/898/898
f 914/914/914 913/913/913 962/962/962
f 898/898/898 885/885/885 879/879/879
f 853/853/853 934/934/934 964/964/964
f 921/921/921 901/901/901 929/929/929
f 960/960/960 964/964/964 962/962/962
f 964/964/964 934/934/934 915/915/915
f 934/934/934 961/961/961 916/916/916
f 911/911/911 965/965/965 837/837/837
f 964/964/964 918/918/918 825/825/825
f 962/962/962 825/825/825 827/827/827
f 936/936/936 879/879/879 961/961/961
f 965/965/965 1013/1013/1013 966/966/966
f 918/918/918 920/920/920 967/967/967
f 916/916/916 880/880/880 968/968/968
f 880/880/880 839/839/839 838/838/838
f 969/969/969 974/974/974 831/831/831
f 868/868/868 867/867/867 935/935/935
f 871/871/871 870/870/870 855/855/855
f 896/896/896 949/949/949 864/864/864
f 958/958/958 957/957/957 970/970/970
f 485/485/485 487/487/487 975/975/975
f 856/856/856 937/937/937 872/872/872
f 952/952/952 906/906/906 873/873/873
f 877/877/877 933/933/933 950/950/950
f 977/977/977 930/930/930 847/847/847
f 945/945/945 951/951/951 944/944/944
f 434/434/434 835/835/835 834/834/834
f 836/836/836 541/541/541 814/814/814
f 836/836/836 835/835/835 821/821/821
f 487/487/487 305/305/305 723/723/723
f 975/975/975 723/723/723 724/724/724
f 848/848/848 926/926/926 979/979/979
f 926/926/926 433/433/433 492/492/492
f 980/980/980 495/495/495 494/494/494
f 495/495/495 980/980/980 987/987/987
f 990/990/990 986/986/986 892/892/892
f 900/900/900 990/990/990 932/932/932
f 987/987/987 985/985/985 989/989/989
f 986/986/986 992/992/992 994/994/994
f 995/995/995 514/514/514 513/513/513
f 983/983/983 516/516/516 515/515/515
f 517/517/517 1003/1003/1003 998/998/998
f 999/999/999 1001/1001/1001 521/521/521
f 998/998/998 523/523/523 514/514/514
f 999/999/999 525/525/525 524/524/524
f 999/999/999 1000/1000/1000 527/527/527
f 515/515/515 530/530/530 1002/1002/1002
f 531/531/531 995/995/995 996/996/996
f 510/510/510 997/997/997 1002/1002/1002
f 996/996/996 513/513/513 525/525/525
f 533/533/533 1002/1002/1002 1003/1003/1003
f 530/530/530 534/534/534 1003/1003/1003
f 535/535/535 998/998/998 995/995/995
f 534/534/534 523/523/523 998/998/998
